year,site,rep,distance,species,height_cm,Notes,next_tallest,standtype,hillslope
2019,2,5,23,Acmispon glaber,43,,,Matrix,ENH2
2024,2,15,21,Acmispon glaber,80,,,,
2019,INT2,1,13,Apiastrum angustifolium,25,,,Intact,INT2
2019,1,2,8,Artemisia californica,121,,,Degraded,DEG1
2019,1,2,9,Artemisia californica,123,,,Degraded,DEG1
2019,1,3,14,Artemisia californica,120,,,Degraded,DEG1
2019,1,3,15,Artemisia californica,129,,,Degraded,DEG1
2019,1,4,29,Artemisia californica,150,,,Matrix,ENH1
2019,1,6,25,Artemisia californica,87,,,Matrix,ENH1
2019,2,4,13,Artemisia californica,70,,,Matrix,ENH2
2019,INT2,1,28,Artemisia californica,131,,,Intact,INT2
2019,INT2,1,32,Artemisia californica,125,,,Intact,INT2
2019,INT2,1,33,Artemisia californica,146,,,Intact,INT2
2019,INT2,1,34,Artemisia californica,188,,,Intact,INT2
2019,INT2,1,40,Artemisia californica,53,,,Intact,INT2
2019,INT3,1,6,Artemisia californica,80,,,Intact,INT3
2024,2,12,11,Artemisia californica,80,,,degraded,DEG2
2024,2,12,12,Artemisia californica,70,,,degraded,DEG2
2024,2,12,13,Artemisia californica,110,,,degraded,DEG2
2024,2,12,14,Artemisia californica,130,,,degraded,DEG2
2024,2,12,15,Artemisia californica,130,,,degraded,DEG2
2024,2,12,16,Artemisia californica,120,,,degraded,DEG2
2024,2,12,17,Artemisia californica,90,,,degraded,DEG2
2024,2,13,5,Artemisia californica,80,,,degraded,DEG2
2024,2,13,6,Artemisia californica,80,,,degraded,DEG2
2024,2,13,7,Artemisia californica,90,,,degraded,DEG2
2024,2,18,4,Artemisia californica,83,,,,
2024,2,18,4.5,Artemisia californica,169,,,,
2024,2,18,5,Artemisia californica,127,,,,
2024,2,18,5.5,Artemisia californica,133,,,,
2024,2,18,6,Artemisia californica,131,,,,
2024,2,18,7,Artemisia californica,158,,,,
2024,2,18,7.5,Artemisia californica,130,,,,
2024,2,18,8,Artemisia californica,146,,,,
2024,2,18,8.5,Artemisia californica,123,,,,
2024,2,18,9,Artemisia californica,117,,,,
2024,2,18,9.5,Artemisia californica,115,,,,
2024,2,16,4,Artemisia californica,118,,,,
2024,2,16,5,Artemisia californica,140,,,,
2024,2,16,6,Artemisia californica,140,,,,
2024,2,16,18,Artemisia californica,143,,,,
2024,2,16,19,Artemisia californica,150,,,,
2024,2,16,21,Artemisia californica,123,,,,
2024,2,16,35,Artemisia californica,121,,,,
2024,2,16,36,Artemisia californica,165,,,,
2024,2,16,39,Artemisia californica,125,,,,
2024,2,16,40,Artemisia californica,105,,,,
2024,2,16,41,Artemisia californica,140,,,,
2024,2,17,6,Artemisia californica,100,,,,
2024,2,17,7,Artemisia californica,130,,,,
2024,2,17,8,Artemisia californica,127,,,,
2024,2,17,12,Artemisia californica,130,,,,
2024,2,17,13,Artemisia californica,130,,,,
2024,2,17,14,Artemisia californica,100,,,,
2024,2,17,15,Artemisia californica,75,,,,
2024,2,17,16,Artemisia californica,95,,,,
2024,2,17,17,Artemisia californica,153,,,,
2024,2,17,18,Artemisia californica,160,,,,
2024,2,17,19,Artemisia californica,170,,,,
2024,2,17,20,Artemisia californica,127,,,,
2024,2,17,25,Artemisia californica,100,,,,
2024,2,17,28,Artemisia californica,30,,,,
2024,2,17,29,Artemisia californica,76,,,,
2024,2,17,30,Artemisia californica,40,,,,
2024,2,17,31,Artemisia californica,122,,,,
2024,2,17,32,Artemisia californica,130,,,,
2024,2,17,33,Artemisia californica,130,,,,
2024,2,17,34,Artemisia californica,130,,,,
2024,2,17,35,Artemisia californica,113,,,,
2024,2,17,36,Artemisia californica,148,,,,
2024,2,17,37,Artemisia californica,140,,,,
2024,2,17,38,Artemisia californica,173,,,,
2024,2,17,39,Artemisia californica,160,,,,
2024,2,17,40,Artemisia californica,162,,,,
2024,2,17,41,Artemisia californica,172,,,,
2024,1,7,1,Artemisia californica,88,,,,
2024,1,7,2,Artemisia californica,60,,,,
2024,1,7,34,Artemisia californica,132,,,,
2024,1,8,8,Artemisia californica,46,,,,
2024,1,10,18,Artemisia californica,100,,,,
2024,1,10,19,Artemisia californica,100,,,,
2024,1,8,1,Astragalus trichopodus,25,,,,
2019,1,1,3,AVBA,70,,,Degraded,DEG1
2019,1,1,4,AVBA,62,,,Degraded,DEG1
2019,1,1,5,AVBA,68,,,Degraded,DEG1
2019,1,1,6,AVBA,100,,,Degraded,DEG1
2019,1,1,7,AVBA,124,,,Degraded,DEG1
2019,1,1,8,AVBA,70,,,Degraded,DEG1
2019,1,1,9,AVBA,121,,,Degraded,DEG1
2019,1,1,10,AVBA,153,,,Degraded,DEG1
2019,1,1,11,AVBA,108,,,Degraded,DEG1
2019,1,1,14,AVBA,97,,,Degraded,DEG1
2019,1,1,24,AVBA,90,,,Degraded,DEG1
2019,1,1,28,AVBA,125,,,Degraded,DEG1
2019,1,1,32,AVBA,106,,,Degraded,DEG1
2019,1,1,33,AVBA,102,,,Degraded,DEG1
2019,1,1,39,AVBA,80,,,Degraded,DEG1
2019,1,1,40,AVBA,81,,,Degraded,DEG1
2019,1,2,3,AVBA,80,,,Degraded,DEG1
2019,1,2,5,AVBA,82,,,Degraded,DEG1
2019,1,2,6,AVBA,41,,,Degraded,DEG1
2019,1,2,10,AVBA,76,,,Degraded,DEG1
2019,1,2,11,AVBA,62,,,Degraded,DEG1
2019,1,2,13,AVBA,116,,,Degraded,DEG1
2019,1,2,18,AVBA,80,,,Degraded,DEG1
2019,1,2,19,AVBA,99,,,Degraded,DEG1
2019,1,2,23,AVBA,74,,,Degraded,DEG1
2019,1,2,24,AVBA,70,,,Degraded,DEG1
2019,1,2,28,AVBA,79,,,Degraded,DEG1
2019,1,2,29,AVBA,100,,,Degraded,DEG1
2019,1,2,30,AVBA,101,,,Degraded,DEG1
2019,1,2,32,AVBA,120,,,Degraded,DEG1
2019,1,2,33,AVBA,93,,,Degraded,DEG1
2019,1,2,39,AVBA,99,,,Degraded,DEG1
2019,1,2,41,AVBA,54,,,Degraded,DEG1
2019,1,3,2,AVBA,84,,,Degraded,DEG1
2019,1,3,3,AVBA,100,,,Degraded,DEG1
2019,1,3,4,AVBA,90,,,Degraded,DEG1
2019,1,3,5,AVBA,88,,,Degraded,DEG1
2019,1,3,6,AVBA,109,,,Degraded,DEG1
2019,1,3,7,AVBA,92,,,Degraded,DEG1
2019,1,3,8,AVBA,102,,,Degraded,DEG1
2019,1,3,9,AVBA,79,,,Degraded,DEG1
2019,1,3,10,AVBA,90,,,Degraded,DEG1
2019,1,3,12,AVBA,90,,,Degraded,DEG1
2019,1,3,18,AVBA,88,,,Degraded,DEG1
2019,1,3,19,AVBA,76,,,Degraded,DEG1
2019,1,3,20,AVBA,85,,,Degraded,DEG1
2019,1,3,22,AVBA,102,,,Degraded,DEG1
2019,1,3,23,AVBA,75,,,Degraded,DEG1
2019,1,3,24,AVBA,80,,,Degraded,DEG1
2019,1,3,25,AVBA,100,,,Degraded,DEG1
2019,1,3,29,AVBA,98,,,Degraded,DEG1
2019,1,3,30,AVBA,102,,,Degraded,DEG1
2019,1,3,31,AVBA,108,,,Degraded,DEG1
2019,1,3,33,AVBA,70,,,Degraded,DEG1
2019,1,3,34,AVBA,79,,,Degraded,DEG1
2019,1,3,35,AVBA,78,,,Degraded,DEG1
2019,1,3,37,AVBA,77,,,Degraded,DEG1
2019,1,3,38,AVBA,70,,,Degraded,DEG1
2019,1,3,39,AVBA,68,,,Degraded,DEG1
2019,2,1,4,AVBA,41,,,Degraded,DEG2
2019,2,1,7,AVBA,89,,,Degraded,DEG2
2019,2,1,8,AVBA,55,,,Degraded,DEG2
2019,2,1,10,AVBA,13,,,Degraded,DEG2
2019,2,1,11,AVBA,101,,,Degraded,DEG2
2019,2,1,12,AVBA,98,,,Degraded,DEG2
2019,2,1,15,AVBA,121,,,Degraded,DEG2
2019,2,1,16,AVBA,87,,,Degraded,DEG2
2019,2,1,17,AVBA,92,,,Degraded,DEG2
2019,2,1,18,AVBA,111,,,Degraded,DEG2
2019,2,1,19,AVBA,115,,,Degraded,DEG2
2019,2,1,20,AVBA,47,,,Degraded,DEG2
2019,2,1,25,AVBA,81,,,Degraded,DEG2
2019,2,1,26,AVBA,115,,,Degraded,DEG2
2019,2,1,28,AVBA,126,,,Degraded,DEG2
2019,2,1,31,AVBA,108,,,Degraded,DEG2
2019,2,1,32,AVBA,106,,,Degraded,DEG2
2019,2,1,33,AVBA,111,,,Degraded,DEG2
2019,2,1,34,AVBA,129,,,Degraded,DEG2
2019,2,1,35,AVBA,88,,,Degraded,DEG2
2019,2,1,36,AVBA,111,,,Degraded,DEG2
2019,2,1,37,AVBA,108,,,Degraded,DEG2
2019,2,1,38,AVBA,113,,,Degraded,DEG2
2019,2,1,39,AVBA,110,,,Degraded,DEG2
2019,2,1,40,AVBA,109,,,Degraded,DEG2
2019,2,1,41,AVBA,106,,,Degraded,DEG2
2019,2,2,13,AVBA,60,,,Degraded,DEG2
2019,2,2,15,AVBA,140,,,Degraded,DEG2
2019,2,2,16,AVBA,117,,,Degraded,DEG2
2019,2,2,17,AVBA,110,,,Degraded,DEG2
2019,2,2,18,AVBA,114,,,Degraded,DEG2
2019,2,2,19,AVBA,95,,,Degraded,DEG2
2019,2,2,20,AVBA,90,,,Degraded,DEG2
2019,2,2,21,AVBA,153,,,Degraded,DEG2
2019,2,2,22,AVBA,30,,,Degraded,DEG2
2019,2,2,23,AVBA,65,,,Degraded,DEG2
2019,2,2,24,AVBA,158,,,Degraded,DEG2
2019,2,2,25,AVBA,150,,,Degraded,DEG2
2019,2,2,27,AVBA,118,,,Degraded,DEG2
2019,2,2,28,AVBA,106,,,Degraded,DEG2
2019,2,2,29,AVBA,97,,,Degraded,DEG2
2019,2,2,30,AVBA,85,,,Degraded,DEG2
2019,2,2,32,AVBA,118,,,Degraded,DEG2
2019,2,2,33,AVBA,117,,,Degraded,DEG2
2019,2,2,34,AVBA,84,,,Degraded,DEG2
2019,2,2,35,AVBA,112,,,Degraded,DEG2
2019,2,2,37,AVBA,78,,,Degraded,DEG2
2019,2,2,38,AVBA,27,,,Degraded,DEG2
2019,2,3,8,AVBA,96,,,Degraded,DEG2
2019,2,3,9,AVBA,121,,,Degraded,DEG2
2019,2,3,10,AVBA,68,,,Degraded,DEG2
2019,2,3,11,AVBA,113,,,Degraded,DEG2
2019,2,3,16,AVBA,138,,,Degraded,DEG2
2019,2,3,17,AVBA,131,,,Degraded,DEG2
2019,2,3,18,AVBA,134,,,Degraded,DEG2
2019,2,3,22,AVBA,92,,,Degraded,DEG2
2019,2,3,23,AVBA,83,,,Degraded,DEG2
2019,2,3,25,AVBA,103,,,Degraded,DEG2
2019,2,3,26,AVBA,137,,,Degraded,DEG2
2019,2,3,29,AVBA,98,,,Degraded,DEG2
2019,2,3,30,AVBA,120,,,Degraded,DEG2
2019,2,3,31,AVBA,122,,,Degraded,DEG2
2019,2,3,34,AVBA,107,,,Degraded,DEG2
2019,2,3,35,AVBA,115,,,Degraded,DEG2
2019,2,3,36,AVBA,124,,,Degraded,DEG2
2019,2,3,37,AVBA,145,,,Degraded,DEG2
2019,2,3,38,AVBA,133,,,Degraded,DEG2
2019,2,3,39,AVBA,125,,,Degraded,DEG2
2019,2,3,40,AVBA,98,,,Degraded,DEG2
2019,2,3,41,AVBA,129,,,Degraded,DEG2
2019,1,4,32,AVBA,32,,,Matrix,ENH1
2019,1,4,33,AVBA,57,,,Matrix,ENH1
2019,1,4,34,avba,71,,,Matrix,ENH1
2019,1,4,41,AVBA,82,,,Matrix,ENH1
2019,2,4,30,AVBA,40,,,Matrix,ENH2
2019,2,4,31,AVBA,51,,,Matrix,ENH2
2019,2,4,33,AVBA,40,,,Matrix,ENH2
2019,2,4,34,AVBA,68,,,Matrix,ENH2
2019,2,4,39,AVBA,42,,,Matrix,ENH2
2019,2,4,41,AVBA,57,,,Matrix,ENH2
2019,2,5,4,AVBA,40,,,Matrix,ENH2
2019,2,5,28,AVBA,41,,,Matrix,ENH2
2019,2,5,29,AVBA,51,,,Matrix,ENH2
2019,2,5,30,AVBA,61,,,Matrix,ENH2
2019,2,5,32,AVBA,73,,,Matrix,ENH2
2019,2,6,4,AVBA,58,,,Matrix,ENH2
2019,2,6,31,AVBA,68,,,Matrix,ENH2
2019,2,6,32,AVBA,78,,,Matrix,ENH2
2019,2,6,33,AVBA,53,,,Matrix,ENH2
2019,2,6,34,AVBA,75,,,Matrix,ENH2
2019,2,6,37,AVBA,58,,,Matrix,ENH2
2019,2,6,39,AVBA,58,,,Matrix,ENH2
2019,2,6,40,AVBA,55,,,Matrix,ENH2
2019,2,6,41,AVBA,41,,,Matrix,ENH2
2019,2,5,6,AVBA dead,32,,Brome spp.,Matrix,ENH2
2019,2,6,3,AVBA dead,29,,BRHO,Matrix,ENH2
2019,2,6,5,AVBA dead,60,,,Matrix,ENH2
2019,2,6,36,AVBA dead,10,,bare_ground,Matrix,ENH2
2019,2,6,38,AVBA dead,41,,nonnative_thatch,Matrix,ENH2
2024,2,7,1,Avena barbata,50,,,degraded,DEG2
2024,2,7,2,Avena barbata,75,,,degraded,DEG2
2024,2,7,3,Avena barbata,95,,,degraded,DEG2
2024,2,7,4,Avena barbata,170,,,degraded,DEG2
2024,2,7,5,Avena barbata,63,,,degraded,DEG2
2024,2,7,9,Avena barbata,136,,,degraded,DEG2
2024,2,7,10,Avena barbata,166,,,degraded,DEG2
2024,2,7,11,Avena barbata,127,,,degraded,DEG2
2024,2,7,12,Avena barbata,149,,,degraded,DEG2
2024,2,7,13,Avena barbata,105,,,degraded,DEG2
2024,2,7,16,Avena barbata,73,,,degraded,DEG2
2024,2,7,18,Avena barbata,82,,,degraded,DEG2
2024,2,7,19,Avena barbata,98,,,degraded,DEG2
2024,2,7,20,Avena barbata,180,,,degraded,DEG2
2024,2,7,21,Avena barbata,132,,,degraded,DEG2
2024,2,7,22,Avena barbata,138,,,degraded,DEG2
2024,2,7,23,Avena barbata,95,,,degraded,DEG2
2024,2,7,24,Avena barbata,80,,,degraded,DEG2
2024,2,7,25,Avena barbata,100,,,degraded,DEG2
2024,2,7,26,Avena barbata,95,,,degraded,DEG2
2024,2,7,27,Avena barbata,115,,,degraded,DEG2
2024,2,7,28,Avena barbata,117,,,degraded,DEG2
2024,2,7,29,Avena barbata,128,,,degraded,DEG2
2024,2,7,30,Avena barbata,115,,,degraded,DEG2
2024,2,7,31,Avena barbata,124,,,degraded,DEG2
2024,2,7,32,Avena barbata,109,,,degraded,DEG2
2024,2,7,33,Avena barbata,104,no max height recorded. S: estimated half way between AVBA heights to either side,,degraded,DEG2
2024,2,7,34,Avena barbata,100,,,degraded,DEG2
2024,2,7,40,Avena barbata,200,,,degraded,DEG2
2024,2,8,5,Avena barbata,130,,,degraded,DEG2
2024,2,8,9,Avena barbata,80,,,degraded,DEG2
2024,2,8,11,Avena barbata,10,,,degraded,DEG2
2024,2,8,12,Avena barbata,110,,,degraded,DEG2
2024,2,8,13,Avena barbata,120,,,degraded,DEG2
2024,2,8,14,Avena barbata,160,,,degraded,DEG2
2024,2,8,15,Avena barbata,150,,,degraded,DEG2
2024,2,8,17,Avena barbata,90,,,degraded,DEG2
2024,2,8,18,Avena barbata,130,,,degraded,DEG2
2024,2,8,20,Avena barbata,100,,,degraded,DEG2
2024,2,8,21,Avena barbata,110,,,degraded,DEG2
2024,2,8,22,Avena barbata,130,,,degraded,DEG2
2024,2,8,23,Avena barbata,140,,,degraded,DEG2
2024,2,8,24,Avena barbata,110,,,degraded,DEG2
2024,2,8,25,Avena barbata,150,,,degraded,DEG2
2024,2,8,27,Avena barbata,150,,,degraded,DEG2
2024,2,8,28,Avena barbata,150,,,degraded,DEG2
2024,2,8,29,Avena barbata,110,,,degraded,DEG2
2024,2,8,30,Avena barbata,160,,,degraded,DEG2
2024,2,8,31,Avena barbata,130,,,degraded,DEG2
2024,2,8,32,Avena barbata,160,,,degraded,DEG2
2024,2,8,33,Avena barbata,100,,,degraded,DEG2
2024,2,8,36,Avena barbata,40,,,degraded,DEG2
2024,2,8,37,Avena barbata,20,,,degraded,DEG2
2024,2,8,38,Avena barbata,100,,,degraded,DEG2
2024,2,8,39,Avena barbata,50,,,degraded,DEG2
2024,2,8,40,Avena barbata,60,,,degraded,DEG2
2024,2,9,1,Avena barbata,105,,,degraded,DEG2
2024,2,9,2,Avena barbata,116,,,degraded,DEG2
2024,2,9,3,Avena barbata,86,,,degraded,DEG2
2024,2,9,4,Avena barbata,60,,,degraded,DEG2
2024,2,9,5,Avena barbata,96,,,degraded,DEG2
2024,2,9,6,Avena barbata,88,,,degraded,DEG2
2024,2,9,7,Avena barbata,96,,,degraded,DEG2
2024,2,9,8,Avena barbata,62,,,degraded,DEG2
2024,2,9,9,Avena barbata,55,,,degraded,DEG2
2024,2,9,10,Avena barbata,44,,,degraded,DEG2
2024,2,9,11,Avena barbata,52,,,degraded,DEG2
2024,2,9,12,Avena barbata,20,,,degraded,DEG2
2024,2,9,14,Avena barbata,97,,,degraded,DEG2
2024,2,9,19,Avena barbata,63,,,degraded,DEG2
2024,2,9,25,Avena barbata,110,,,degraded,DEG2
2024,2,9,26,Avena barbata,95,,,degraded,DEG2
2024,2,9,27,Avena barbata,46,,,degraded,DEG2
2024,2,9,28,Avena barbata,40,,,degraded,DEG2
2024,2,9,31,Avena barbata,150,,,degraded,DEG2
2024,2,9,32,Avena barbata,80,,,degraded,DEG2
2024,2,9,33,Avena barbata,100,,,degraded,DEG2
2024,2,9,34,Avena barbata,80,,,degraded,DEG2
2024,2,9,35,Avena barbata,61,,,degraded,DEG2
2024,2,9,40,Avena barbata,100,no max height recorded. S: estimated 100 based on other AVBA heights in this transect,,degraded,DEG2
2024,2,9,41,Avena barbata,130,,,degraded,DEG2
2024,2,10,3,Avena barbata,113,,,degraded,DEG2
2024,2,10,4,Avena barbata,85,,,degraded,DEG2
2024,2,10,10,Avena barbata,95,,,degraded,DEG2
2024,2,10,11,Avena barbata,32,,,degraded,DEG2
2024,2,10,12,Avena barbata,98,,,degraded,DEG2
2024,2,10,13,Avena barbata,122,,,degraded,DEG2
2024,2,10,29,Avena barbata,125,,,degraded,DEG2
2024,2,10,30,Avena barbata,95,,,degraded,DEG2
2024,2,10,31,Avena barbata,122,,,degraded,DEG2
2024,2,10,36,Avena barbata,143,,,degraded,DEG2
2024,2,10,37,Avena barbata,112,,,degraded,DEG2
2024,2,10,38,Avena barbata,92,,,degraded,DEG2
2024,2,10,40,Avena barbata,82,,,degraded,DEG2
2024,2,11,24,Avena barbata,90,,,degraded,DEG2
2024,2,11,25,Avena barbata,95,,,degraded,DEG2
2024,2,11,28,Avena barbata,130,,,degraded,DEG2
2024,2,11,29,Avena barbata,109,,,degraded,DEG2
2024,2,12,1,Avena barbata,50,,,degraded,DEG2
2024,2,12,3,Avena barbata,60,,,degraded,DEG2
2024,2,12,4,Avena barbata,100,,,degraded,DEG2
2024,2,12,10,Avena barbata,120,,,degraded,DEG2
2024,2,12,18,Avena barbata,40,,,degraded,DEG2
2024,2,12,20,Avena barbata,90,,,degraded,DEG2
2024,2,12,21,Avena barbata,40,,,degraded,DEG2
2024,2,12,24,Avena barbata,60,,,degraded,DEG2
2024,2,12,35,Avena barbata,50,,,degraded,DEG2
2024,2,13,1,Avena barbata,60,,,degraded,DEG2
2024,2,13,4,Avena barbata,30,,,degraded,DEG2
2024,2,13,26,Avena barbata,40,,,degraded,DEG2
2024,2,13,41,Avena barbata,80,,,degraded,DEG2
2024,2,14,3,Avena barbata,134,,,matrix,ENH2
2024,2,14,6,Avena barbata,35,,,matrix,ENH2
2024,2,14,38,Avena barbata,65,,,matrix,ENH2
2024,2,14,40,Avena barbata,100,,,matrix,ENH2
2024,2,18,6.5,Avena barbata,32,,,,
2024,2,18,10,Avena barbata,35,,,,
2024,2,18,10.5,Avena barbata,94,,,,
2024,2,18,19,Avena barbata,53,,,,
2024,2,18,19.5,Avena barbata,30,,,,
2024,2,16,3,Avena barbata,17,,,,
2024,2,16,28,Avena barbata,25,,,,
2024,2,16,29,Avena barbata,13,,,,
2024,2,16,31,Avena barbata,10,,,,
2024,2,16,34,Avena barbata,42,,,,
2024,2,16,37,Avena barbata,50,,,,
2024,2,15,25,Avena barbata,60,,,,
2024,2,15,27,Avena barbata,15,,,,
2024,1,8,22,Avena barbata,15,,,,
2024,1,8,32,Avena barbata,26,,,,
2024,1,8,37,Avena barbata,33,,,,
2024,1,9,2,Avena barbata,3,,,,
2017,INT4,1,12,bare_ground,147,,HEAR,Intact,INT4
2017,INT4,1,31,bare_ground,200,,CEOL dead,Intact,INT4
2019,2,1,2,bare_ground,11,,HIIN,Degraded,DEG2
2019,2,2,36,bare_ground,24,,dead HIIN,Degraded,DEG2
2019,2,3,7,bare_ground,0,,,Degraded,DEG2
2019,1,4,27,bare_ground,29,,Avena,Matrix,ENH1
2019,1,4,30,bare_ground,19,,BRRU,Matrix,ENH1
2019,1,5,1,bare_ground,10,,BRRU,Matrix,ENH1
2019,1,5,2,bare_ground,12,,CENMEL,Matrix,ENH1
2019,1,5,7,bare_ground,28,,d ceme,Matrix,ENH1
2019,1,5,10,bare_ground,8,,CENMEL,Matrix,ENH1
2019,1,5,12,bare_ground,1,,BRRU dead,Matrix,ENH1
2019,1,5,13,bare_ground,0,,,Matrix,ENH1
2019,1,5,14,bare_ground,27,,BRRU,Matrix,ENH1
2019,1,5,20,bare_ground,227,,mafa,Matrix,ENH1
2019,1,5,36,bare_ground,167,,mafa,Matrix,ENH1
2019,1,5,37,bare_ground,3,,d elco,Matrix,ENH1
2019,1,6,39,bare_ground,35,,SALE,Matrix,ENH1
2019,2,4,6,bare_ground,25,,BRDI,Matrix,ENH2
2019,2,4,7,bare_ground,0,,,Matrix,ENH2
2019,2,4,10,bare_ground,50,,dead MAFA,Matrix,ENH2
2019,2,4,36,bare_ground,52,,Avena,Matrix,ENH2
2019,2,4,38,bare_ground,3,,ERCI,Matrix,ENH2
2019,2,4,40,bare_ground,20,,Avena,Matrix,ENH2
2019,2,5,1,bare_ground,11,,Avena,Matrix,ENH2
2019,2,5,3,bare_ground,51,,Avena,Matrix,ENH2
2019,2,5,9,bare_ground,24,,Brome spp.,Matrix,ENH2
2019,2,5,14,bare_ground,110,,MAFA,Matrix,ENH2
2019,2,5,15,bare_ground,120,,MAFA,Matrix,ENH2
2019,2,5,16,bare_ground,91,,dd MAFA,Matrix,ENH2
2019,2,5,24,bare_ground,61,,Avena,Matrix,ENH2
2019,2,5,25,bare_ground,62,,HIIN,Matrix,ENH2
2019,2,5,27,bare_ground,23,,Avena,Matrix,ENH2
2019,2,5,31,bare_ground,59,,Avena,Matrix,ENH2
2019,2,5,34,bare_ground,31,,Avena,Matrix,ENH2
2019,2,6,2,bare_ground,18,,BRHO,Matrix,ENH2
2019,2,6,21,bare_ground,99,,SALE,Matrix,ENH2
2019,2,6,24,bare_ground,0,,,Matrix,ENH2
2019,2,6,25,bare_ground,26,,BRDI,Matrix,ENH2
2019,INT1,1,3,bare_ground,0,,,Intact,INT1
2019,INT1,1,8,bare_ground,0,,,Intact,INT1
2019,INT1,1,21,bare_ground,19,,STLE,Intact,INT1
2019,INT1,1,25,bare_ground,8,,BRDI,Intact,INT1
2019,INT1,1,28,bare_ground,4,,BRDI,Intact,INT1
2019,INT1,1,29,bare_ground,39,,STLE,Intact,INT1
2019,INT1,1,30,bare_ground,0,,,Intact,INT1
2019,INT1,1,31,bare_ground,0,,,Intact,INT1
2019,INT1,1,34,bare_ground,11,,HEAR dead,Intact,INT1
2019,INT2,1,11,bare_ground,0,,,Intact,INT2
2019,INT2,1,12,bare_ground,9,,BRRU dead,Intact,INT2
2019,INT2,1,17,bare_ground,30,,HEAR,Intact,INT2
2019,INT2,1,18,bare_ground,0,,,Intact,INT2
2019,INT2,1,22,bare_ground,100,,ARCA,Intact,INT2
2019,INT2,1,23,bare_ground,119,,ARCA,Intact,INT2
2019,INT2,1,24,bare_ground,118,,ARCA,Intact,INT2
2019,INT2,1,25,bare_ground,39,,STLE,Intact,INT2
2019,INT2,1,26,bare_ground,32,,STLE,Intact,INT2
2019,INT2,1,27,bare_ground,81,,ARCA,Intact,INT2
2019,INT2,1,29,bare_ground,118,,ARCA,Intact,INT2
2019,INT2,1,30,bare_ground,105,,ARCA,Intact,INT2
2019,INT2,1,31,bare_ground,90,,ARCA,Intact,INT2
2019,INT3,1,1,bare_ground,2,,BRHO,Intact,INT3
2019,INT3,1,2,bare_ground,10,,BRHO,Intact,INT3
2019,INT3,1,22,bare_ground,195,,HEAR,Intact,INT3
2024,1,7,29,BG bare ground,0,,,,
2017,INT4,1,35,BRDI,369,,,Intact,INT4
2017,INT4,1,41,BRDI,30,,,Intact,INT4
2019,1,3,36,BRDI,87,,,Degraded,DEG1
2019,2,4,18,BRDI,42,,,Matrix,ENH2
2019,2,6,13,BRDI,26,,,Matrix,ENH2
2019,2,6,16,BRDI,41,,,Matrix,ENH2
2019,2,6,28,BRDI,25,,,Matrix,ENH2
2019,2,4,32,BRHO,32,,,Matrix,ENH2
2017,INT4,1,34,BRMA,65,,,Intact,INT4
2019,2,4,37,BRMA,21,,,Matrix,ENH2
2019,2,6,35,Brome spp.,12,,,Matrix,ENH2
2019,INT1,1,24,Brome spp. Dead,51,,STLE,Intact,INT1
2024,2,7,14,Bromus diandrus BRDI,100,,,degraded,DEG2
2024,2,7,15,Bromus diandrus BRDI,84,,,degraded,DEG2
2024,2,7,17,Bromus diandrus BRDI,72,,,degraded,DEG2
2024,2,8,10,Bromus diandrus BRDI,40,,,degraded,DEG2
2024,2,9,13,Bromus diandrus BRDI,87,,,degraded,DEG2
2024,2,9,15,Bromus diandrus BRDI,94,,,degraded,DEG2
2024,2,9,16,Bromus diandrus BRDI,84,,,degraded,DEG2
2024,2,9,17,Bromus diandrus BRDI,90,,,degraded,DEG2
2024,2,9,18,Bromus diandrus BRDI,55,,,degraded,DEG2
2024,2,9,20,Bromus diandrus BRDI,25,,,degraded,DEG2
2024,2,9,21,Bromus diandrus BRDI,60,,,degraded,DEG2
2024,2,9,22,Bromus diandrus BRDI,32,,,degraded,DEG2
2024,2,9,23,Bromus diandrus BRDI,36,,,degraded,DEG2
2024,2,9,24,Bromus diandrus BRDI,38,,,degraded,DEG2
2024,2,9,29,Bromus diandrus BRDI,60,,,degraded,DEG2
2024,2,9,30,Bromus diandrus BRDI,52,,,degraded,DEG2
2024,2,9,36,Bromus diandrus BRDI,75,,,degraded,DEG2
2024,2,9,37,Bromus diandrus BRDI,130,,,degraded,DEG2
2024,2,9,38,Bromus diandrus BRDI,140,,,degraded,DEG2
2024,2,10,1,Bromus diandrus BRDI,70,,,degraded,DEG2
2024,2,10,2,Bromus diandrus BRDI,20,,,degraded,DEG2
2024,2,10,5,Bromus diandrus BRDI,30,,,degraded,DEG2
2024,2,10,6,Bromus diandrus BRDI,40,,,degraded,DEG2
2024,2,10,7,Bromus diandrus BRDI,44,,,degraded,DEG2
2024,2,10,8,Bromus diandrus BRDI,76,,,degraded,DEG2
2024,2,10,9,Bromus diandrus BRDI,81,,,degraded,DEG2
2024,2,10,39,Bromus diandrus BRDI,70,,,degraded,DEG2
2024,2,11,1,Bromus diandrus BRDI,91,,,degraded,DEG2
2024,2,11,10,Bromus diandrus BRDI,65,,,degraded,DEG2
2024,2,11,11,Bromus diandrus BRDI,96,,,degraded,DEG2
2024,2,11,14,Bromus diandrus BRDI,95,,,degraded,DEG2
2024,2,11,16,Bromus diandrus BRDI,80,,,degraded,DEG2
2024,2,11,17,Bromus diandrus BRDI,65,,,degraded,DEG2
2024,2,11,18,Bromus diandrus BRDI,60,,,degraded,DEG2
2024,2,11,19,Bromus diandrus BRDI,52,,,degraded,DEG2
2024,2,11,20,Bromus diandrus BRDI,50,,,degraded,DEG2
2024,2,11,21,Bromus diandrus BRDI,80,,,degraded,DEG2
2024,2,11,22,Bromus diandrus BRDI,115,,,degraded,DEG2
2024,2,11,23,Bromus diandrus BRDI,75,,,degraded,DEG2
2024,2,11,27,Bromus diandrus BRDI,66,,,degraded,DEG2
2024,2,11,30,Bromus diandrus BRDI,86,,,degraded,DEG2
2024,2,11,31,Bromus diandrus BRDI,80,,,degraded,DEG2
2024,2,11,35,Bromus diandrus BRDI,75,,,degraded,DEG2
2024,2,11,36,Bromus diandrus BRDI,85,,,degraded,DEG2
2024,2,11,37,Bromus diandrus BRDI,95,,,degraded,DEG2
2024,2,12,2,Bromus diandrus BRDI,50,,,degraded,DEG2
2024,2,12,5,Bromus diandrus BRDI,60,,,degraded,DEG2
2024,2,12,6,Bromus diandrus BRDI,60,,,degraded,DEG2
2024,2,12,7,Bromus diandrus BRDI,70,,,degraded,DEG2
2024,2,12,8,Bromus diandrus BRDI,50,,,degraded,DEG2
2024,2,12,9,Bromus diandrus BRDI,50,,,degraded,DEG2
2024,2,12,25,Bromus diandrus BRDI,50,,,degraded,DEG2
2024,2,12,26,Bromus diandrus BRDI,40,,,degraded,DEG2
2024,2,12,27,Bromus diandrus BRDI,40,,,degraded,DEG2
2024,2,12,30,Bromus diandrus BRDI,30,,,degraded,DEG2
2024,2,12,31,Bromus diandrus BRDI,40,,,degraded,DEG2
2024,2,12,32,Bromus diandrus BRDI,50,,,degraded,DEG2
2024,2,12,33,Bromus diandrus BRDI,40,,,degraded,DEG2
2024,2,12,34,Bromus diandrus BRDI,20,,,degraded,DEG2
2024,2,12,36,Bromus diandrus BRDI,80,,,degraded,DEG2
2024,2,12,38,Bromus diandrus BRDI,60,,,degraded,DEG2
2024,2,12,39,Bromus diandrus BRDI,10,,,degraded,DEG2
2024,2,13,2,Bromus diandrus BRDI,40,,,degraded,DEG2
2024,2,13,3,Bromus diandrus BRDI,50,,,degraded,DEG2
2024,2,13,11,Bromus diandrus BRDI,40,,,degraded,DEG2
2024,2,13,12,Bromus diandrus BRDI,40,,,degraded,DEG2
2024,2,13,21,Bromus diandrus BRDI,70,,,degraded,DEG2
2024,2,13,22,Bromus diandrus BRDI,40,,,degraded,DEG2
2024,2,13,23,Bromus diandrus BRDI,40,,,degraded,DEG2
2024,2,13,24,Bromus diandrus BRDI,40,,,degraded,DEG2
2024,2,13,25,Bromus diandrus BRDI,60,,,degraded,DEG2
2024,2,13,27,Bromus diandrus BRDI,50,,,degraded,DEG2
2024,2,13,28,Bromus diandrus BRDI,40,,,degraded,DEG2
2024,2,13,29,Bromus diandrus BRDI,30,,,degraded,DEG2
2024,2,13,30,Bromus diandrus BRDI,40,,,degraded,DEG2
2024,2,13,31,Bromus diandrus BRDI,60,,,degraded,DEG2
2024,2,13,32,Bromus diandrus BRDI,40,,,degraded,DEG2
2024,2,13,33,Bromus diandrus BRDI,30,,,degraded,DEG2
2024,2,13,34,Bromus diandrus BRDI,50,,,degraded,DEG2
2024,2,13,35,Bromus diandrus BRDI,30,,,degraded,DEG2
2024,2,13,36,Bromus diandrus BRDI,10,,,degraded,DEG2
2024,2,13,37,Bromus diandrus BRDI,40,,,degraded,DEG2
2024,2,13,38,Bromus diandrus BRDI,60,,,degraded,DEG2
2024,2,13,39,Bromus diandrus BRDI,40,,,degraded,DEG2
2024,2,14,4,Bromus diandrus BRDI,30,,,matrix,ENH2
2024,2,14,5,Bromus diandrus BRDI,42,,,matrix,ENH2
2024,2,14,13,Bromus diandrus BRDI,35,,,matrix,ENH2
2024,2,14,14,Bromus diandrus BRDI,50,,,matrix,ENH2
2024,2,14,15,Bromus diandrus BRDI,45,,,matrix,ENH2
2024,2,14,16,Bromus diandrus BRDI,35,,,matrix,ENH2
2024,2,14,18,Bromus diandrus BRDI,30,,,matrix,ENH2
2024,2,14,24,Bromus diandrus BRDI,80,,,matrix,ENH2
2024,2,14,25,Bromus diandrus BRDI,60,,,matrix,ENH2
2024,2,14,27,Bromus diandrus BRDI,60,,,matrix,ENH2
2024,2,14,30,Bromus diandrus BRDI,40,,,matrix,ENH2
2024,2,14,31,Bromus diandrus BRDI,35,,,matrix,ENH2
2024,2,14,32,Bromus diandrus BRDI,44,,,matrix,ENH2
2024,2,14,33,Bromus diandrus BRDI,50,,,matrix,ENH2
2024,2,14,34,Bromus diandrus BRDI,50,,,matrix,ENH2
2024,2,14,35,Bromus diandrus BRDI,55,,,matrix,ENH2
2024,2,14,36,Bromus diandrus BRDI,36,,,matrix,ENH2
2024,2,14,37,Bromus diandrus BRDI,58,,,matrix,ENH2
2024,2,14,41,Bromus diandrus BRDI,60,,,matrix,ENH2
2024,2,18,0.5,Bromus diandrus BRDI,12,,,,
2024,2,18,1,Bromus diandrus BRDI,10,,,,
2024,2,18,1.5,Bromus diandrus BRDI,13,,,,
2024,2,18,2,Bromus diandrus BRDI,9,,,,
2024,2,18,2.5,Bromus diandrus BRDI,13,,,,
2024,2,18,3,Bromus diandrus BRDI,8,,,,
2024,2,18,3.5,Bromus diandrus BRDI,5,,,,
2024,2,18,11.5,Bromus diandrus BRDI,0,,,,
2024,2,16,14,Bromus diandrus BRDI,30,,,,
2024,2,16,30,Bromus diandrus BRDI,24,,,,
2024,2,17,1,Bromus diandrus BRDI,30,,,,
2024,2,17,2,Bromus diandrus BRDI,30,,,,
2024,2,17,3,Bromus diandrus BRDI,44,,,,
2024,2,17,4,Bromus diandrus BRDI,40,,,,
2024,2,17,5,Bromus diandrus BRDI,30,,,,
2024,2,15,26,Bromus diandrus BRDI,40,,,,
2024,2,15,31,Bromus diandrus BRDI,38,,,,
2024,1,9,15,Bromus diandrus BRDI,30,,,,
2024,1,9,21,Bromus diandrus BRDI,28,,,,
2024,1,9,25,Bromus diandrus BRDI,35,,,,
2024,2,16,27,Bromus hordeaceus BRHO,36,,,,
2024,2,15,2,Bromus hordeaceus BRHO,32,,,,
2024,2,7,6,Bromus rubens BRRU,27,,,degraded,DEG2
2024,2,7,7,Bromus rubens BRRU,35,,,degraded,DEG2
2024,2,7,8,Bromus rubens BRRU,35,,,degraded,DEG2
2024,2,8,3,Bromus rubens BRRU,110,,,degraded,DEG2
2024,2,8,4,Bromus rubens BRRU,90,,,degraded,DEG2
2024,2,8,16,Bromus rubens BRRU,40,,,degraded,DEG2
2024,2,11,26,Bromus rubens BRRU,50,,,degraded,DEG2
2024,2,18,0,Bromus rubens BRRU,10,collected on survey123,,,
2024,2,16,1,Bromus rubens BRRU,30,collected on survey123 on handwritten on datasheet,,,
2024,1,8,30,Bromus rubens BRRU,20,,,,
2024,1,8,39,Bromus rubens BRRU,11,,,,
2024,1,9,3,Bromus rubens BRRU,10,,,,
2019,1,2,2,BRRU,65,,,Degraded,DEG1
2019,1,3,32,BRRU,110,,,Degraded,DEG1
2019,1,3,41,BRRU,90,,,Degraded,DEG1
2019,2,2,1,BRRU,15,,,Degraded,DEG2
2019,2,2,3,BRRU,36,,,Degraded,DEG2
2019,2,2,6,BRRU,38,,,Degraded,DEG2
2019,2,2,31,BRRU,44,,,Degraded,DEG2
2019,1,4,7,BRRU,32,,,Matrix,ENH1
2019,1,5,3,brru,20,,,Matrix,ENH1
2019,1,5,8,BRRU,20,,,Matrix,ENH1
2019,1,5,18,BRRU,245,,,Matrix,ENH1
2019,1,6,22,BRRU,11,,,Matrix,ENH1
2019,2,1,1,BRRU dead,13,,,Degraded,DEG2
2019,2,2,4,BRRU dead,20,,BRRU,Degraded,DEG2
2019,2,3,5,BRRU dead,10,,ERCI,Degraded,DEG2
2019,2,3,6,BRRU dead,29,,ERCI,Degraded,DEG2
2019,2,5,5,CEME dead,24,,Avena,Matrix,ENH2
2019,2,5,8,CEME dead,32,,Avena,Matrix,ENH2
2019,2,5,10,CEME dead,22,,Brome spp.,Matrix,ENH2
2024,2,13,10,Centaurea melitensis,30,,,degraded,DEG2
2024,2,13,14,Centaurea melitensis,30,,,degraded,DEG2
2024,2,15,1,Centaurea melitensis,15,,,,
2024,2,15,34,Centaurea melitensis,45,,,,
2024,1,7,9,Centaurea melitensis,8,,,,
2024,1,8,21,Centaurea melitensis,20,,,,
2024,1,8,23,Centaurea melitensis,2,,,,
2024,1,9,19,Centaurea melitensis,20,,,,
2024,1,9,20,Centaurea melitensis,35,,,,
2024,1,9,26,Centaurea melitensis,65,,,,
2024,1,9,27,Centaurea melitensis,70,,,,
2024,1,9,30,Centaurea melitensis,20,,,,
2024,1,9,31,Centaurea melitensis,10,,,,
2024,1,10,1,Centaurea melitensis,7,,,,
2024,1,10,8,Centaurea melitensis,2,,,,
2024,1,10,33,Centaurea melitensis,5,,,,
2017,INT4,1,9,CEOL,250,,,Intact,INT4
2017,INT4,1,17,CEOL,187,,,Intact,INT4
2017,INT4,1,36,CEOL,319,,,Intact,INT4
2017,INT4,1,37,CEOL,245,,,Intact,INT4
2017,INT4,1,38,CEOL,270,,,Intact,INT4
2017,INT4,1,8,CEOL dead,253,,HEAR,Intact,INT4
2017,INT4,1,19,CEOL dead,123,,BRDI,Intact,INT4
2017,INT4,1,20,CEOL dead,120,,BRMA,Intact,INT4
2017,INT4,1,27,CEOL dead,138,,HEAR,Intact,INT4
2017,INT4,1,28,CEOL dead,187,,,Intact,INT4
2017,INT4,1,30,CEOL dead,205,,BRMA,Intact,INT4
2017,INT4,1,32,CEOL dead,202,,BRMA,Intact,INT4
2017,INT4,1,39,CEOL dead,268,,BRDI,Intact,INT4
2017,INT4,1,40,CEOL dead,198,,BRDI,Intact,INT4
2024,2,13,40,dead ARCA,80,,,degraded,DEG2
2024,2,10,17,dead MAFA,132,,,degraded,DEG2
2024,2,10,18,dead MAFA,75,,,degraded,DEG2
2024,2,10,32,dead MAFA,115,,,degraded,DEG2
2024,1,7,18,dead MAFA,128,,,,
2024,1,7,19,dead MAFA,155,,,,
2024,1,7,21,dead MAFA,217,,,,
2024,1,9,28,dead MAFA,100,,,,
2024,1,10,30,dead MAFA,103,,,,
2019,1,4,8,dica,44,,,Matrix,ENH1
2019,1,5,9,dica,33,,,Matrix,ENH1
2024,1,8,31,Dipterostemon capitatus,70,,,,
2019,2,3,19,ELCO,126,,,Degraded,DEG2
2019,1,5,11,ELCO,37,,,Matrix,ENH1
2019,1,5,38,ELCO,59,,,Matrix,ENH1
2019,1,5,39,ELCO,89,,,Matrix,ENH1
2019,1,5,40,ELCO,74,,,Matrix,ENH1
2019,1,5,41,ELCO,66,,,Matrix,ENH1
2019,INT2,1,5,ELCO,81,,,Intact,INT2
2019,INT2,1,7,ELCO dead,110,,,Intact,INT2
2019,2,1,3,ERCI,29,,,Degraded,DEG2
2024,2,16,12,Eriogonum fasciculatum,89,,,,
2024,2,16,13,Eriogonum fasciculatum,50,,,,
2024,2,15,29,Eriogonum fasciculatum,117,,,,
2024,2,15,32,Eriogonum fasciculatum,61,,,,
2024,2,12,29,Erodium spp.,20,,,degraded,DEG2
2024,2,16,2,Festuca myros,20,collected on survey123 on handwritten on datasheet,,,
2024,2,15,24,Festuca myros,34,,,,
2024,2,15,28,Festuca myros,30,,,,
2024,2,15,33,Festuca myros,3,,,,
2017,INT4,1,1,HEAR,150,,,Intact,INT4
2017,INT4,1,6,HEAR,232,,,Intact,INT4
2017,INT4,1,7,HEAR,188,,,Intact,INT4
2017,INT4,1,16,HEAR,300,,,Intact,INT4
2017,INT4,1,23,HEAR,135,,,Intact,INT4
2017,INT4,1,24,HEAR,121,,,Intact,INT4
2017,INT4,1,33,HEAR,232,,,Intact,INT4
2019,INT1,1,1,HEAR,160,,,Intact,INT1
2019,INT1,1,2,HEAR,178,,,Intact,INT1
2019,INT1,1,6,HEAR,210,,,Intact,INT1
2019,INT1,1,7,HEAR,209,,,Intact,INT1
2019,INT1,1,10,HEAR,293,,,Intact,INT1
2019,INT1,1,11,HEAR,250,,,Intact,INT1
2019,INT1,1,12,HEAR,279,,,Intact,INT1
2019,INT1,1,17,HEAR,176,,,Intact,INT1
2019,INT1,1,19,HEAR,118,,,Intact,INT1
2019,INT1,1,35,HEAR,210,,,Intact,INT1
2019,INT1,1,36,HEAR,318,,,Intact,INT1
2019,INT1,1,38,HEAR,319,,,Intact,INT1
2019,INT2,1,35,HEAR,155,,,Intact,INT2
2019,INT2,1,36,HEAR,191,,,Intact,INT2
2019,INT2,1,37,HEAR,164,,,Intact,INT2
2019,INT3,1,7,HEAR,148,,,Intact,INT3
2019,INT3,1,8,HEAR,154,,,Intact,INT3
2019,INT3,1,17,HEAR,230,,,Intact,INT3
2019,INT3,1,18,HEAR,275,,,Intact,INT3
2019,INT3,1,19,HEAR,225,,,Intact,INT3
2019,INT3,1,23,HEAR,250,,,Intact,INT3
2019,INT3,1,24,HEAR,270,,,Intact,INT3
2019,INT3,1,25,HEAR,203,,,Intact,INT3
2019,INT3,1,26,HEAR,210,,,Intact,INT3
2019,INT3,1,30,HEAR,385,,,Intact,INT3
2019,INT3,1,31,HEAR,302,,,Intact,INT3
2019,INT3,1,34,HEAR,335,,,Intact,INT3
2017,INT4,1,10,HEAR dead,260,,HEAR,Intact,INT4
2017,INT4,1,11,HEAR dead,155,,HEAR,Intact,INT4
2019,INT1,1,13,HEAR dead,253,,,Intact,INT1
2019,INT1,1,14,HEAR dead,82,,,Intact,INT1
2019,INT1,1,20,HEAR dead,110,,,Intact,INT1
2019,INT1,1,22,HEAR dead,135,,STLE,Intact,INT1
2019,INT1,1,23,HEAR dead,162,,STLE,Intact,INT1
2019,INT2,1,16,HEAR dead,124,,,Intact,INT2
2019,1,1,1,HIIN,108,,,Degraded,DEG1
2019,1,1,2,HIIN,102,,,Degraded,DEG1
2019,1,1,12,HIIN,114,,,Degraded,DEG1
2019,1,1,13,HIIN,91,,,Degraded,DEG1
2019,1,1,15,HIIN,138,,,Degraded,DEG1
2019,1,1,16,HIIN,150,,,Degraded,DEG1
2019,1,1,17,HIIN,105,,,Degraded,DEG1
2019,1,1,18,HIIN,151,,,Degraded,DEG1
2019,1,1,19,HIIN,134,,,Degraded,DEG1
2019,1,1,20,HIIN,116,,,Degraded,DEG1
2019,1,1,21,HIIN,110,,,Degraded,DEG1
2019,1,1,22,HIIN,113,,,Degraded,DEG1
2019,1,1,23,HIIN,11,,,Degraded,DEG1
2019,1,1,25,HIIN,80,,,Degraded,DEG1
2019,1,1,26,HIIN,130,,,Degraded,DEG1
2019,1,1,27,HIIN,121,,,Degraded,DEG1
2019,1,1,29,HIIN,90,,,Degraded,DEG1
2019,1,1,30,HIIN,134,,,Degraded,DEG1
2019,1,1,34,HIIN,150,,,Degraded,DEG1
2019,1,1,35,HIIN,100,,,Degraded,DEG1
2019,1,1,36,HIIN,85,,,Degraded,DEG1
2019,1,1,37,HIIN,91,,,Degraded,DEG1
2019,1,1,38,HIIN,98,,,Degraded,DEG1
2019,1,1,41,HIIN,96,,,Degraded,DEG1
2019,1,2,1,HIIN,128,,,Degraded,DEG1
2019,1,2,4,HIIN,69,,,Degraded,DEG1
2019,1,2,12,HIIN,91,,,Degraded,DEG1
2019,1,2,14,HIIN,93,,,Degraded,DEG1
2019,1,2,15,HIIN,90,,,Degraded,DEG1
2019,1,2,17,HIIN,88,,,Degraded,DEG1
2019,1,2,20,HIIN,140,,,Degraded,DEG1
2019,1,2,21,HIIN,89,,,Degraded,DEG1
2019,1,2,22,HIIN,116,,,Degraded,DEG1
2019,1,2,31,HIIN,84,,,Degraded,DEG1
2019,1,2,38,HIIN,107,,,Degraded,DEG1
2019,1,2,40,HIIN,94,,,Degraded,DEG1
2019,1,3,1,HIIN,130,,,Degraded,DEG1
2019,1,3,11,HIIN,112,,,Degraded,DEG1
2019,1,3,13,HIIN,85,,,Degraded,DEG1
2019,1,3,17,HIIN,79,,,Degraded,DEG1
2019,1,3,21,HIIN,83,,,Degraded,DEG1
2019,2,2,8,HIIN,44,,,Degraded,DEG2
2019,1,4,6,hiin,48,,,Matrix,ENH1
2019,1,4,17,hiin,43,,,Matrix,ENH1
2019,1,4,26,hiin,58,,,Matrix,ENH1
2019,1,4,28,hiin,79,,,Matrix,ENH1
2019,2,5,22,HIIN,59,,,Matrix,ENH2
2019,2,3,1,HIIN dead,76,,,Degraded,DEG2
2019,2,3,4,HIIN dead,61,,,Degraded,DEG2
2019,2,3,13,HIIN dead,110,,,Degraded,DEG2
2019,2,3,14,HIIN dead,87,,HIIN,Degraded,DEG2
2019,1,4,31,HIIN dead,78,,hiin,Matrix,ENH1
2019,2,5,21,HIIN dead,63,,Avena,Matrix,ENH2
2024,2,8,1,HIIN Hirschfeldia incana - long pods,70,,,degraded,DEG2
2024,2,8,2,HIIN Hirschfeldia incana - long pods,120,,,degraded,DEG2
2024,2,8,6,HIIN Hirschfeldia incana - long pods,120,,,degraded,DEG2
2024,2,8,7,HIIN Hirschfeldia incana - long pods,140,,,degraded,DEG2
2024,2,8,8,HIIN Hirschfeldia incana - long pods,100,,,degraded,DEG2
2024,2,8,19,HIIN Hirschfeldia incana - long pods,120,,,degraded,DEG2
2024,2,8,26,HIIN Hirschfeldia incana - long pods,120,,,degraded,DEG2
2024,2,8,34,HIIN Hirschfeldia incana - long pods,100,,,degraded,DEG2
2024,2,8,35,HIIN Hirschfeldia incana - long pods,100,,,degraded,DEG2
2024,2,8,41,HIIN Hirschfeldia incana - long pods,80,,,degraded,DEG2
2024,2,9,39,HIIN Hirschfeldia incana - long pods,85,,,degraded,DEG2
2024,2,10,16,HIIN Hirschfeldia incana - long pods,138,,,degraded,DEG2
2024,2,10,41,HIIN Hirschfeldia incana - long pods,93,,,degraded,DEG2
2024,2,11,2,HIIN Hirschfeldia incana - long pods,148,,,degraded,DEG2
2024,2,11,3,HIIN Hirschfeldia incana - long pods,130,,,degraded,DEG2
2024,2,11,4,HIIN Hirschfeldia incana - long pods,136,,,degraded,DEG2
2024,2,11,5,HIIN Hirschfeldia incana - long pods,135,,,degraded,DEG2
2024,2,11,6,HIIN Hirschfeldia incana - long pods,100,,,degraded,DEG2
2024,2,11,7,HIIN Hirschfeldia incana - long pods,102,,,degraded,DEG2
2024,2,11,8,HIIN Hirschfeldia incana - long pods,110,,,degraded,DEG2
2024,2,11,9,HIIN Hirschfeldia incana - long pods,108,no max height recorded. S: estimated 108 based on other HIIN readings nearby in this transect,,degraded,DEG2
2024,2,11,12,HIIN Hirschfeldia incana - long pods,150,,,degraded,DEG2
2024,2,11,13,HIIN Hirschfeldia incana - long pods,128,,,degraded,DEG2
2024,2,11,15,HIIN Hirschfeldia incana - long pods,113,,,degraded,DEG2
2024,2,11,32,HIIN Hirschfeldia incana - long pods,138,,,degraded,DEG2
2024,2,11,33,HIIN Hirschfeldia incana - long pods,90,,,degraded,DEG2
2024,2,11,34,HIIN Hirschfeldia incana - long pods,95,,,degraded,DEG2
2024,2,11,38,HIIN Hirschfeldia incana - long pods,140,,,degraded,DEG2
2024,2,11,39,HIIN Hirschfeldia incana - long pods,155,,,degraded,DEG2
2024,2,11,40,HIIN Hirschfeldia incana - long pods,160,,,degraded,DEG2
2024,2,11,41,HIIN Hirschfeldia incana - long pods,180,,,degraded,DEG2
2024,2,12,19,HIIN Hirschfeldia incana - long pods,70,,,degraded,DEG2
2024,2,12,28,HIIN Hirschfeldia incana - long pods,5,,,degraded,DEG2
2024,2,12,37,HIIN Hirschfeldia incana - long pods,80,,,degraded,DEG2
2024,2,13,13,HIIN Hirschfeldia incana - long pods,50,,,degraded,DEG2
2024,2,18,18.5,Hirschfeldia incana - long pods,35,,,,
2024,2,18,20,Hirschfeldia incana - long pods,10,,,,
2024,2,16,32,Hirschfeldia incana - long pods,85,,,,
2024,2,16,33,Hirschfeldia incana - long pods,101,,,,
2024,2,15,22,Hirschfeldia incana - long pods,180,,,,
2024,2,15,23,Hirschfeldia incana - long pods,116,,,,
2024,2,15,30,Hirschfeldia incana - long pods,65,,,,
2019,2,1,22,MAFA,117,,,Degraded,DEG2
2019,2,1,23,MAFA,160,,,Degraded,DEG2
2019,2,1,24,MAFA,171,,,Degraded,DEG2
2019,2,2,7,MAFA,100,,,Degraded,DEG2
2019,2,2,9,MAFA,50,,,Degraded,DEG2
2019,2,2,10,MAFA,109,,,Degraded,DEG2
2019,2,2,11,MAFA,125,,,Degraded,DEG2
2019,2,2,12,MAFA,94,,,Degraded,DEG2
2019,2,2,39,MAFA,107,,,Degraded,DEG2
2019,2,2,40,MAFA,110,,,Degraded,DEG2
2019,2,2,41,MAFA,118,,,Degraded,DEG2
2019,2,3,20,MAFA,71,,,Degraded,DEG2
2019,2,3,21,MAFA,60,,,Degraded,DEG2
2019,1,4,2,mafa,170,,,Matrix,ENH1
2019,1,4,3,mafa,149,,,Matrix,ENH1
2019,1,4,4,mafa,148,,,Matrix,ENH1
2019,1,4,5,mafa,74,,,Matrix,ENH1
2019,1,4,21,mafa,139,,,Matrix,ENH1
2019,1,4,22,mafa,164,,,Matrix,ENH1
2019,1,4,23,mafa,194,,,Matrix,ENH1
2019,1,4,24,mafa,264,,,Matrix,ENH1
2019,1,5,15,mafa,119,,,Matrix,ENH1
2019,1,5,16,mafa,240,,,Matrix,ENH1
2019,1,5,17,mafa,296,,,Matrix,ENH1
2019,1,5,19,mafa,188,,,Matrix,ENH1
2019,1,5,21,mafa,192,,,Matrix,ENH1
2019,1,5,22,mafa,148,,,Matrix,ENH1
2019,1,5,23,mafa,260,,,Matrix,ENH1
2019,1,5,24,mafa,228,,,Matrix,ENH1
2019,1,5,25,mafa,245,,,Matrix,ENH1
2019,1,5,26,mafa,257,,,Matrix,ENH1
2019,1,5,27,mafa,285,,,Matrix,ENH1
2019,1,5,28,mafa,179,,,Matrix,ENH1
2019,1,5,29,mafa,265,,,Matrix,ENH1
2019,1,5,30,mafa,265,,,Matrix,ENH1
2019,1,5,31,mafa,260,,,Matrix,ENH1
2019,1,5,32,mafa,222,,,Matrix,ENH1
2019,1,5,33,mafa,210,,,Matrix,ENH1
2019,1,5,34,mafa,165,,,Matrix,ENH1
2019,1,6,13,mafa,208,,,Matrix,ENH1
2019,1,6,14,MAFA,252,,,Matrix,ENH1
2019,1,6,15,mafa,212,,,Matrix,ENH1
2019,1,6,16,mafa,203,,,Matrix,ENH1
2019,1,6,17,mafa,168,,,Matrix,ENH1
2019,1,6,18,mafa,145,,,Matrix,ENH1
2019,1,6,19,mafa,152,,,Matrix,ENH1
2019,1,6,21,mafa,120,,,Matrix,ENH1
2019,1,6,23,mafa,103,,,Matrix,ENH1
2019,1,6,27,MAFA,171,,,Matrix,ENH1
2019,1,6,29,mafa,202,,,Matrix,ENH1
2019,1,6,30,mafa,208,,,Matrix,ENH1
2019,1,6,31,mafa,171,,,Matrix,ENH1
2019,1,6,33,mafa,168,,,Matrix,ENH1
2019,1,6,34,mafa,189,,,Matrix,ENH1
2019,1,6,36,mafa,99,,,Matrix,ENH1
2019,1,6,38,mafa,155,,,Matrix,ENH1
2019,1,6,40,mafa,157,,,Matrix,ENH1
2019,2,4,11,MAFA,110,,,Matrix,ENH2
2019,2,4,12,MAFA,99,,,Matrix,ENH2
2019,2,4,19,MAFA,165,,,Matrix,ENH2
2019,2,4,20,MAFA,142,,,Matrix,ENH2
2019,2,4,21,MAFA,90,,,Matrix,ENH2
2019,2,4,22,MAFA,153,,,Matrix,ENH2
2019,2,4,23,MAFA,92,,,Matrix,ENH2
2019,2,4,24,MAFA,152,,,Matrix,ENH2
2019,2,4,25,MAFA,178,,,Matrix,ENH2
2019,2,4,26,MAFA,165,,,Matrix,ENH2
2019,2,4,27,MAFA,84,,,Matrix,ENH2
2019,2,4,28,MAFA,104,,,Matrix,ENH2
2019,2,4,29,MAFA,80,,,Matrix,ENH2
2019,2,5,12,MAFA,121,,,Matrix,ENH2
2019,2,5,13,MAFA,147,,,Matrix,ENH2
2019,2,5,39,MAFA,208,,,Matrix,ENH2
2019,2,5,40,MAFA,149,,,Matrix,ENH2
2019,2,5,41,MAFA,93,,,Matrix,ENH2
2019,2,6,9,MAFA,115,,,Matrix,ENH2
2019,2,6,10,MAFA,102,,,Matrix,ENH2
2019,2,6,11,MAFA,134,,,Matrix,ENH2
2019,2,6,12,MAFA,153,,,Matrix,ENH2
2019,2,6,18,MAFA,152,,,Matrix,ENH2
2019,2,6,19,MAFA,136,,,Matrix,ENH2
2019,2,6,22,MAFA,83,,,Matrix,ENH2
2019,2,6,29,MAFA,100,,,Matrix,ENH2
2019,1,3,16,MAFA dead,74,,AVENA is next tallest,Degraded,DEG1
2019,2,2,14,MAFA dead,62,,BRRU,Degraded,DEG2
2019,1,5,5,MAFA dead,90,,,Matrix,ENH1
2019,1,6,20,MAFA dead,142,,,Matrix,ENH1
2019,1,6,35,MAFA dead,170,,,Matrix,ENH1
2019,2,6,8,MAFA dead,118,,,Matrix,ENH2
2019,2,6,27,MAFA dead,168,,Avena,Matrix,ENH2
2019,2,6,30,MAFA dead,123,,MAFA is next tallest,Matrix,ENH2
2024,2,16,22,Malacothamnus fasciculatus,142,,,,
2024,2,16,23,Malacothamnus fasciculatus,140,,,,
2024,2,16,25,Malacothamnus fasciculatus,160,,,,
2024,2,15,4,Malacothamnus fasciculatus,176,,,,
2024,1,7,12,Malacothamnus fasciculatus,217,,,,
2024,1,7,13,Malacothamnus fasciculatus,210,,,,
2024,1,7,16,Malacothamnus fasciculatus,190,,,,
2024,1,7,17,Malacothamnus fasciculatus,193,,,,
2024,1,7,23,Malacothamnus fasciculatus,148,,,,
2024,1,7,25,Malacothamnus fasciculatus,210,,,,
2024,1,7,31,Malacothamnus fasciculatus,154,,,,
2024,1,7,32,Malacothamnus fasciculatus,193,,,,
2024,1,7,33,Malacothamnus fasciculatus,205,,,,
2024,1,7,35,Malacothamnus fasciculatus,194,,,,
2024,1,7,39,Malacothamnus fasciculatus,170,,,,
2024,1,7,40,Malacothamnus fasciculatus,186,,,,
2024,1,8,34,Malacothamnus fasciculatus,140,,,,
2024,1,8,35,Malacothamnus fasciculatus,101,,,,
2024,1,10,5,Malacothamnus fasciculatus,150,,,,
2024,1,10,9,Malacothamnus fasciculatus,167,,,,
2024,1,10,10,Malacothamnus fasciculatus,193,,,,
2024,1,10,11,Malacothamnus fasciculatus,115,,,,
2024,1,10,12,Malacothamnus fasciculatus,202,,,,
2024,1,10,13,Malacothamnus fasciculatus,200,,,,
2024,1,10,14,Malacothamnus fasciculatus,200,,,,
2024,1,10,15,Malacothamnus fasciculatus,187,,,,
2024,1,10,16,Malacothamnus fasciculatus,190,,,,
2024,1,10,17,Malacothamnus fasciculatus,175,,,,
2024,1,10,20,Malacothamnus fasciculatus,140,,,,
2024,1,10,21,Malacothamnus fasciculatus,203,,,,
2024,1,10,22,Malacothamnus fasciculatus,210,,,,
2024,1,10,23,Malacothamnus fasciculatus,245,,,,
2024,1,10,24,Malacothamnus fasciculatus,207,,,,
2024,1,10,25,Malacothamnus fasciculatus,205,,,,
2024,1,10,28,Malacothamnus fasciculatus,194,,,,
2024,1,10,29,Malacothamnus fasciculatus,205,,,,
2024,1,10,31,Malacothamnus fasciculatus,117,,,,
2024,1,10,32,Malacothamnus fasciculatus,138,,,,
2024,1,10,34,Malacothamnus fasciculatus,140,,,,
2024,1,10,36,Malacothamnus fasciculatus,318,,,,
2024,1,10,37,Malacothamnus fasciculatus,310,,,,
2024,1,10,38,Malacothamnus fasciculatus,312,,,,
2024,1,10,39,Malacothamnus fasciculatus,340,,,,
2024,1,10,40,Malacothamnus fasciculatus,325,,,,
2024,1,10,41,Malacothamnus fasciculatus,288,,,,
2024,2,7,35,Malacothamnus fasciculatus ,138,,,degraded,DEG2
2024,2,7,36,Malacothamnus fasciculatus ,130,,,degraded,DEG2
2024,2,7,37,Malacothamnus fasciculatus ,170,,,degraded,DEG2
2024,2,7,38,Malacothamnus fasciculatus ,128,,,degraded,DEG2
2024,2,7,39,Malacothamnus fasciculatus ,160,,,degraded,DEG2
2024,2,7,41,Malacothamnus fasciculatus ,130,,,degraded,DEG2
2024,2,10,14,Malacothamnus fasciculatus ,160,,,degraded,DEG2
2024,2,10,15,Malacothamnus fasciculatus ,135,,,degraded,DEG2
2024,2,13,8,Malacothamnus fasciculatus ,140,,,degraded,DEG2
2024,2,13,9,Malacothamnus fasciculatus ,40,,,degraded,DEG2
2024,2,14,1,Malacothamnus fasciculatus ,186,,,matrix,ENH2
2024,2,14,2,Malacothamnus fasciculatus ,160,,,matrix,ENH2
2024,2,14,26,Malacothamnus fasciculatus ,58,,,matrix,ENH2
2024,2,14,28,Malacothamnus fasciculatus ,96,,,matrix,ENH2
2024,2,14,29,Malacothamnus fasciculatus ,70,,,matrix,ENH2
2024,2,14,39,Malacothamnus fasciculatus ,55,,,matrix,ENH2
2017,INT4,1,5,mama,210,,,Intact,INT4
2017,INT4,1,22,MAMA,90,,,Intact,INT4
2017,INT4,1,26,MAMA,157,,,Intact,INT4
2019,1,6,24,mama,133,,,Matrix,ENH1
2017,INT4,1,21,MAMA dead,76,,BRDI,Intact,INT4
2017,INT4,1,25,MAMA dead,235,,HEAR dead,Intact,INT4
2017,INT4,1,29,MAMA dead,205,,BRMA dead,Intact,INT4
2019,1,5,35,moss,170,,mafa,Matrix,ENH1
2017,INT4,1,13,native_litter,215,,HEAR,Intact,INT4
2017,INT4,1,14,native_litter,310,,HEAR,Intact,INT4
2017,INT4,1,15,native_litter,300,,HEAR,Intact,INT4
2019,INT1,1,37,native_litter,270,,HEAR,Intact,INT1
2019,INT1,1,39,native_litter,305,,HEAR,Intact,INT1
2019,INT1,1,40,native_litter,333,,HEAR,Intact,INT1
2019,INT1,1,41,native_litter,225,,HEAR,Intact,INT1
2019,INT2,1,2,native_litter,130,,SALE,Intact,INT2
2019,INT3,1,20,native_litter,192,,HEAR,Intact,INT3
2019,INT3,1,21,native_litter,248,,HEAR,Intact,INT3
2024,2,12,22,no_species,0,,,degraded,DEG2
2024,2,12,23,no_species,0,,,degraded,DEG2
2024,2,13,15,no_species,0,,,degraded,DEG2
2024,2,18,11,no_species,0,,,,
2024,2,18,12,no_species,0,,,,
2024,2,16,38,no_species,0,,,,
2024,1,8,33,no_species,0,,,,
2024,1,8,40,no_species,0,,,,
2024,1,8,41,no_species,0,,,,
2024,1,9,1,no_species,0,,,,
2024,1,9,4,no_species,0,,,,
2024,1,9,5,no_species,0,,,,
2024,1,9,10,no_species,0,,,,
2024,1,9,16,no_species,0,,,,
2024,1,9,17,no_species,0,,,,
2024,1,9,18,no_species,0,,,,
2017,INT4,1,18,nonnative_thatch,220,,CEOL dead,Intact,INT4
2019,2,1,9,nonnative_thatch,21,,dd BRDI,Degraded,DEG2
2019,2,1,13,nonnative_thatch,100,,Avena,Degraded,DEG2
2019,2,1,14,nonnative_thatch,116,,Avena,Degraded,DEG2
2019,2,1,27,nonnative_thatch,129,,Avena,Degraded,DEG2
2019,2,1,29,nonnative_thatch,110,,Avena,Degraded,DEG2
2019,2,1,30,nonnative_thatch,77,,Avena,Degraded,DEG2
2019,2,2,2,nonnative_thatch,23,,BRRU,Degraded,DEG2
2019,2,2,5,nonnative_thatch,31,,BRRU,Degraded,DEG2
2019,2,2,26,nonnative_thatch,122,,Avena,Degraded,DEG2
2019,2,3,2,nonnative_thatch,59,,BRRU dead,Degraded,DEG2
2019,2,3,3,nonnative_thatch,59,,BRRU dead,Degraded,DEG2
2019,2,3,12,nonnative_thatch,70,,ARCA,Degraded,DEG2
2019,2,3,15,nonnative_thatch,88,,Avena,Degraded,DEG2
2019,2,3,24,nonnative_thatch,80,,Avena,Degraded,DEG2
2019,2,3,27,nonnative_thatch,127,,Avena,Degraded,DEG2
2019,2,3,28,nonnative_thatch,121,,Avena,Degraded,DEG2
2019,2,3,32,nonnative_thatch,115,,Avena,Degraded,DEG2
2019,2,3,33,nonnative_thatch,118,,Avena,Degraded,DEG2
2019,1,4,1,nonnative_thatch,200,,mafa,Matrix,ENH1
2019,1,4,19,nonnative_thatch,140,,SALE,Matrix,ENH1
2019,1,4,25,nonnative_thatch,21,,mafa,Matrix,ENH1
2019,1,4,35,nonnative_thatch,40,,Avena,Matrix,ENH1
2019,1,4,36,nonnative_thatch,54,,Avena,Matrix,ENH1
2019,1,4,37,nonnative_thatch,73,,Avena,Matrix,ENH1
2019,1,4,38,nonnative_thatch,68,,Avena,Matrix,ENH1
2019,1,4,39,nonnative_thatch,32,,Avena,Matrix,ENH1
2019,1,4,40,nonnative_thatch,81,,Avena,Matrix,ENH1
2019,1,5,6,nonnative_thatch,0,,,Matrix,ENH1
2019,1,6,1,nonnative_thatch,45,,STLE,Matrix,ENH1
2019,1,6,2,nonnative_thatch,32,,STLE,Matrix,ENH1
2019,1,6,3,nonnative_thatch,10,,erci,Matrix,ENH1
2019,1,6,6,nonnative_thatch,54,,STLE,Matrix,ENH1
2019,1,6,32,nonnative_thatch,173,,mafa,Matrix,ENH1
2019,1,6,37,nonnative_thatch,21,,CENMEL,Matrix,ENH1
2019,2,4,1,nonnative_thatch,33,,BRDI,Matrix,ENH2
2019,2,4,2,nonnative_thatch,44,,BRDI,Matrix,ENH2
2019,2,4,3,nonnative_thatch,38,,BRDI,Matrix,ENH2
2019,2,4,4,nonnative_thatch,30,,BRDI,Matrix,ENH2
2019,2,4,5,nonnative_thatch,50,,BRDI,Matrix,ENH2
2019,2,4,8,nonnative_thatch,30,,BRDI,Matrix,ENH2
2019,2,4,9,nonnative_thatch,20,,BRHO,Matrix,ENH2
2019,2,4,14,nonnative_thatch,28,,BRDI,Matrix,ENH2
2019,2,4,15,nonnative_thatch,24,,BRDI,Matrix,ENH2
2019,2,4,16,nonnative_thatch,25,,BRDI,Matrix,ENH2
2019,2,4,17,nonnative_thatch,31,,BRDI,Matrix,ENH2
2019,2,4,35,nonnative_thatch,20,,BRHO,Matrix,ENH2
2019,2,5,2,nonnative_thatch,23,,Brome spp.,Matrix,ENH2
2019,2,5,7,nonnative_thatch,29,,BRHO,Matrix,ENH2
2019,2,5,11,nonnative_thatch,51,,Avena,Matrix,ENH2
2019,2,5,17,nonnative_thatch,27,,dd AVBA,Matrix,ENH2
2019,2,5,18,nonnative_thatch,33,,Avena,Matrix,ENH2
2019,2,5,19,nonnative_thatch,37,,Avena,Matrix,ENH2
2019,2,5,20,nonnative_thatch,58,,Avena,Matrix,ENH2
2019,2,5,26,nonnative_thatch,64,,Avena,Matrix,ENH2
2019,2,5,33,nonnative_thatch,20,,Avena,Matrix,ENH2
2019,2,5,35,nonnative_thatch,46,,SALE,Matrix,ENH2
2019,2,5,36,nonnative_thatch,70,,SALE,Matrix,ENH2
2019,2,6,1,nonnative_thatch,1,,CENMEL,Matrix,ENH2
2019,2,6,6,nonnative_thatch,85,,dd BRDI,Matrix,ENH2
2019,2,6,7,nonnative_thatch,92,,BRDI,Matrix,ENH2
2019,2,6,14,nonnative_thatch,49,,BRDI,Matrix,ENH2
2019,2,6,15,nonnative_thatch,40,,dd AVBA,Matrix,ENH2
2019,2,6,17,nonnative_thatch,50,,BRDI,Matrix,ENH2
2019,2,6,26,nonnative_thatch,20,,BRHO,Matrix,ENH2
2019,INT1,1,27,nonnative_thatch,29,,STLE,Intact,INT1
2019,INT1,1,32,nonnative_thatch,21,,STLE,Intact,INT1
2019,INT2,1,10,nonnative_thatch,14,,Apiastrum angustifolium,Intact,INT2
2019,INT2,1,41,nonnative_thatch,40,,STLE,Intact,INT2
2019,1,4,13,RHOV,60,,,Matrix,ENH1
2019,1,4,14,RHOV,113,,,Matrix,ENH1
2019,1,4,15,RHOV,131,,,Matrix,ENH1
2019,1,4,16,rhov,82,,,Matrix,ENH1
2019,INT2,1,6,RHOV,127,,,Intact,INT2
2019,INT3,1,13,RHOV,172,,,Intact,INT3
2019,INT3,1,14,RHOV,303,,,Intact,INT3
2019,INT3,1,15,RHOV,280,,,Intact,INT3
2019,INT3,1,16,RHOV,287,,,Intact,INT3
2019,INT3,1,32,RHOV,390,,,Intact,INT3
2019,INT3,1,33,rhov,385,,,Intact,INT3
2019,INT3,1,35,rhov,345,,,Intact,INT3
2019,INT3,1,36,RHOV,409,,,Intact,INT3
2019,INT3,1,37,RHOV,400,,,Intact,INT3
2019,INT3,1,38,RHOV,314,,,Intact,INT3
2019,INT3,1,39,RHOV,282,,,Intact,INT3
2019,INT3,1,40,RHOV,238,,,Intact,INT3
2019,INT3,1,41,RHOV,194,,,Intact,INT3
2019,1,1,31,SALE,119,,,Degraded,DEG1
2019,1,2,7,SALE,113,,,Degraded,DEG1
2019,1,2,16,SALE,89,,,Degraded,DEG1
2019,1,2,25,SALE,79,,,Degraded,DEG1
2019,1,2,26,SALE,76,,,Degraded,DEG1
2019,1,2,27,SALE,80,,,Degraded,DEG1
2019,1,2,34,SALE,99,,,Degraded,DEG1
2019,1,2,35,SALE,125,,,Degraded,DEG1
2019,1,2,36,SALE,102,,,Degraded,DEG1
2019,1,2,37,SALE,130,,,Degraded,DEG1
2019,1,3,26,SALE,87,,,Degraded,DEG1
2019,1,3,27,SALE,115,,,Degraded,DEG1
2019,1,3,28,SALE,74,,,Degraded,DEG1
2019,1,3,40,SALE,63,,,Degraded,DEG1
2019,2,1,5,SALE,54,,,Degraded,DEG2
2019,2,1,6,SALE,93,,,Degraded,DEG2
2019,2,1,21,SALE,110,,,Degraded,DEG2
2019,1,4,9,SALE,62,,,Matrix,ENH1
2019,1,4,10,SALE,89,,,Matrix,ENH1
2019,1,4,11,SALE,73,,,Matrix,ENH1
2019,1,4,12,SALE,88,,,Matrix,ENH1
2019,1,4,18,SALE,146,,,Matrix,ENH1
2019,1,4,20,SALE,162,,,Matrix,ENH1
2019,1,6,8,SALE,74,,,Matrix,ENH1
2019,1,6,9,SALE,97,,,Matrix,ENH1
2019,1,6,10,SALE,121,,,Matrix,ENH1
2019,1,6,11,SALE,90,,,Matrix,ENH1
2019,1,6,12,SALE,82,,,Matrix,ENH1
2019,1,6,26,SALE,101,,,Matrix,ENH1
2019,1,6,41,SALE,88,,,Matrix,ENH1
2019,2,5,37,SALE,88,,,Matrix,ENH2
2019,2,5,38,SALE,85,,,Matrix,ENH2
2019,2,6,20,SALE,110,,,Matrix,ENH2
2019,2,6,23,SALE,43,,,Matrix,ENH2
2019,INT1,1,15,SALE,175,,,Intact,INT1
2019,INT1,1,16,SALE,189,,,Intact,INT1
2019,INT1,1,18,SALE,165,,,Intact,INT1
2019,INT2,1,1,SALE,110,,,Intact,INT2
2019,INT2,1,3,SALE,44,,,Intact,INT2
2019,INT2,1,19,SALE,111,,,Intact,INT2
2019,INT2,1,20,SALE,138,,,Intact,INT2
2019,INT2,1,21,SALE,148,,,Intact,INT2
2019,INT2,1,38,SALE,141,,,Intact,INT2
2019,INT2,1,39,SALE,103,,,Intact,INT2
2019,INT3,1,3,SALE,99,,,Intact,INT3
2019,INT3,1,4,SALE,91,,,Intact,INT3
2019,INT3,1,5,SALE,125,,,Intact,INT3
2019,INT3,1,9,SALE,170,,,Intact,INT3
2019,INT3,1,10,SALE,143,,,Intact,INT3
2019,INT3,1,11,SALE,99,,,Intact,INT3
2019,INT3,1,12,SALE,75,,,Intact,INT3
2019,INT3,1,27,SALE,91,,,Intact,INT3
2019,INT3,1,28,SALE,109,,,Intact,INT3
2019,INT3,1,29,SALE,103,,,Intact,INT3
2019,INT2,1,4,SALE dead,89,,STLE,Intact,INT2
2024,2,10,19,Salvia lucophylla,96,,,degraded,DEG2
2024,2,10,20,Salvia lucophylla,100,,,degraded,DEG2
2024,2,10,21,Salvia lucophylla,148,,,degraded,DEG2
2024,2,10,22,Salvia lucophylla,103,,,degraded,DEG2
2024,2,10,23,Salvia lucophylla,130,,,degraded,DEG2
2024,2,10,24,Salvia lucophylla,140,,,degraded,DEG2
2024,2,10,25,Salvia lucophylla,150,,,degraded,DEG2
2024,2,10,26,Salvia lucophylla,120,,,degraded,DEG2
2024,2,10,27,Salvia lucophylla,113,,,degraded,DEG2
2024,2,10,28,Salvia lucophylla,80,,,degraded,DEG2
2024,2,10,33,Salvia lucophylla,198,,,degraded,DEG2
2024,2,10,34,Salvia lucophylla,80,,,degraded,DEG2
2024,2,10,35,Salvia lucophylla,140,,,degraded,DEG2
2024,2,12,40,Salvia lucophylla,40,,,degraded,DEG2
2024,2,12,41,Salvia lucophylla,90,,,degraded,DEG2
2024,2,13,16,Salvia lucophylla,40,,,degraded,DEG2
2024,2,13,17,Salvia lucophylla,120,,,degraded,DEG2
2024,2,13,18,Salvia lucophylla,130,,,degraded,DEG2
2024,2,13,19,Salvia lucophylla,150,,,degraded,DEG2
2024,2,13,20,Salvia lucophylla,110,,,degraded,DEG2
2024,2,14,7,Salvia lucophylla,65,,,matrix,ENH2
2024,2,14,8,Salvia lucophylla,140,,,matrix,ENH2
2024,2,14,9,Salvia lucophylla,153,,,matrix,ENH2
2024,2,14,10,Salvia lucophylla,128,,,matrix,ENH2
2024,2,14,11,Salvia lucophylla,140,,,matrix,ENH2
2024,2,14,12,Salvia lucophylla,115,,,matrix,ENH2
2024,2,14,17,Salvia lucophylla,65,,,matrix,ENH2
2024,2,14,19,Salvia lucophylla,133,,,matrix,ENH2
2024,2,14,20,Salvia lucophylla,76,,,matrix,ENH2
2024,2,14,21,Salvia lucophylla,33,,,matrix,ENH2
2024,2,14,22,Salvia lucophylla,73,,,matrix,ENH2
2024,2,14,23,Salvia lucophylla,100,,,matrix,ENH2
2024,2,18,12.5,Salvia lucophylla,55,,,,
2024,2,18,13,Salvia lucophylla,44,,,,
2024,2,18,13.5,Salvia lucophylla,50,,,,
2024,2,18,14,Salvia lucophylla,65,,,,
2024,2,18,14.5,Salvia lucophylla,100,,,,
2024,2,18,15,Salvia lucophylla,30,,,,
2024,2,18,15.5,Salvia lucophylla,58,,,,
2024,2,18,16,Salvia lucophylla,138,,,,
2024,2,18,16.5,Salvia lucophylla,155,,,,
2024,2,18,17,Salvia lucophylla,132,,,,
2024,2,18,17.5,Salvia lucophylla,77,,,,
2024,2,18,18,Salvia lucophylla,59,,,,
2024,2,16,7,Salvia lucophylla,165,,,,
2024,2,16,8,Salvia lucophylla,168,,,,
2024,2,16,9,Salvia lucophylla,161,,,,
2024,2,16,10,Salvia lucophylla,132,,,,
2024,2,16,11,Salvia lucophylla,90,,,,
2024,2,16,15,Salvia lucophylla,65,,,,
2024,2,16,16,Salvia lucophylla,77,,,,
2024,2,16,17,Salvia lucophylla,160,,,,
2024,2,16,20,Salvia lucophylla,100,,,,
2024,2,16,24,Salvia lucophylla,148,,,,
2024,2,16,26,Salvia lucophylla,80,,,,
2024,2,17,9,Salvia lucophylla,138,,,,
2024,2,17,10,Salvia lucophylla,135,,,,
2024,2,17,11,Salvia lucophylla,98,,,,
2024,2,17,21,Salvia lucophylla,45,,,,
2024,2,17,22,Salvia lucophylla,54,,,,
2024,2,17,23,Salvia lucophylla,118,,,,
2024,2,17,24,Salvia lucophylla,188,,,,
2024,2,17,26,Salvia lucophylla,75,,,,
2024,2,17,27,Salvia lucophylla,73,,,,
2024,2,15,3,Salvia lucophylla,76,,,,
2024,2,15,5,Salvia lucophylla,162,,,,
2024,2,15,6,Salvia lucophylla,138,,,,
2024,2,15,7,Salvia lucophylla,118,,,,
2024,2,15,8,Salvia lucophylla,183,,,,
2024,2,15,9,Salvia lucophylla,130,,,,
2024,2,15,10,Salvia lucophylla,181,,,,
2024,2,15,11,Salvia lucophylla,158,,,,
2024,2,15,12,Salvia lucophylla,102,,,,
2024,2,15,13,Salvia lucophylla,115,,,,
2024,2,15,14,Salvia lucophylla,130,,,,
2024,2,15,15,Salvia lucophylla,132,,,,
2024,2,15,16,Salvia lucophylla,80,,,,
2024,2,15,17,Salvia lucophylla,160,,,,
2024,2,15,18,Salvia lucophylla,170,,,,
2024,2,15,19,Salvia lucophylla,127,,,,
2024,2,15,20,Salvia lucophylla,50,,,,
2024,2,15,35,Salvia lucophylla,100,,,,
2024,2,15,36,Salvia lucophylla,125,,,,
2024,2,15,37,Salvia lucophylla,107,,,,
2024,2,15,38,Salvia lucophylla,96,,,,
2024,2,15,39,Salvia lucophylla,43,,,,
2024,2,15,40,Salvia lucophylla,70,,,,
2024,2,15,41,Salvia lucophylla,99,,,,
2024,1,7,3,Salvia lucophylla,55,,,,
2024,1,7,4,Salvia lucophylla,115,,,,
2024,1,7,5,Salvia lucophylla,95,,,,
2024,1,7,6,Salvia lucophylla,96,,,,
2024,1,7,7,Salvia lucophylla,90,,,,
2024,1,7,8,Salvia lucophylla,90,,,,
2024,1,7,10,Salvia lucophylla,145,,,,
2024,1,7,11,Salvia lucophylla,130,,,,
2024,1,7,14,Salvia lucophylla,160,,,,
2024,1,7,15,Salvia lucophylla,119,,,,
2024,1,7,20,Salvia lucophylla,100,,,,
2024,1,7,22,Salvia lucophylla,112,,,,
2024,1,7,24,Salvia lucophylla,150,,,,
2024,1,7,26,Salvia lucophylla,142,,,,
2024,1,7,27,Salvia lucophylla,110,,,,
2024,1,7,28,Salvia lucophylla,90,,,,
2024,1,7,30,Salvia lucophylla,89,,,,
2024,1,7,36,Salvia lucophylla,65,,,,
2024,1,7,37,Salvia lucophylla,90,,,,
2024,1,7,38,Salvia lucophylla,125,,,,
2024,1,8,4,Salvia lucophylla,63,,,,
2024,1,8,5,Salvia lucophylla,84,,,,
2024,1,8,6,Salvia lucophylla,98,,,,
2024,1,8,7,Salvia lucophylla,100,,,,
2024,1,8,11,Salvia lucophylla,72,,,,
2024,1,8,12,Salvia lucophylla,90,,,,
2024,1,8,13,Salvia lucophylla,100,,,,
2024,1,8,14,Salvia lucophylla,91,,,,
2024,1,8,15,Salvia lucophylla,50,,,,
2024,1,8,16,Salvia lucophylla,77,,,,
2024,1,8,17,Salvia lucophylla,163,,,,
2024,1,8,18,Salvia lucophylla,158,,,,
2024,1,8,19,Salvia lucophylla,153,,,,
2024,1,8,20,Salvia lucophylla,103,,,,
2024,1,8,24,Salvia lucophylla,88,,,,
2024,1,8,25,Salvia lucophylla,102,,,,
2024,1,8,26,Salvia lucophylla,158,,,,
2024,1,8,27,Salvia lucophylla,123,,,,
2024,1,8,28,Salvia lucophylla,105,,,,
2024,1,8,29,Salvia lucophylla,79,,,,
2024,1,8,38,Salvia lucophylla,72,,,,
2024,1,9,6,Salvia lucophylla,80,,,,
2024,1,9,7,Salvia lucophylla,108,,,,
2024,1,9,8,Salvia lucophylla,140,,,,
2024,1,9,9,Salvia lucophylla,95,,,,
2024,1,9,11,Salvia lucophylla,76,,,,
2024,1,9,12,Salvia lucophylla,70,,,,
2024,1,9,13,Salvia lucophylla,117,,,,
2024,1,9,14,Salvia lucophylla,110,,,,
2024,1,9,24,Salvia lucophylla,66,,,,
2024,1,9,32,Salvia lucophylla,104,,,,
2024,1,9,33,Salvia lucophylla,160,,,,
2024,1,9,34,Salvia lucophylla,120,,,,
2024,1,9,35,Salvia lucophylla,140,,,,
2024,1,9,36,Salvia lucophylla,117,,,,
2024,1,9,37,Salvia lucophylla,120,,,,
2024,1,9,38,Salvia lucophylla,130,,,,
2024,1,9,39,Salvia lucophylla,190,,,,
2024,1,9,40,Salvia lucophylla,150,,,,
2024,1,9,41,Salvia lucophylla,150,,,,
2024,1,10,2,Salvia lucophylla,27,,,,
2024,1,10,3,Salvia lucophylla,95,,,,
2024,1,10,4,Salvia lucophylla,100,,,,
2024,1,10,6,Salvia lucophylla,98,,,,
2024,1,10,7,Salvia lucophylla,95,,,,
2024,1,10,26,Salvia lucophylla,131,,,,
2024,1,10,27,Salvia lucophylla,109,,,,
2024,1,10,35,Salvia lucophylla,90,,,,
2024,1,7,41,Sambucus nigra,141,,,,
2024,1,8,2,Stipa lepida,20,,,,
2024,1,8,3,Stipa lepida,5,,,,
2024,1,8,9,Stipa lepida,50,,,,
2024,1,8,10,Stipa lepida,30,,,,
2024,1,8,36,Stipa lepida,75,,,,
2024,1,9,22,Stipa lepida,54,,,,
2024,1,9,23,Stipa lepida,50,,,,
2024,1,9,29,Stipa lepida,50,,,,
2019,1,5,4,STLE,25,,,Matrix,ENH1
2019,1,6,4,STLE,42,,,Matrix,ENH1
2019,1,6,5,STLE,29,,,Matrix,ENH1
2019,1,6,7,STLE,72,,,Matrix,ENH1
2019,INT1,1,4,STLE,130,,,Intact,INT1
2019,INT1,1,5,STLE,193,,,Intact,INT1
2019,INT1,1,9,STLE,305,,,Intact,INT1
2019,INT1,1,26,STLE,31,,,Intact,INT1
2019,INT1,1,33,STLE,39,,,Intact,INT1
2019,INT2,1,8,STLE,32,,,Intact,INT2
2019,INT2,1,9,STLE,39,,,Intact,INT2
2019,INT2,1,14,STLE,43,,,Intact,INT2
2019,INT2,1,15,STLE,21,,,Intact,INT2
2017,INT4,1,2,unknown2,66,,,Intact,INT4
2017,INT4,1,3,unknown2,142,,,Intact,INT4
2017,INT4,1,4,unknown3,248,,,Intact,INT4
2019,1,6,28,URCR,179,,,Matrix,ENH1
2024,INT5,1,1,Malacothamnus fasciculatus,90,,,,
2024,INT5,1,2,Malacothamnus fasciculatus,213,,,,
2024,INT5,1,3,Malacothamnus fasciculatus,235,,,,
2024,INT5,1,4,Heteromeles arbutifolia,302,,,,
2024,INT5,1,5,Heteromeles arbutifolia,380,,,,
2024,INT5,1,6,Heteromeles arbutifolia,350,,,,
2024,INT5,1,7,Heteromeles arbutifolia,370,,,,
2024,INT5,1,8,Heteromeles arbutifolia,340,,,,
2024,INT5,1,9,Heteromeles arbutifolia,285,,,,
2024,INT5,1,10,Heteromeles arbutifolia,350,,,,
2024,INT5,1,11,Rhamnus ilicifolia,330,,,,
2024,INT5,1,12,Heteromeles arbutifolia,278,,,,
2024,INT5,1,13,Heteromeles arbutifolia,240,,,,
2024,INT5,1,14,Heteromeles arbutifolia,300,,,,
2024,INT5,1,15,Malacothamnus fasciculatus,210,,,,
2024,INT5,1,16,Malacothamnus fasciculatus,220,,,,
2024,INT5,1,17,Malacothamnus fasciculatus,202,,,,
2024,INT5,1,18,Malacothamnus fasciculatus,297,,,,
2024,INT5,1,19,Malacothamnus fasciculatus,250,,,,
2024,INT5,1,20,Malacothamnus fasciculatus,245,,,,
2024,INT5,1,21,Malacothamnus fasciculatus,205,,,,
2024,INT5,1,22,Malacothamnus fasciculatus,210,,,,
2024,INT5,1,23,Malacothamnus fasciculatus,285,,,,
2024,INT5,1,24,dead RHIL,265,,,,
2024,INT5,1,25,Malacothamnus fasciculatus,248,,,,
2024,INT5,1,26,Heteromeles arbutifolia,378,,,,
2024,INT5,1,27,Malacothamnus fasciculatus,310,,,,
2024,INT5,1,28,Malacothamnus fasciculatus,330,,,,
2024,INT5,1,29,Malacothamnus fasciculatus,210,,,,
2024,INT5,1,30,Malacothamnus fasciculatus,200,,,,
2024,INT5,1,31,Malacothamnus fasciculatus,200,,,,
2024,INT5,1,32,Malacothamnus fasciculatus,235,,,,
2024,INT5,1,33,Malacothamnus fasciculatus,215,,,,
2024,INT5,1,34,Malacothamnus fasciculatus,205,,,,
2024,INT5,1,35,Heteromeles arbutifolia,230,,,,
2024,INT5,1,36,Heteromeles arbutifolia,300,,,,
2024,INT5,1,37,Heteromeles arbutifolia,310,,,,
2024,INT5,1,38,Heteromeles arbutifolia,320,,,,
2024,INT5,1,39,Heteromeles arbutifolia,500,,,,
2024,INT5,1,40,Heteromeles arbutifolia,500,,,,
2024,INT5,1,41,Heteromeles arbutifolia,350,,,,
2024,1,14,1,Malacothamnus fasciculatus,166,,,,
2024,1,14,2,Malacothamnus fasciculatus,283,,,,
2024,1,14,3,Malacothamnus fasciculatus,302,,,,
2024,1,14,4,Malacothamnus fasciculatus,322,,,,
2024,1,14,5,Malacothamnus fasciculatus,274,,,,
2024,1,14,6,Malacothamnus fasciculatus,260,,,,
2024,1,14,7,Malacothamnus fasciculatus,176,,,,
2024,1,14,8,Malacothamnus fasciculatus,210,,,,
2024,1,14,9,Malacothamnus fasciculatus,212,,,,
2024,1,14,10,Malacothamnus fasciculatus,192,,,,
2024,1,14,11,Malacothamnus fasciculatus,190,,,,
2024,1,14,12,Malacothamnus fasciculatus,170,,,,
2024,1,14,13,Artemisia californica,114,,,,
2024,1,14,14,Malacothamnus fasciculatus,175,,,,
2024,1,14,15,Malacothamnus fasciculatus,186,,,,
2024,1,14,16,Malacothamnus fasciculatus,228,,,,
2024,1,14,17,Malacothamnus fasciculatus,252,,,,
2024,1,14,18,Malacothamnus fasciculatus,252,,,,
2024,1,14,19,Malacothamnus fasciculatus,235,,,,
2024,1,14,20,Malacothamnus fasciculatus,109,,,,
2024,1,14,21,Centaurea melitensis,40,,,,
2024,1,14,22,Centaurea melitensis,30,,,,
2024,1,14,23,Centaurea melitensis,20,,,,
2024,1,14,24,Centaurea melitensis,46,,,,
2024,1,14,25,Salvia lucophylla,80,,,,
2024,1,14,26,Salvia lucophylla,110,,,,
2024,1,14,27,Salvia lucophylla,109,,,,
2024,1,14,28,Salvia lucophylla,110,,,,
2024,1,14,29,Centaurea melitensis,5,,,,
2024,1,14,30,Centaurea melitensis,20,,,,
2024,1,14,31,Salvia lucophylla,50,,,,
2024,1,14,32,Salvia lucophylla,151,,,,
2024,1,14,33,Malacothamnus fasciculatus,151,,,,
2024,1,14,34,Malacothamnus fasciculatus,201,,,,
2024,1,14,35,Malacothamnus fasciculatus,205,,,,
2024,1,14,36,Malacothamnus fasciculatus,190,,,,
2024,1,14,37,Salvia lucophylla,125,,,,
2024,1,14,38,Salvia lucophylla,115,,,,
2024,1,14,39,Centaurea melitensis,61,,,,
2024,1,14,40,Salvia lucophylla,68,,,,
2024,1,14,41,Salvia lucophylla,95,,,,
2024,1,11,1,Rapistrum rugosum - round pods,70,,,,
2024,1,11,2,Rapistrum rugosum - round pods,51,,,,
2024,1,11,3,Rapistrum rugosum - round pods,51,,,,
2024,1,11,4,Bromus diandrus BRDI,60,,,,
2024,1,11,5,Bromus diandrus BRDI,40,,,,
2024,1,11,6,Bromus diandrus BRDI,40,,,,
2024,1,11,7,Bromus diandrus BRDI,58,,,,
2024,1,11,8,Bromus diandrus BRDI,62,,,,
2024,1,11,9,Rapistrum rugosum - round pods,58,,,,
2024,1,11,10,Bromus diandrus BRDI,29,,,,
2024,1,11,11,Bromus diandrus BRDI,65,,,,
2024,1,11,12,Bromus diandrus BRDI,65,,,,
2024,1,11,13,Bromus diandrus BRDI,40,,,,
2024,1,11,14,Bromus diandrus BRDI,46,,,,
2024,1,11,15,Bromus diandrus BRDI,68,,,,
2024,1,11,16,Bromus diandrus BRDI,63,,,,
2024,1,11,17,Bromus diandrus BRDI,35,,,,
2024,1,11,18,Bromus diandrus BRDI,30,,,,
2024,1,11,19,Bromus diandrus BRDI,24,,,,
2024,1,11,20,Avena barbata,40,,,,
2024,1,11,21,Bromus diandrus BRDI,45,,,,
2024,1,11,22,Bromus diandrus BRDI,40,,,,
2024,1,11,23,Rapistrum rugosum - round pods,42,,,,
2024,1,11,24,Rapistrum rugosum - round pods,60,,,,
2024,1,11,25,Rapistrum rugosum - round pods,80,,,,
2024,1,11,26,Bromus diandrus BRDI,55,,,,
2024,1,11,27,Bromus diandrus BRDI,30,,,,
2024,1,11,28,Bromus diandrus BRDI,21,,,,
2024,1,11,29,Bromus diandrus BRDI,45,,,,
2024,1,11,30,Bromus diandrus BRDI,43,,,,
2024,1,11,31,Rapistrum rugosum - round pods,33,,,,
2024,1,11,32,Bromus diandrus BRDI,26,,,,
2024,1,11,33,Bromus diandrus BRDI,30,,,,
2024,1,11,34,Bromus diandrus BRDI,50,,,,
2024,1,11,35,Bromus diandrus BRDI,35,,,,
2024,1,11,36,Bromus diandrus BRDI,18,,,,
2024,1,11,37,Bromus diandrus BRDI,60,,,,
2024,1,11,38,Rapistrum rugosum - round pods,85,,,,
2024,1,11,39,Rapistrum rugosum - round pods,90,,,,
2024,1,11,40,Rapistrum rugosum - round pods,28,,,,
2024,1,11,41,Bromus rubens BRRU,11,,,,
2024,1,12,1,Bromus diandrus BRDI,55,,,,
2024,1,12,2,Avena barbata,45,,,,
2024,1,12,3,Avena barbata,42,,,,
2024,1,12,4,Bromus diandrus BRDI,50,,,,
2024,1,12,5,Bromus diandrus BRDI,60,,,,
2024,1,12,6,Bromus diandrus BRDI,40,,,,
2024,1,12,7,Bromus diandrus BRDI,45,,,,
2024,1,12,8,no_species,0,,,,
2024,1,12,9,Bromus diandrus BRDI,51,,,,
2024,1,12,10,Bromus diandrus BRDI,55,,,,
2024,1,12,11,Bromus diandrus BRDI,48,,,,
2024,1,12,12,Rapistrum rugosum - round pods,50,,,,
2024,1,12,13,Bromus diandrus BRDI,60,,,,
2024,1,12,14,Bromus diandrus BRDI,58,,,,
2024,1,12,15,Rapistrum rugosum - round pods,60,,,,
2024,1,12,16,Bromus diandrus BRDI,65,,,,
2024,1,12,17,Rapistrum rugosum - round pods,53,,,,
2024,1,12,18,Bromus diandrus BRDI,40,,,,
2024,1,12,19,Bromus diandrus BRDI,51,,,,
2024,1,12,20,Rapistrum rugosum - round pods,50,,,,
2024,1,12,21,Bromus diandrus BRDI,30,,,,
2024,1,12,22,Bromus diandrus BRDI,70,,,,
2024,1,12,23,Bromus diandrus BRDI,75,,,,
2024,1,12,24,Bromus diandrus BRDI,40,,,,
2024,1,12,25,Bromus diandrus BRDI,60,,,,
2024,1,12,26,Bromus diandrus BRDI,15,,,,
2024,1,12,27,Rapistrum rugosum - round pods,50,,,,
2024,1,12,28,Rapistrum rugosum - round pods,55,,,,
2024,1,12,29,Bromus diandrus BRDI,38,,,,
2024,1,12,30,Rapistrum rugosum - round pods,42,,,,
2024,1,12,31,Bromus diandrus BRDI,45,,,,
2024,1,12,32,Bromus diandrus BRDI,53,,,,
2024,1,12,33,Rapistrum rugosum - round pods,40,,,,
2024,1,12,34,Rapistrum rugosum - round pods,48,,,,
2024,1,12,35,Bromus diandrus BRDI,36,,,,
2024,1,12,36,Bromus diandrus BRDI,42,,,,
2024,1,12,37,Bromus diandrus BRDI,35,,,,
2024,1,12,38,Bromus diandrus BRDI,22,,,,
2024,1,12,39,Bromus diandrus BRDI,40,,,,
2024,1,12,40,Bromus diandrus BRDI,30,,,,
2024,1,12,41,Bromus diandrus BRDI,51,,,,
2024,1,13,1,Rapistrum rugosum - round pods,38,,,,
2024,1,13,2,Centaurea melitensis,54,,,,
2024,1,13,3,Centaurea melitensis,60,,,,
2024,1,13,4,Rapistrum rugosum - round pods,83,,,,
2024,1,13,5,Centaurea melitensis,24,,,,
2024,1,13,6,Centaurea melitensis,35,,,,
2024,1,13,7,Rapistrum rugosum - round pods,79,,,,
2024,1,13,8,Rapistrum rugosum - round pods,64,,,,
2024,1,13,9,Rapistrum rugosum - round pods,38,,,,
2024,1,13,10,Bromus rubens BRRU,13,,,,
2024,1,13,11,Salvia lucophylla,39,,,,
2024,1,13,12,Rapistrum rugosum - round pods,38,,,,
2024,1,13,13,Centaurea melitensis,36,,,,
2024,1,13,14,Centaurea melitensis,44,,,,
2024,1,13,15,Centaurea melitensis,44,,,,
2024,1,13,16,Centaurea melitensis,53,,,,
2024,1,13,17,Centaurea melitensis,70,,,,
2024,1,13,18,Centaurea melitensis,60,,,,
2024,1,13,19,Centaurea melitensis,61,,,,
2024,1,13,20,Centaurea melitensis,47,,,,
2024,1,13,21,Bromus rubens BRRU,5,,,,
2024,1,13,22,no_species,46,,,,
2024,1,13,23,Centaurea melitensis,28,,,,
2024,1,13,24,Rapistrum rugosum - round pods,55,,,,
2024,1,13,25,Rapistrum rugosum - round pods,46,,,,
2024,1,13,26,Salvia lucophylla,60,,,,
2024,1,13,27,Rapistrum rugosum - round pods,58,,,,
2024,1,13,28,Rapistrum rugosum - round pods,36,,,,
2024,1,13,29,Centaurea melitensis,39,,,,
2024,1,13,30,Rapistrum rugosum - round pods,55,,,,
2024,1,13,31,Rapistrum rugosum - round pods,10,,,,
2024,1,13,32,Rapistrum rugosum - round pods,52,,,,
2024,1,13,33,Rapistrum rugosum - round pods,30,,,,
2024,1,13,34,Salvia lucophylla,55,,,,
2024,1,13,35,Salvia lucophylla,105,,,,
2024,1,13,36,Salvia lucophylla,156,,,,
2024,1,13,37,Salvia lucophylla,165,,,,
2024,1,13,38,Salvia lucophylla,128,,,,
2024,1,13,39,Salvia lucophylla,120,,,,
2024,1,13,40,Salvia lucophylla,57,,,,
2024,1,13,41,Salvia lucophylla,100,,,,
2024,2,19,1,Salvia lucophylla,,65,,,
2024,2,19,2,Salvia lucophylla,,48,,,
2024,2,19,3,Avena barbata,,51,,,
2024,2,19,4,Centaurea melitensis,,28,,,
2024,2,19,5,Centaurea melitensis,,47,,,
2024,2,19,6,Centaurea melitensis,,37,,,
2024,2,19,7,Centaurea melitensis,,62,,,
2024,2,19,8,Rapistrum rugosum - round pods,,38,dead from the year before,,
2024,2,19,9,dead Acmispon glaber,,39,,,
2024,2,19,10,Avena barbata,,35,,,
2024,2,19,11,Bromus hordeaceus BRHO,,20,no max height recorded. estimated by max heights in vicinity and what I remember of BRHO heights,,
2024,2,19,12,Centaurea melitensis,,30,,,
2024,2,19,13,Centaurea melitensis,,27,,,
2024,2,19,14,ACGL Acmispon glaber,,44,,,
2024,2,19,15,Artemisia californica,,75,,,
2024,2,19,16,Artemisia californica,,85,,,
2024,2,19,17,Artemisia californica,,90,deer poop!,,
2024,2,19,18,Artemisia californica,,72,,,
2024,2,19,19,ACGL Acmispon glaber,,100,,,
2024,2,19,20,ACGL Acmispon glaber,,120,,,
2024,2,19,21,ACGL Acmispon glaber,,127,,,
2024,2,19,22,Salvia lucophylla,,112,,,
2024,2,19,23,ACGL Acmispon glaber,,108,,,
2024,2,19,24,Salvia lucophylla,,48,,,
2024,2,19,25,ACGL Acmispon glaber,,82,,,
2024,2,19,26,Centaurea melitensis,,41,,,
2024,2,19,27,Bromus diandrus BRDI,,15,,,
2024,2,19,28,Salvia lucophylla,,86,,,
2024,2,19,29,dead SALE,,31,,,
2024,2,19,30,Salvia lucophylla,,55,,,
2024,2,19,31,Centaurea melitensis,,60,,,
2024,2,19,32,Centaurea melitensis,,63,,,
2024,2,19,33,Centaurea melitensis,,40,,,
2024,2,19,34,Malacothamnus fasciculatus,,110,,,
2024,2,19,35,Festuca myros,,15,,,
2024,2,19,36,Malacothamnus fasciculatus,,95,,,
2024,2,19,37,Bromus diandrus BRDI,,32,,,
2024,2,19,38,Centaurea melitensis,,54,,,
2024,2,19,39,Centaurea melitensis,,50,,,
2024,2,19,40,Centaurea melitensis,,47,,,
2024,2,19,41,Centaurea melitensis,,40,,,
2024,2,20,1,Salvia lucophylla,,100,,,
2024,2,20,2,Salvia lucophylla,,100,,,
2024,2,20,3,Salvia lucophylla,,69,,,
2024,2,20,4,Salvia lucophylla,,90,,,
2024,2,20,5,Salvia lucophylla,,120,,,
2024,2,20,6,Salvia lucophylla,,135,,,
2024,2,20,7,Salvia lucophylla,,90,,,
2024,2,20,8,Salvia lucophylla,,134,,,
2024,2,20,9,Salvia lucophylla,,115,,,
2024,2,20,10,Salvia lucophylla,,125,,,
2024,2,20,11,Salvia lucophylla,,80,,,
2024,2,20,12,Salvia lucophylla,,72,,,
2024,2,20,13,Salvia lucophylla,,70,,,
2024,2,20,14,Salvia lucophylla,,80,,,
2024,2,20,15,Salvia lucophylla,,61,,,
2024,2,20,16,Salvia lucophylla,,118,,,
2024,2,20,17,Salvia lucophylla,,135,,,
2024,2,20,18,Salvia lucophylla,,100,,,
2024,2,20,19,Salvia lucophylla,,133,,,
2024,2,20,20,Salvia lucophylla,,70,,,
2024,2,20,21,Salvia lucophylla,,100,,,
2024,2,20,22,Salvia lucophylla,,100,,,
2024,2,20,23,Salvia lucophylla,,120,,,
2024,2,20,24,Salvia lucophylla,,150,,,
2024,2,20,25,Salvia lucophylla,,145,,,
2024,2,20,26,Salvia lucophylla,,151,,,
2024,2,20,27,Salvia lucophylla,,102,,,
2024,2,20,28,Salvia lucophylla,,80,,,
2024,2,20,29,Salvia lucophylla,,48,,,
2024,2,20,30,no_species,,0,,,
2024,2,20,31,Festuca myros,,9,,,
2024,2,20,32,Bromus rubens BRRU,,15,,,
2024,2,20,33,Bromus rubens BRRU,,20,,,
2024,2,20,34,Salvia lucophylla,,62,,,
2024,2,20,35,Bromus rubens BRRU,,12,,,
2024,2,20,36,Salvia lucophylla,,149,,,
2024,2,20,37,Salvia lucophylla,,126,,,
2024,2,20,38,Malacothamnus fasciculatus,,73,,,
2024,2,20,39,Malacothamnus fasciculatus,,73,,,
2024,2,20,40,Bromus rubens BRRU,,12,,,
2024,2,20,41,Salvia lucophylla,,115,,,
2024,2,21,1,ACGL Acmispon glaber,,35,,,
2024,2,21,2,ACGL Acmispon glaber,,65,,,
2024,2,21,3,ACGL Acmispon glaber,,35,,,
2024,2,21,4,ACGL Acmispon glaber,,30,,,
2024,2,21,5,Hirschfeldia incana - long pods,,103,,,
2024,2,21,6,Erodium spp.,,10,,,
2024,2,21,7,Erodium spp.,,8,,,
2024,2,21,8,Festuca myros,,18,,,
2024,2,21,9,Bromus rubens BRRU,,20,,,
2024,2,21,10,Bromus rubens BRRU,,20,,,
2024,2,21,11,ACGL Acmispon glaber,,45,,,
2024,2,21,12,ACGL Acmispon glaber,,54,,,
2024,2,21,13,Bromus rubens BRRU,,14,,,
2024,2,21,14,Bromus diandrus BRDI,,62,,,
2024,2,21,15,Bromus hordeaceus BRHO,,32,,,
2024,2,21,16,Hirschfeldia incana - long pods,,52,,,
2024,2,21,17,Cryptantha sp.,,25,,,
2024,2,21,18,Malacothamnus fasciculatus,,90,,,
2024,2,21,19,Salvia lucophylla,,85,,,
2024,2,21,20,Salvia lucophylla,,125,,,
2024,2,21,21,Salvia lucophylla,,138,,,
2024,2,21,22,Malacothamnus fasciculatus,,160,,,
2024,2,21,23,Malacothamnus fasciculatus,,150,,,
2024,2,21,24,Malacothamnus fasciculatus,,110,,,
2024,2,21,25,Malacothamnus fasciculatus,,110,,,
2024,2,21,26,Salvia lucophylla,,95,,,
2024,2,21,27,Salvia lucophylla,,100,,,
2024,2,21,28,Salvia lucophylla,,75,,,
2024,2,21,29,Salvia lucophylla,,70,,,
2024,2,21,30,Salvia lucophylla,,50,,,
2024,2,21,31,Solanum xanti,,55,,,
2024,2,21,32,Artemisia californica,,90,,,
2024,2,21,33,Artemisia californica,,90,,,
2024,2,21,34,Artemisia californica,,134,,,
2024,2,21,35,Artemisia californica,,90,,,
2024,2,21,36,Cryptantha sp.,,8,,,
2024,2,21,37,Salvia lucophylla,,46,,,
2024,2,21,38,Salvia lucophylla,,80,,,
2024,2,21,39,dead MAFA,,120,,,
2024,2,21,40,dead MAFA,,142,,,
2024,2,21,41,Salvia lucophylla,,134,,,