"","standtype","site","rep","species","status","count","site_rep"
"1","degraded","DEG1",1,"Artemisia californica","dead",0,"DEG1_1"
"2","degraded","DEG1",1,"Baccharis pilularis","dead",0,"DEG1_1"
"3","degraded","DEG1",1,"Cenothus oliganthus","dead",0,"DEG1_1"
"4","degraded","DEG1",1,"Eriodictyon crassifolium","dead",0,"DEG1_1"
"5","degraded","DEG1",1,"Eriogonum fasciculatum","dead",0,"DEG1_1"
"6","degraded","DEG1",1,"Heteromeles arbutifolia","dead",0,"DEG1_1"
"7","degraded","DEG1",1,"Malacothamnus fasciculatus","dead",0,"DEG1_1"
"8","degraded","DEG1",1,"Rhamnus ilicifolia","dead",0,"DEG1_1"
"9","degraded","DEG1",1,"Rhus ovata","dead",0,"DEG1_1"
"10","degraded","DEG1",1,"Salvia apiana","dead",0,"DEG1_1"
"11","degraded","DEG1",1,"Salvia leucophylla","dead",0,"DEG1_1"
"12","degraded","DEG1",1,"Sambucus mexicana","dead",0,"DEG1_1"
"13","degraded","DEG1",1,"unknown5 shrub","dead",0,"DEG1_1"
"14","degraded","DEG1",2,"Artemisia californica","dead",0,"DEG1_2"
"15","degraded","DEG1",2,"Baccharis pilularis","dead",0,"DEG1_2"
"16","degraded","DEG1",2,"Cenothus oliganthus","dead",0,"DEG1_2"
"17","degraded","DEG1",2,"Eriodictyon crassifolium","dead",0,"DEG1_2"
"18","degraded","DEG1",2,"Eriogonum fasciculatum","dead",0,"DEG1_2"
"19","degraded","DEG1",2,"Heteromeles arbutifolia","dead",0,"DEG1_2"
"20","degraded","DEG1",2,"Malacothamnus fasciculatus","dead",0,"DEG1_2"
"21","degraded","DEG1",2,"Rhamnus ilicifolia","dead",0,"DEG1_2"
"22","degraded","DEG1",2,"Rhus ovata","dead",0,"DEG1_2"
"23","degraded","DEG1",2,"Salvia apiana","dead",0,"DEG1_2"
"24","degraded","DEG1",2,"Salvia leucophylla","dead",0,"DEG1_2"
"25","degraded","DEG1",2,"Sambucus mexicana","dead",0,"DEG1_2"
"26","degraded","DEG1",2,"unknown5 shrub","dead",0,"DEG1_2"
"27","degraded","DEG1",3,"Artemisia californica","dead",0,"DEG1_3"
"28","degraded","DEG1",3,"Baccharis pilularis","dead",0,"DEG1_3"
"29","degraded","DEG1",3,"Cenothus oliganthus","dead",0,"DEG1_3"
"30","degraded","DEG1",3,"Eriodictyon crassifolium","dead",0,"DEG1_3"
"31","degraded","DEG1",3,"Eriogonum fasciculatum","dead",0,"DEG1_3"
"32","degraded","DEG1",3,"Heteromeles arbutifolia","dead",0,"DEG1_3"
"33","degraded","DEG1",3,"Malacothamnus fasciculatus","dead",0,"DEG1_3"
"34","degraded","DEG1",3,"Rhamnus ilicifolia","dead",0,"DEG1_3"
"35","degraded","DEG1",3,"Rhus ovata","dead",0,"DEG1_3"
"36","degraded","DEG1",3,"Salvia apiana","dead",0,"DEG1_3"
"37","degraded","DEG1",3,"Salvia leucophylla","dead",0,"DEG1_3"
"38","degraded","DEG1",3,"Sambucus mexicana","dead",0,"DEG1_3"
"39","degraded","DEG1",3,"unknown5 shrub","dead",0,"DEG1_3"
"40","degraded","DEG2",4,"Artemisia californica","dead",0,"DEG2_4"
"41","degraded","DEG2",4,"Baccharis pilularis","dead",0,"DEG2_4"
"42","degraded","DEG2",4,"Cenothus oliganthus","dead",0,"DEG2_4"
"43","degraded","DEG2",4,"Eriodictyon crassifolium","dead",0,"DEG2_4"
"44","degraded","DEG2",4,"Eriogonum fasciculatum","dead",0,"DEG2_4"
"45","degraded","DEG2",4,"Heteromeles arbutifolia","dead",0,"DEG2_4"
"46","degraded","DEG2",4,"Malacothamnus fasciculatus","dead",0,"DEG2_4"
"47","degraded","DEG2",4,"Rhamnus ilicifolia","dead",0,"DEG2_4"
"48","degraded","DEG2",4,"Rhus ovata","dead",0,"DEG2_4"
"49","degraded","DEG2",4,"Salvia apiana","dead",0,"DEG2_4"
"50","degraded","DEG2",4,"Salvia leucophylla","dead",0,"DEG2_4"
"51","degraded","DEG2",4,"Sambucus mexicana","dead",0,"DEG2_4"
"52","degraded","DEG2",4,"unknown5 shrub","dead",0,"DEG2_4"
"53","degraded","DEG2",5,"Artemisia californica","dead",0,"DEG2_5"
"54","degraded","DEG2",5,"Baccharis pilularis","dead",0,"DEG2_5"
"55","degraded","DEG2",5,"Cenothus oliganthus","dead",0,"DEG2_5"
"56","degraded","DEG2",5,"Eriodictyon crassifolium","dead",0,"DEG2_5"
"57","degraded","DEG2",5,"Eriogonum fasciculatum","dead",0,"DEG2_5"
"58","degraded","DEG2",5,"Heteromeles arbutifolia","dead",0,"DEG2_5"
"59","degraded","DEG2",5,"Malacothamnus fasciculatus","dead",0,"DEG2_5"
"60","degraded","DEG2",5,"Rhamnus ilicifolia","dead",0,"DEG2_5"
"61","degraded","DEG2",5,"Rhus ovata","dead",0,"DEG2_5"
"62","degraded","DEG2",5,"Salvia apiana","dead",0,"DEG2_5"
"63","degraded","DEG2",5,"Salvia leucophylla","dead",0,"DEG2_5"
"64","degraded","DEG2",5,"Sambucus mexicana","dead",0,"DEG2_5"
"65","degraded","DEG2",5,"unknown5 shrub","dead",0,"DEG2_5"
"66","degraded","DEG2",6,"Artemisia californica","dead",0,"DEG2_6"
"67","degraded","DEG2",6,"Baccharis pilularis","dead",0,"DEG2_6"
"68","degraded","DEG2",6,"Cenothus oliganthus","dead",0,"DEG2_6"
"69","degraded","DEG2",6,"Eriodictyon crassifolium","dead",0,"DEG2_6"
"70","degraded","DEG2",6,"Eriogonum fasciculatum","dead",0,"DEG2_6"
"71","degraded","DEG2",6,"Heteromeles arbutifolia","dead",0,"DEG2_6"
"72","degraded","DEG2",6,"Malacothamnus fasciculatus","dead",0,"DEG2_6"
"73","degraded","DEG2",6,"Rhamnus ilicifolia","dead",0,"DEG2_6"
"74","degraded","DEG2",6,"Rhus ovata","dead",0,"DEG2_6"
"75","degraded","DEG2",6,"Salvia apiana","dead",0,"DEG2_6"
"76","degraded","DEG2",6,"Salvia leucophylla","dead",0,"DEG2_6"
"77","degraded","DEG2",6,"Sambucus mexicana","dead",0,"DEG2_6"
"78","degraded","DEG2",6,"unknown5 shrub","dead",0,"DEG2_6"
"79","intact","Intact1",1,"Artemisia californica","dead",0,"Intact1_1"
"80","intact","Intact1",1,"Baccharis pilularis","dead",0,"Intact1_1"
"81","intact","Intact1",1,"Cenothus oliganthus","dead",0,"Intact1_1"
"82","intact","Intact1",1,"Eriodictyon crassifolium","dead",0,"Intact1_1"
"83","intact","Intact1",1,"Eriogonum fasciculatum","dead",0,"Intact1_1"
"84","intact","Intact1",1,"Heteromeles arbutifolia","dead",20,"Intact1_1"
"85","intact","Intact1",1,"Malacothamnus fasciculatus","dead",0,"Intact1_1"
"86","intact","Intact1",1,"Rhamnus ilicifolia","dead",0,"Intact1_1"
"87","intact","Intact1",1,"Rhus ovata","dead",0,"Intact1_1"
"88","intact","Intact1",1,"Salvia apiana","dead",0,"Intact1_1"
"89","intact","Intact1",1,"Salvia leucophylla","dead",0,"Intact1_1"
"90","intact","Intact1",1,"Sambucus mexicana","dead",0,"Intact1_1"
"91","intact","Intact1",1,"unknown5 shrub","dead",0,"Intact1_1"
"92","intact","Intact2",2,"Artemisia californica","dead",1,"Intact2_2"
"93","intact","Intact2",2,"Baccharis pilularis","dead",0,"Intact2_2"
"94","intact","Intact2",2,"Cenothus oliganthus","dead",0,"Intact2_2"
"95","intact","Intact2",2,"Eriodictyon crassifolium","dead",0,"Intact2_2"
"96","intact","Intact2",2,"Eriogonum fasciculatum","dead",0,"Intact2_2"
"97","intact","Intact2",2,"Heteromeles arbutifolia","dead",0,"Intact2_2"
"98","intact","Intact2",2,"Malacothamnus fasciculatus","dead",0,"Intact2_2"
"99","intact","Intact2",2,"Rhamnus ilicifolia","dead",0,"Intact2_2"
"100","intact","Intact2",2,"Rhus ovata","dead",0,"Intact2_2"
"101","intact","Intact2",2,"Salvia apiana","dead",0,"Intact2_2"
"102","intact","Intact2",2,"Salvia leucophylla","dead",0,"Intact2_2"
"103","intact","Intact2",2,"Sambucus mexicana","dead",0,"Intact2_2"
"104","intact","Intact2",2,"unknown5 shrub","dead",0,"Intact2_2"
"105","intact","Intact3",3,"Artemisia californica","dead",0,"Intact3_3"
"106","intact","Intact3",3,"Baccharis pilularis","dead",0,"Intact3_3"
"107","intact","Intact3",3,"Cenothus oliganthus","dead",0,"Intact3_3"
"108","intact","Intact3",3,"Eriodictyon crassifolium","dead",0,"Intact3_3"
"109","intact","Intact3",3,"Eriogonum fasciculatum","dead",0,"Intact3_3"
"110","intact","Intact3",3,"Heteromeles arbutifolia","dead",0,"Intact3_3"
"111","intact","Intact3",3,"Malacothamnus fasciculatus","dead",0,"Intact3_3"
"112","intact","Intact3",3,"Rhamnus ilicifolia","dead",0,"Intact3_3"
"113","intact","Intact3",3,"Rhus ovata","dead",1,"Intact3_3"
"114","intact","Intact3",3,"Salvia apiana","dead",0,"Intact3_3"
"115","intact","Intact3",3,"Salvia leucophylla","dead",0,"Intact3_3"
"116","intact","Intact3",3,"Sambucus mexicana","dead",0,"Intact3_3"
"117","intact","Intact3",3,"unknown5 shrub","dead",0,"Intact3_3"
"118","matrix","ENH1",1,"Artemisia californica","dead",0,"ENH1_1"
"119","matrix","ENH1",1,"Baccharis pilularis","dead",0,"ENH1_1"
"120","matrix","ENH1",1,"Cenothus oliganthus","dead",0,"ENH1_1"
"121","matrix","ENH1",1,"Eriodictyon crassifolium","dead",0,"ENH1_1"
"122","matrix","ENH1",1,"Eriogonum fasciculatum","dead",0,"ENH1_1"
"123","matrix","ENH1",1,"Heteromeles arbutifolia","dead",0,"ENH1_1"
"124","matrix","ENH1",1,"Malacothamnus fasciculatus","dead",4,"ENH1_1"
"125","matrix","ENH1",1,"Rhamnus ilicifolia","dead",0,"ENH1_1"
"126","matrix","ENH1",1,"Rhus ovata","dead",0,"ENH1_1"
"127","matrix","ENH1",1,"Salvia apiana","dead",0,"ENH1_1"
"128","matrix","ENH1",1,"Salvia leucophylla","dead",0,"ENH1_1"
"129","matrix","ENH1",1,"Sambucus mexicana","dead",0,"ENH1_1"
"130","matrix","ENH1",1,"unknown5 shrub","dead",0,"ENH1_1"
"131","matrix","ENH1",2,"Artemisia californica","dead",0,"ENH1_2"
"132","matrix","ENH1",2,"Baccharis pilularis","dead",0,"ENH1_2"
"133","matrix","ENH1",2,"Cenothus oliganthus","dead",0,"ENH1_2"
"134","matrix","ENH1",2,"Eriodictyon crassifolium","dead",0,"ENH1_2"
"135","matrix","ENH1",2,"Eriogonum fasciculatum","dead",0,"ENH1_2"
"136","matrix","ENH1",2,"Heteromeles arbutifolia","dead",0,"ENH1_2"
"137","matrix","ENH1",2,"Malacothamnus fasciculatus","dead",2,"ENH1_2"
"138","matrix","ENH1",2,"Rhamnus ilicifolia","dead",0,"ENH1_2"
"139","matrix","ENH1",2,"Rhus ovata","dead",0,"ENH1_2"
"140","matrix","ENH1",2,"Salvia apiana","dead",0,"ENH1_2"
"141","matrix","ENH1",2,"Salvia leucophylla","dead",0,"ENH1_2"
"142","matrix","ENH1",2,"Sambucus mexicana","dead",0,"ENH1_2"
"143","matrix","ENH1",2,"unknown5 shrub","dead",0,"ENH1_2"
"144","matrix","ENH1",3,"Artemisia californica","dead",0,"ENH1_3"
"145","matrix","ENH1",3,"Baccharis pilularis","dead",0,"ENH1_3"
"146","matrix","ENH1",3,"Cenothus oliganthus","dead",0,"ENH1_3"
"147","matrix","ENH1",3,"Eriodictyon crassifolium","dead",12,"ENH1_3"
"148","matrix","ENH1",3,"Eriogonum fasciculatum","dead",0,"ENH1_3"
"149","matrix","ENH1",3,"Heteromeles arbutifolia","dead",0,"ENH1_3"
"150","matrix","ENH1",3,"Malacothamnus fasciculatus","dead",238,"ENH1_3"
"151","matrix","ENH1",3,"Rhamnus ilicifolia","dead",0,"ENH1_3"
"152","matrix","ENH1",3,"Rhus ovata","dead",0,"ENH1_3"
"153","matrix","ENH1",3,"Salvia apiana","dead",0,"ENH1_3"
"154","matrix","ENH1",3,"Salvia leucophylla","dead",0,"ENH1_3"
"155","matrix","ENH1",3,"Sambucus mexicana","dead",0,"ENH1_3"
"156","matrix","ENH1",3,"unknown5 shrub","dead",0,"ENH1_3"
"157","matrix","ENH2",4,"Artemisia californica","dead",0,"ENH2_4"
"158","matrix","ENH2",4,"Baccharis pilularis","dead",0,"ENH2_4"
"159","matrix","ENH2",4,"Cenothus oliganthus","dead",0,"ENH2_4"
"160","matrix","ENH2",4,"Eriodictyon crassifolium","dead",0,"ENH2_4"
"161","matrix","ENH2",4,"Eriogonum fasciculatum","dead",0,"ENH2_4"
"162","matrix","ENH2",4,"Heteromeles arbutifolia","dead",0,"ENH2_4"
"163","matrix","ENH2",4,"Malacothamnus fasciculatus","dead",0,"ENH2_4"
"164","matrix","ENH2",4,"Rhamnus ilicifolia","dead",0,"ENH2_4"
"165","matrix","ENH2",4,"Rhus ovata","dead",0,"ENH2_4"
"166","matrix","ENH2",4,"Salvia apiana","dead",0,"ENH2_4"
"167","matrix","ENH2",4,"Salvia leucophylla","dead",0,"ENH2_4"
"168","matrix","ENH2",4,"Sambucus mexicana","dead",0,"ENH2_4"
"169","matrix","ENH2",4,"unknown5 shrub","dead",0,"ENH2_4"
"170","matrix","ENH2",5,"Artemisia californica","dead",0,"ENH2_5"
"171","matrix","ENH2",5,"Baccharis pilularis","dead",0,"ENH2_5"
"172","matrix","ENH2",5,"Cenothus oliganthus","dead",0,"ENH2_5"
"173","matrix","ENH2",5,"Eriodictyon crassifolium","dead",0,"ENH2_5"
"174","matrix","ENH2",5,"Eriogonum fasciculatum","dead",0,"ENH2_5"
"175","matrix","ENH2",5,"Heteromeles arbutifolia","dead",0,"ENH2_5"
"176","matrix","ENH2",5,"Malacothamnus fasciculatus","dead",0,"ENH2_5"
"177","matrix","ENH2",5,"Rhamnus ilicifolia","dead",0,"ENH2_5"
"178","matrix","ENH2",5,"Rhus ovata","dead",0,"ENH2_5"
"179","matrix","ENH2",5,"Salvia apiana","dead",0,"ENH2_5"
"180","matrix","ENH2",5,"Salvia leucophylla","dead",0,"ENH2_5"
"181","matrix","ENH2",5,"Sambucus mexicana","dead",0,"ENH2_5"
"182","matrix","ENH2",5,"unknown5 shrub","dead",0,"ENH2_5"
"183","matrix","ENH2",6,"Artemisia californica","dead",0,"ENH2_6"
"184","matrix","ENH2",6,"Baccharis pilularis","dead",0,"ENH2_6"
"185","matrix","ENH2",6,"Cenothus oliganthus","dead",0,"ENH2_6"
"186","matrix","ENH2",6,"Eriodictyon crassifolium","dead",0,"ENH2_6"
"187","matrix","ENH2",6,"Eriogonum fasciculatum","dead",0,"ENH2_6"
"188","matrix","ENH2",6,"Heteromeles arbutifolia","dead",0,"ENH2_6"
"189","matrix","ENH2",6,"Malacothamnus fasciculatus","dead",0,"ENH2_6"
"190","matrix","ENH2",6,"Rhamnus ilicifolia","dead",0,"ENH2_6"
"191","matrix","ENH2",6,"Rhus ovata","dead",0,"ENH2_6"
"192","matrix","ENH2",6,"Salvia apiana","dead",0,"ENH2_6"
"193","matrix","ENH2",6,"Salvia leucophylla","dead",0,"ENH2_6"
"194","matrix","ENH2",6,"Sambucus mexicana","dead",0,"ENH2_6"
"195","matrix","ENH2",6,"unknown5 shrub","dead",0,"ENH2_6"
"196","degraded","DEG1",1,"Artemisia californica","immature",1,"DEG1_1"
"197","degraded","DEG1",1,"Baccharis pilularis","immature",0,"DEG1_1"
"198","degraded","DEG1",1,"Cenothus oliganthus","immature",0,"DEG1_1"
"199","degraded","DEG1",1,"Eriodictyon crassifolium","immature",0,"DEG1_1"
"200","degraded","DEG1",1,"Eriogonum fasciculatum","immature",0,"DEG1_1"
"201","degraded","DEG1",1,"Heteromeles arbutifolia","immature",0,"DEG1_1"
"202","degraded","DEG1",1,"Malacothamnus fasciculatus","immature",0,"DEG1_1"
"203","degraded","DEG1",1,"Rhamnus ilicifolia","immature",0,"DEG1_1"
"204","degraded","DEG1",1,"Rhus ovata","immature",0,"DEG1_1"
"205","degraded","DEG1",1,"Salvia apiana","immature",0,"DEG1_1"
"206","degraded","DEG1",1,"Salvia leucophylla","immature",3,"DEG1_1"
"207","degraded","DEG1",1,"Sambucus mexicana","immature",0,"DEG1_1"
"208","degraded","DEG1",1,"unknown5 shrub","immature",0,"DEG1_1"
"209","degraded","DEG1",2,"Artemisia californica","immature",0,"DEG1_2"
"210","degraded","DEG1",2,"Baccharis pilularis","immature",0,"DEG1_2"
"211","degraded","DEG1",2,"Cenothus oliganthus","immature",0,"DEG1_2"
"212","degraded","DEG1",2,"Eriodictyon crassifolium","immature",0,"DEG1_2"
"213","degraded","DEG1",2,"Eriogonum fasciculatum","immature",0,"DEG1_2"
"214","degraded","DEG1",2,"Heteromeles arbutifolia","immature",0,"DEG1_2"
"215","degraded","DEG1",2,"Malacothamnus fasciculatus","immature",0,"DEG1_2"
"216","degraded","DEG1",2,"Rhamnus ilicifolia","immature",0,"DEG1_2"
"217","degraded","DEG1",2,"Rhus ovata","immature",0,"DEG1_2"
"218","degraded","DEG1",2,"Salvia apiana","immature",0,"DEG1_2"
"219","degraded","DEG1",2,"Salvia leucophylla","immature",1,"DEG1_2"
"220","degraded","DEG1",2,"Sambucus mexicana","immature",0,"DEG1_2"
"221","degraded","DEG1",2,"unknown5 shrub","immature",0,"DEG1_2"
"222","degraded","DEG1",3,"Artemisia californica","immature",1,"DEG1_3"
"223","degraded","DEG1",3,"Baccharis pilularis","immature",0,"DEG1_3"
"224","degraded","DEG1",3,"Cenothus oliganthus","immature",0,"DEG1_3"
"225","degraded","DEG1",3,"Eriodictyon crassifolium","immature",0,"DEG1_3"
"226","degraded","DEG1",3,"Eriogonum fasciculatum","immature",0,"DEG1_3"
"227","degraded","DEG1",3,"Heteromeles arbutifolia","immature",0,"DEG1_3"
"228","degraded","DEG1",3,"Malacothamnus fasciculatus","immature",0,"DEG1_3"
"229","degraded","DEG1",3,"Rhamnus ilicifolia","immature",0,"DEG1_3"
"230","degraded","DEG1",3,"Rhus ovata","immature",0,"DEG1_3"
"231","degraded","DEG1",3,"Salvia apiana","immature",0,"DEG1_3"
"232","degraded","DEG1",3,"Salvia leucophylla","immature",1,"DEG1_3"
"233","degraded","DEG1",3,"Sambucus mexicana","immature",0,"DEG1_3"
"234","degraded","DEG1",3,"unknown5 shrub","immature",0,"DEG1_3"
"235","degraded","DEG2",4,"Artemisia californica","immature",0,"DEG2_4"
"236","degraded","DEG2",4,"Baccharis pilularis","immature",0,"DEG2_4"
"237","degraded","DEG2",4,"Cenothus oliganthus","immature",0,"DEG2_4"
"238","degraded","DEG2",4,"Eriodictyon crassifolium","immature",0,"DEG2_4"
"239","degraded","DEG2",4,"Eriogonum fasciculatum","immature",0,"DEG2_4"
"240","degraded","DEG2",4,"Heteromeles arbutifolia","immature",0,"DEG2_4"
"241","degraded","DEG2",4,"Malacothamnus fasciculatus","immature",4,"DEG2_4"
"242","degraded","DEG2",4,"Rhamnus ilicifolia","immature",0,"DEG2_4"
"243","degraded","DEG2",4,"Rhus ovata","immature",0,"DEG2_4"
"244","degraded","DEG2",4,"Salvia apiana","immature",0,"DEG2_4"
"245","degraded","DEG2",4,"Salvia leucophylla","immature",0,"DEG2_4"
"246","degraded","DEG2",4,"Sambucus mexicana","immature",0,"DEG2_4"
"247","degraded","DEG2",4,"unknown5 shrub","immature",0,"DEG2_4"
"248","degraded","DEG2",5,"Artemisia californica","immature",0,"DEG2_5"
"249","degraded","DEG2",5,"Baccharis pilularis","immature",0,"DEG2_5"
"250","degraded","DEG2",5,"Cenothus oliganthus","immature",0,"DEG2_5"
"251","degraded","DEG2",5,"Eriodictyon crassifolium","immature",0,"DEG2_5"
"252","degraded","DEG2",5,"Eriogonum fasciculatum","immature",0,"DEG2_5"
"253","degraded","DEG2",5,"Heteromeles arbutifolia","immature",0,"DEG2_5"
"254","degraded","DEG2",5,"Malacothamnus fasciculatus","immature",3,"DEG2_5"
"255","degraded","DEG2",5,"Rhamnus ilicifolia","immature",0,"DEG2_5"
"256","degraded","DEG2",5,"Rhus ovata","immature",0,"DEG2_5"
"257","degraded","DEG2",5,"Salvia apiana","immature",0,"DEG2_5"
"258","degraded","DEG2",5,"Salvia leucophylla","immature",1,"DEG2_5"
"259","degraded","DEG2",5,"Sambucus mexicana","immature",0,"DEG2_5"
"260","degraded","DEG2",5,"unknown5 shrub","immature",0,"DEG2_5"
"261","degraded","DEG2",6,"Artemisia californica","immature",0,"DEG2_6"
"262","degraded","DEG2",6,"Baccharis pilularis","immature",0,"DEG2_6"
"263","degraded","DEG2",6,"Cenothus oliganthus","immature",0,"DEG2_6"
"264","degraded","DEG2",6,"Eriodictyon crassifolium","immature",0,"DEG2_6"
"265","degraded","DEG2",6,"Eriogonum fasciculatum","immature",0,"DEG2_6"
"266","degraded","DEG2",6,"Heteromeles arbutifolia","immature",0,"DEG2_6"
"267","degraded","DEG2",6,"Malacothamnus fasciculatus","immature",0,"DEG2_6"
"268","degraded","DEG2",6,"Rhamnus ilicifolia","immature",0,"DEG2_6"
"269","degraded","DEG2",6,"Rhus ovata","immature",0,"DEG2_6"
"270","degraded","DEG2",6,"Salvia apiana","immature",0,"DEG2_6"
"271","degraded","DEG2",6,"Salvia leucophylla","immature",0,"DEG2_6"
"272","degraded","DEG2",6,"Sambucus mexicana","immature",0,"DEG2_6"
"273","degraded","DEG2",6,"unknown5 shrub","immature",0,"DEG2_6"
"274","intact","Intact1",1,"Artemisia californica","immature",6,"Intact1_1"
"275","intact","Intact1",1,"Baccharis pilularis","immature",0,"Intact1_1"
"276","intact","Intact1",1,"Cenothus oliganthus","immature",0,"Intact1_1"
"277","intact","Intact1",1,"Eriodictyon crassifolium","immature",0,"Intact1_1"
"278","intact","Intact1",1,"Eriogonum fasciculatum","immature",0,"Intact1_1"
"279","intact","Intact1",1,"Heteromeles arbutifolia","immature",2,"Intact1_1"
"280","intact","Intact1",1,"Malacothamnus fasciculatus","immature",0,"Intact1_1"
"281","intact","Intact1",1,"Rhamnus ilicifolia","immature",1,"Intact1_1"
"282","intact","Intact1",1,"Rhus ovata","immature",1,"Intact1_1"
"283","intact","Intact1",1,"Salvia apiana","immature",0,"Intact1_1"
"284","intact","Intact1",1,"Salvia leucophylla","immature",6,"Intact1_1"
"285","intact","Intact1",1,"Sambucus mexicana","immature",0,"Intact1_1"
"286","intact","Intact1",1,"unknown5 shrub","immature",0,"Intact1_1"
"287","intact","Intact2",2,"Artemisia californica","immature",7,"Intact2_2"
"288","intact","Intact2",2,"Baccharis pilularis","immature",0,"Intact2_2"
"289","intact","Intact2",2,"Cenothus oliganthus","immature",0,"Intact2_2"
"290","intact","Intact2",2,"Eriodictyon crassifolium","immature",0,"Intact2_2"
"291","intact","Intact2",2,"Eriogonum fasciculatum","immature",0,"Intact2_2"
"292","intact","Intact2",2,"Heteromeles arbutifolia","immature",1,"Intact2_2"
"293","intact","Intact2",2,"Malacothamnus fasciculatus","immature",0,"Intact2_2"
"294","intact","Intact2",2,"Rhamnus ilicifolia","immature",0,"Intact2_2"
"295","intact","Intact2",2,"Rhus ovata","immature",1,"Intact2_2"
"296","intact","Intact2",2,"Salvia apiana","immature",0,"Intact2_2"
"297","intact","Intact2",2,"Salvia leucophylla","immature",3,"Intact2_2"
"298","intact","Intact2",2,"Sambucus mexicana","immature",0,"Intact2_2"
"299","intact","Intact2",2,"unknown5 shrub","immature",0,"Intact2_2"
"300","intact","Intact3",3,"Artemisia californica","immature",2,"Intact3_3"
"301","intact","Intact3",3,"Baccharis pilularis","immature",0,"Intact3_3"
"302","intact","Intact3",3,"Cenothus oliganthus","immature",1,"Intact3_3"
"303","intact","Intact3",3,"Eriodictyon crassifolium","immature",0,"Intact3_3"
"304","intact","Intact3",3,"Eriogonum fasciculatum","immature",0,"Intact3_3"
"305","intact","Intact3",3,"Heteromeles arbutifolia","immature",2,"Intact3_3"
"306","intact","Intact3",3,"Malacothamnus fasciculatus","immature",0,"Intact3_3"
"307","intact","Intact3",3,"Rhamnus ilicifolia","immature",0,"Intact3_3"
"308","intact","Intact3",3,"Rhus ovata","immature",0,"Intact3_3"
"309","intact","Intact3",3,"Salvia apiana","immature",0,"Intact3_3"
"310","intact","Intact3",3,"Salvia leucophylla","immature",11,"Intact3_3"
"311","intact","Intact3",3,"Sambucus mexicana","immature",0,"Intact3_3"
"312","intact","Intact3",3,"unknown5 shrub","immature",0,"Intact3_3"
"313","matrix","ENH1",1,"Artemisia californica","immature",0,"ENH1_1"
"314","matrix","ENH1",1,"Baccharis pilularis","immature",0,"ENH1_1"
"315","matrix","ENH1",1,"Cenothus oliganthus","immature",0,"ENH1_1"
"316","matrix","ENH1",1,"Eriodictyon crassifolium","immature",0,"ENH1_1"
"317","matrix","ENH1",1,"Eriogonum fasciculatum","immature",0,"ENH1_1"
"318","matrix","ENH1",1,"Heteromeles arbutifolia","immature",0,"ENH1_1"
"319","matrix","ENH1",1,"Malacothamnus fasciculatus","immature",0,"ENH1_1"
"320","matrix","ENH1",1,"Rhamnus ilicifolia","immature",0,"ENH1_1"
"321","matrix","ENH1",1,"Rhus ovata","immature",0,"ENH1_1"
"322","matrix","ENH1",1,"Salvia apiana","immature",0,"ENH1_1"
"323","matrix","ENH1",1,"Salvia leucophylla","immature",0,"ENH1_1"
"324","matrix","ENH1",1,"Sambucus mexicana","immature",1,"ENH1_1"
"325","matrix","ENH1",1,"unknown5 shrub","immature",0,"ENH1_1"
"326","matrix","ENH1",2,"Artemisia californica","immature",1,"ENH1_2"
"327","matrix","ENH1",2,"Baccharis pilularis","immature",0,"ENH1_2"
"328","matrix","ENH1",2,"Cenothus oliganthus","immature",0,"ENH1_2"
"329","matrix","ENH1",2,"Eriodictyon crassifolium","immature",0,"ENH1_2"
"330","matrix","ENH1",2,"Eriogonum fasciculatum","immature",0,"ENH1_2"
"331","matrix","ENH1",2,"Heteromeles arbutifolia","immature",0,"ENH1_2"
"332","matrix","ENH1",2,"Malacothamnus fasciculatus","immature",11,"ENH1_2"
"333","matrix","ENH1",2,"Rhamnus ilicifolia","immature",0,"ENH1_2"
"334","matrix","ENH1",2,"Rhus ovata","immature",2,"ENH1_2"
"335","matrix","ENH1",2,"Salvia apiana","immature",0,"ENH1_2"
"336","matrix","ENH1",2,"Salvia leucophylla","immature",3,"ENH1_2"
"337","matrix","ENH1",2,"Sambucus mexicana","immature",0,"ENH1_2"
"338","matrix","ENH1",2,"unknown5 shrub","immature",0,"ENH1_2"
"339","matrix","ENH1",3,"Artemisia californica","immature",2,"ENH1_3"
"340","matrix","ENH1",3,"Baccharis pilularis","immature",0,"ENH1_3"
"341","matrix","ENH1",3,"Cenothus oliganthus","immature",0,"ENH1_3"
"342","matrix","ENH1",3,"Eriodictyon crassifolium","immature",3,"ENH1_3"
"343","matrix","ENH1",3,"Eriogonum fasciculatum","immature",0,"ENH1_3"
"344","matrix","ENH1",3,"Heteromeles arbutifolia","immature",0,"ENH1_3"
"345","matrix","ENH1",3,"Malacothamnus fasciculatus","immature",35,"ENH1_3"
"346","matrix","ENH1",3,"Rhamnus ilicifolia","immature",0,"ENH1_3"
"347","matrix","ENH1",3,"Rhus ovata","immature",3,"ENH1_3"
"348","matrix","ENH1",3,"Salvia apiana","immature",0,"ENH1_3"
"349","matrix","ENH1",3,"Salvia leucophylla","immature",2,"ENH1_3"
"350","matrix","ENH1",3,"Sambucus mexicana","immature",0,"ENH1_3"
"351","matrix","ENH1",3,"unknown5 shrub","immature",0,"ENH1_3"
"352","matrix","ENH2",4,"Artemisia californica","immature",0,"ENH2_4"
"353","matrix","ENH2",4,"Baccharis pilularis","immature",0,"ENH2_4"
"354","matrix","ENH2",4,"Cenothus oliganthus","immature",0,"ENH2_4"
"355","matrix","ENH2",4,"Eriodictyon crassifolium","immature",0,"ENH2_4"
"356","matrix","ENH2",4,"Eriogonum fasciculatum","immature",0,"ENH2_4"
"357","matrix","ENH2",4,"Heteromeles arbutifolia","immature",0,"ENH2_4"
"358","matrix","ENH2",4,"Malacothamnus fasciculatus","immature",2,"ENH2_4"
"359","matrix","ENH2",4,"Rhamnus ilicifolia","immature",0,"ENH2_4"
"360","matrix","ENH2",4,"Rhus ovata","immature",0,"ENH2_4"
"361","matrix","ENH2",4,"Salvia apiana","immature",0,"ENH2_4"
"362","matrix","ENH2",4,"Salvia leucophylla","immature",0,"ENH2_4"
"363","matrix","ENH2",4,"Sambucus mexicana","immature",0,"ENH2_4"
"364","matrix","ENH2",4,"unknown5 shrub","immature",0,"ENH2_4"
"365","matrix","ENH2",5,"Artemisia californica","immature",0,"ENH2_5"
"366","matrix","ENH2",5,"Baccharis pilularis","immature",0,"ENH2_5"
"367","matrix","ENH2",5,"Cenothus oliganthus","immature",0,"ENH2_5"
"368","matrix","ENH2",5,"Eriodictyon crassifolium","immature",0,"ENH2_5"
"369","matrix","ENH2",5,"Eriogonum fasciculatum","immature",0,"ENH2_5"
"370","matrix","ENH2",5,"Heteromeles arbutifolia","immature",0,"ENH2_5"
"371","matrix","ENH2",5,"Malacothamnus fasciculatus","immature",0,"ENH2_5"
"372","matrix","ENH2",5,"Rhamnus ilicifolia","immature",0,"ENH2_5"
"373","matrix","ENH2",5,"Rhus ovata","immature",0,"ENH2_5"
"374","matrix","ENH2",5,"Salvia apiana","immature",0,"ENH2_5"
"375","matrix","ENH2",5,"Salvia leucophylla","immature",0,"ENH2_5"
"376","matrix","ENH2",5,"Sambucus mexicana","immature",0,"ENH2_5"
"377","matrix","ENH2",5,"unknown5 shrub","immature",0,"ENH2_5"
"378","matrix","ENH2",6,"Artemisia californica","immature",0,"ENH2_6"
"379","matrix","ENH2",6,"Baccharis pilularis","immature",0,"ENH2_6"
"380","matrix","ENH2",6,"Cenothus oliganthus","immature",0,"ENH2_6"
"381","matrix","ENH2",6,"Eriodictyon crassifolium","immature",0,"ENH2_6"
"382","matrix","ENH2",6,"Eriogonum fasciculatum","immature",0,"ENH2_6"
"383","matrix","ENH2",6,"Heteromeles arbutifolia","immature",0,"ENH2_6"
"384","matrix","ENH2",6,"Malacothamnus fasciculatus","immature",1,"ENH2_6"
"385","matrix","ENH2",6,"Rhamnus ilicifolia","immature",0,"ENH2_6"
"386","matrix","ENH2",6,"Rhus ovata","immature",0,"ENH2_6"
"387","matrix","ENH2",6,"Salvia apiana","immature",0,"ENH2_6"
"388","matrix","ENH2",6,"Salvia leucophylla","immature",1,"ENH2_6"
"389","matrix","ENH2",6,"Sambucus mexicana","immature",0,"ENH2_6"
"390","matrix","ENH2",6,"unknown5 shrub","immature",0,"ENH2_6"
"391","degraded","DEG1",1,"Artemisia californica","mature",2,"DEG1_1"
"392","degraded","DEG1",1,"Baccharis pilularis","mature",0,"DEG1_1"
"393","degraded","DEG1",1,"Cenothus oliganthus","mature",0,"DEG1_1"
"394","degraded","DEG1",1,"Eriodictyon crassifolium","mature",0,"DEG1_1"
"395","degraded","DEG1",1,"Eriogonum fasciculatum","mature",0,"DEG1_1"
"396","degraded","DEG1",1,"Heteromeles arbutifolia","mature",0,"DEG1_1"
"397","degraded","DEG1",1,"Malacothamnus fasciculatus","mature",0,"DEG1_1"
"398","degraded","DEG1",1,"Rhamnus ilicifolia","mature",0,"DEG1_1"
"399","degraded","DEG1",1,"Rhus ovata","mature",0,"DEG1_1"
"400","degraded","DEG1",1,"Salvia apiana","mature",0,"DEG1_1"
"401","degraded","DEG1",1,"Salvia leucophylla","mature",16,"DEG1_1"
"402","degraded","DEG1",1,"Sambucus mexicana","mature",0,"DEG1_1"
"403","degraded","DEG1",1,"unknown5 shrub","mature",0,"DEG1_1"
"404","degraded","DEG1",2,"Artemisia californica","mature",2,"DEG1_2"
"405","degraded","DEG1",2,"Baccharis pilularis","mature",1,"DEG1_2"
"406","degraded","DEG1",2,"Cenothus oliganthus","mature",0,"DEG1_2"
"407","degraded","DEG1",2,"Eriodictyon crassifolium","mature",0,"DEG1_2"
"408","degraded","DEG1",2,"Eriogonum fasciculatum","mature",0,"DEG1_2"
"409","degraded","DEG1",2,"Heteromeles arbutifolia","mature",0,"DEG1_2"
"410","degraded","DEG1",2,"Malacothamnus fasciculatus","mature",0,"DEG1_2"
"411","degraded","DEG1",2,"Rhamnus ilicifolia","mature",0,"DEG1_2"
"412","degraded","DEG1",2,"Rhus ovata","mature",0,"DEG1_2"
"413","degraded","DEG1",2,"Salvia apiana","mature",0,"DEG1_2"
"414","degraded","DEG1",2,"Salvia leucophylla","mature",13,"DEG1_2"
"415","degraded","DEG1",2,"Sambucus mexicana","mature",0,"DEG1_2"
"416","degraded","DEG1",2,"unknown5 shrub","mature",0,"DEG1_2"
"417","degraded","DEG1",3,"Artemisia californica","mature",2,"DEG1_3"
"418","degraded","DEG1",3,"Baccharis pilularis","mature",0,"DEG1_3"
"419","degraded","DEG1",3,"Cenothus oliganthus","mature",0,"DEG1_3"
"420","degraded","DEG1",3,"Eriodictyon crassifolium","mature",0,"DEG1_3"
"421","degraded","DEG1",3,"Eriogonum fasciculatum","mature",0,"DEG1_3"
"422","degraded","DEG1",3,"Heteromeles arbutifolia","mature",0,"DEG1_3"
"423","degraded","DEG1",3,"Malacothamnus fasciculatus","mature",0,"DEG1_3"
"424","degraded","DEG1",3,"Rhamnus ilicifolia","mature",0,"DEG1_3"
"425","degraded","DEG1",3,"Rhus ovata","mature",0,"DEG1_3"
"426","degraded","DEG1",3,"Salvia apiana","mature",1,"DEG1_3"
"427","degraded","DEG1",3,"Salvia leucophylla","mature",4,"DEG1_3"
"428","degraded","DEG1",3,"Sambucus mexicana","mature",0,"DEG1_3"
"429","degraded","DEG1",3,"unknown5 shrub","mature",0,"DEG1_3"
"430","degraded","DEG2",4,"Artemisia californica","mature",0,"DEG2_4"
"431","degraded","DEG2",4,"Baccharis pilularis","mature",0,"DEG2_4"
"432","degraded","DEG2",4,"Cenothus oliganthus","mature",0,"DEG2_4"
"433","degraded","DEG2",4,"Eriodictyon crassifolium","mature",0,"DEG2_4"
"434","degraded","DEG2",4,"Eriogonum fasciculatum","mature",1,"DEG2_4"
"435","degraded","DEG2",4,"Heteromeles arbutifolia","mature",0,"DEG2_4"
"436","degraded","DEG2",4,"Malacothamnus fasciculatus","mature",3,"DEG2_4"
"437","degraded","DEG2",4,"Rhamnus ilicifolia","mature",0,"DEG2_4"
"438","degraded","DEG2",4,"Rhus ovata","mature",0,"DEG2_4"
"439","degraded","DEG2",4,"Salvia apiana","mature",0,"DEG2_4"
"440","degraded","DEG2",4,"Salvia leucophylla","mature",4,"DEG2_4"
"441","degraded","DEG2",4,"Sambucus mexicana","mature",0,"DEG2_4"
"442","degraded","DEG2",4,"unknown5 shrub","mature",0,"DEG2_4"
"443","degraded","DEG2",5,"Artemisia californica","mature",0,"DEG2_5"
"444","degraded","DEG2",5,"Baccharis pilularis","mature",0,"DEG2_5"
"445","degraded","DEG2",5,"Cenothus oliganthus","mature",0,"DEG2_5"
"446","degraded","DEG2",5,"Eriodictyon crassifolium","mature",0,"DEG2_5"
"447","degraded","DEG2",5,"Eriogonum fasciculatum","mature",0,"DEG2_5"
"448","degraded","DEG2",5,"Heteromeles arbutifolia","mature",0,"DEG2_5"
"449","degraded","DEG2",5,"Malacothamnus fasciculatus","mature",13,"DEG2_5"
"450","degraded","DEG2",5,"Rhamnus ilicifolia","mature",0,"DEG2_5"
"451","degraded","DEG2",5,"Rhus ovata","mature",0,"DEG2_5"
"452","degraded","DEG2",5,"Salvia apiana","mature",0,"DEG2_5"
"453","degraded","DEG2",5,"Salvia leucophylla","mature",2,"DEG2_5"
"454","degraded","DEG2",5,"Sambucus mexicana","mature",0,"DEG2_5"
"455","degraded","DEG2",5,"unknown5 shrub","mature",0,"DEG2_5"
"456","degraded","DEG2",6,"Artemisia californica","mature",1,"DEG2_6"
"457","degraded","DEG2",6,"Baccharis pilularis","mature",0,"DEG2_6"
"458","degraded","DEG2",6,"Cenothus oliganthus","mature",0,"DEG2_6"
"459","degraded","DEG2",6,"Eriodictyon crassifolium","mature",0,"DEG2_6"
"460","degraded","DEG2",6,"Eriogonum fasciculatum","mature",0,"DEG2_6"
"461","degraded","DEG2",6,"Heteromeles arbutifolia","mature",0,"DEG2_6"
"462","degraded","DEG2",6,"Malacothamnus fasciculatus","mature",7,"DEG2_6"
"463","degraded","DEG2",6,"Rhamnus ilicifolia","mature",0,"DEG2_6"
"464","degraded","DEG2",6,"Rhus ovata","mature",0,"DEG2_6"
"465","degraded","DEG2",6,"Salvia apiana","mature",0,"DEG2_6"
"466","degraded","DEG2",6,"Salvia leucophylla","mature",0,"DEG2_6"
"467","degraded","DEG2",6,"Sambucus mexicana","mature",0,"DEG2_6"
"468","degraded","DEG2",6,"unknown5 shrub","mature",0,"DEG2_6"
"469","intact","Intact1",1,"Artemisia californica","mature",4,"Intact1_1"
"470","intact","Intact1",1,"Baccharis pilularis","mature",0,"Intact1_1"
"471","intact","Intact1",1,"Cenothus oliganthus","mature",0,"Intact1_1"
"472","intact","Intact1",1,"Eriodictyon crassifolium","mature",0,"Intact1_1"
"473","intact","Intact1",1,"Eriogonum fasciculatum","mature",0,"Intact1_1"
"474","intact","Intact1",1,"Heteromeles arbutifolia","mature",9,"Intact1_1"
"475","intact","Intact1",1,"Malacothamnus fasciculatus","mature",0,"Intact1_1"
"476","intact","Intact1",1,"Rhamnus ilicifolia","mature",1,"Intact1_1"
"477","intact","Intact1",1,"Rhus ovata","mature",0,"Intact1_1"
"478","intact","Intact1",1,"Salvia apiana","mature",0,"Intact1_1"
"479","intact","Intact1",1,"Salvia leucophylla","mature",2,"Intact1_1"
"480","intact","Intact1",1,"Sambucus mexicana","mature",0,"Intact1_1"
"481","intact","Intact1",1,"unknown5 shrub","mature",0,"Intact1_1"
"482","intact","Intact2",2,"Artemisia californica","mature",26,"Intact2_2"
"483","intact","Intact2",2,"Baccharis pilularis","mature",0,"Intact2_2"
"484","intact","Intact2",2,"Cenothus oliganthus","mature",0,"Intact2_2"
"485","intact","Intact2",2,"Eriodictyon crassifolium","mature",0,"Intact2_2"
"486","intact","Intact2",2,"Eriogonum fasciculatum","mature",0,"Intact2_2"
"487","intact","Intact2",2,"Heteromeles arbutifolia","mature",8,"Intact2_2"
"488","intact","Intact2",2,"Malacothamnus fasciculatus","mature",0,"Intact2_2"
"489","intact","Intact2",2,"Rhamnus ilicifolia","mature",1,"Intact2_2"
"490","intact","Intact2",2,"Rhus ovata","mature",1,"Intact2_2"
"491","intact","Intact2",2,"Salvia apiana","mature",0,"Intact2_2"
"492","intact","Intact2",2,"Salvia leucophylla","mature",16,"Intact2_2"
"493","intact","Intact2",2,"Sambucus mexicana","mature",0,"Intact2_2"
"494","intact","Intact2",2,"unknown5 shrub","mature",0,"Intact2_2"
"495","intact","Intact3",3,"Artemisia californica","mature",6,"Intact3_3"
"496","intact","Intact3",3,"Baccharis pilularis","mature",0,"Intact3_3"
"497","intact","Intact3",3,"Cenothus oliganthus","mature",1,"Intact3_3"
"498","intact","Intact3",3,"Eriodictyon crassifolium","mature",0,"Intact3_3"
"499","intact","Intact3",3,"Eriogonum fasciculatum","mature",0,"Intact3_3"
"500","intact","Intact3",3,"Heteromeles arbutifolia","mature",6,"Intact3_3"
"501","intact","Intact3",3,"Malacothamnus fasciculatus","mature",1,"Intact3_3"
"502","intact","Intact3",3,"Rhamnus ilicifolia","mature",1,"Intact3_3"
"503","intact","Intact3",3,"Rhus ovata","mature",9,"Intact3_3"
"504","intact","Intact3",3,"Salvia apiana","mature",0,"Intact3_3"
"505","intact","Intact3",3,"Salvia leucophylla","mature",9,"Intact3_3"
"506","intact","Intact3",3,"Sambucus mexicana","mature",0,"Intact3_3"
"507","intact","Intact3",3,"unknown5 shrub","mature",0,"Intact3_3"
"508","matrix","ENH1",1,"Artemisia californica","mature",1,"ENH1_1"
"509","matrix","ENH1",1,"Baccharis pilularis","mature",0,"ENH1_1"
"510","matrix","ENH1",1,"Cenothus oliganthus","mature",0,"ENH1_1"
"511","matrix","ENH1",1,"Eriodictyon crassifolium","mature",0,"ENH1_1"
"512","matrix","ENH1",1,"Eriogonum fasciculatum","mature",0,"ENH1_1"
"513","matrix","ENH1",1,"Heteromeles arbutifolia","mature",0,"ENH1_1"
"514","matrix","ENH1",1,"Malacothamnus fasciculatus","mature",10,"ENH1_1"
"515","matrix","ENH1",1,"Rhamnus ilicifolia","mature",0,"ENH1_1"
"516","matrix","ENH1",1,"Rhus ovata","mature",1,"ENH1_1"
"517","matrix","ENH1",1,"Salvia apiana","mature",0,"ENH1_1"
"518","matrix","ENH1",1,"Salvia leucophylla","mature",9,"ENH1_1"
"519","matrix","ENH1",1,"Sambucus mexicana","mature",0,"ENH1_1"
"520","matrix","ENH1",1,"unknown5 shrub","mature",0,"ENH1_1"
"521","matrix","ENH1",2,"Artemisia californica","mature",1,"ENH1_2"
"522","matrix","ENH1",2,"Baccharis pilularis","mature",0,"ENH1_2"
"523","matrix","ENH1",2,"Cenothus oliganthus","mature",0,"ENH1_2"
"524","matrix","ENH1",2,"Eriodictyon crassifolium","mature",0,"ENH1_2"
"525","matrix","ENH1",2,"Eriogonum fasciculatum","mature",0,"ENH1_2"
"526","matrix","ENH1",2,"Heteromeles arbutifolia","mature",0,"ENH1_2"
"527","matrix","ENH1",2,"Malacothamnus fasciculatus","mature",46,"ENH1_2"
"528","matrix","ENH1",2,"Rhamnus ilicifolia","mature",0,"ENH1_2"
"529","matrix","ENH1",2,"Rhus ovata","mature",0,"ENH1_2"
"530","matrix","ENH1",2,"Salvia apiana","mature",0,"ENH1_2"
"531","matrix","ENH1",2,"Salvia leucophylla","mature",18,"ENH1_2"
"532","matrix","ENH1",2,"Sambucus mexicana","mature",0,"ENH1_2"
"533","matrix","ENH1",2,"unknown5 shrub","mature",0,"ENH1_2"
"534","matrix","ENH1",3,"Artemisia californica","mature",3,"ENH1_3"
"535","matrix","ENH1",3,"Baccharis pilularis","mature",0,"ENH1_3"
"536","matrix","ENH1",3,"Cenothus oliganthus","mature",0,"ENH1_3"
"537","matrix","ENH1",3,"Eriodictyon crassifolium","mature",8,"ENH1_3"
"538","matrix","ENH1",3,"Eriogonum fasciculatum","mature",0,"ENH1_3"
"539","matrix","ENH1",3,"Heteromeles arbutifolia","mature",0,"ENH1_3"
"540","matrix","ENH1",3,"Malacothamnus fasciculatus","mature",101,"ENH1_3"
"541","matrix","ENH1",3,"Rhamnus ilicifolia","mature",0,"ENH1_3"
"542","matrix","ENH1",3,"Rhus ovata","mature",0,"ENH1_3"
"543","matrix","ENH1",3,"Salvia apiana","mature",0,"ENH1_3"
"544","matrix","ENH1",3,"Salvia leucophylla","mature",16,"ENH1_3"
"545","matrix","ENH1",3,"Sambucus mexicana","mature",0,"ENH1_3"
"546","matrix","ENH1",3,"unknown5 shrub","mature",0,"ENH1_3"
"547","matrix","ENH2",4,"Artemisia californica","mature",3,"ENH2_4"
"548","matrix","ENH2",4,"Baccharis pilularis","mature",0,"ENH2_4"
"549","matrix","ENH2",4,"Cenothus oliganthus","mature",0,"ENH2_4"
"550","matrix","ENH2",4,"Eriodictyon crassifolium","mature",0,"ENH2_4"
"551","matrix","ENH2",4,"Eriogonum fasciculatum","mature",0,"ENH2_4"
"552","matrix","ENH2",4,"Heteromeles arbutifolia","mature",0,"ENH2_4"
"553","matrix","ENH2",4,"Malacothamnus fasciculatus","mature",23,"ENH2_4"
"554","matrix","ENH2",4,"Rhamnus ilicifolia","mature",0,"ENH2_4"
"555","matrix","ENH2",4,"Rhus ovata","mature",0,"ENH2_4"
"556","matrix","ENH2",4,"Salvia apiana","mature",1,"ENH2_4"
"557","matrix","ENH2",4,"Salvia leucophylla","mature",0,"ENH2_4"
"558","matrix","ENH2",4,"Sambucus mexicana","mature",0,"ENH2_4"
"559","matrix","ENH2",4,"unknown5 shrub","mature",0,"ENH2_4"
"560","matrix","ENH2",5,"Artemisia californica","mature",2,"ENH2_5"
"561","matrix","ENH2",5,"Baccharis pilularis","mature",0,"ENH2_5"
"562","matrix","ENH2",5,"Cenothus oliganthus","mature",0,"ENH2_5"
"563","matrix","ENH2",5,"Eriodictyon crassifolium","mature",0,"ENH2_5"
"564","matrix","ENH2",5,"Eriogonum fasciculatum","mature",0,"ENH2_5"
"565","matrix","ENH2",5,"Heteromeles arbutifolia","mature",0,"ENH2_5"
"566","matrix","ENH2",5,"Malacothamnus fasciculatus","mature",17,"ENH2_5"
"567","matrix","ENH2",5,"Rhamnus ilicifolia","mature",0,"ENH2_5"
"568","matrix","ENH2",5,"Rhus ovata","mature",0,"ENH2_5"
"569","matrix","ENH2",5,"Salvia apiana","mature",0,"ENH2_5"
"570","matrix","ENH2",5,"Salvia leucophylla","mature",1,"ENH2_5"
"571","matrix","ENH2",5,"Sambucus mexicana","mature",0,"ENH2_5"
"572","matrix","ENH2",5,"unknown5 shrub","mature",0,"ENH2_5"
"573","matrix","ENH2",6,"Artemisia californica","mature",3,"ENH2_6"
"574","matrix","ENH2",6,"Baccharis pilularis","mature",0,"ENH2_6"
"575","matrix","ENH2",6,"Cenothus oliganthus","mature",0,"ENH2_6"
"576","matrix","ENH2",6,"Eriodictyon crassifolium","mature",0,"ENH2_6"
"577","matrix","ENH2",6,"Eriogonum fasciculatum","mature",0,"ENH2_6"
"578","matrix","ENH2",6,"Heteromeles arbutifolia","mature",0,"ENH2_6"
"579","matrix","ENH2",6,"Malacothamnus fasciculatus","mature",25,"ENH2_6"
"580","matrix","ENH2",6,"Rhamnus ilicifolia","mature",0,"ENH2_6"
"581","matrix","ENH2",6,"Rhus ovata","mature",0,"ENH2_6"
"582","matrix","ENH2",6,"Salvia apiana","mature",0,"ENH2_6"
"583","matrix","ENH2",6,"Salvia leucophylla","mature",7,"ENH2_6"
"584","matrix","ENH2",6,"Sambucus mexicana","mature",0,"ENH2_6"
"585","matrix","ENH2",6,"unknown5 shrub","mature",1,"ENH2_6"
"586","degraded","DEG1",1,"Artemisia californica","resprout",0,"DEG1_1"
"587","degraded","DEG1",1,"Baccharis pilularis","resprout",0,"DEG1_1"
"588","degraded","DEG1",1,"Cenothus oliganthus","resprout",0,"DEG1_1"
"589","degraded","DEG1",1,"Eriodictyon crassifolium","resprout",0,"DEG1_1"
"590","degraded","DEG1",1,"Eriogonum fasciculatum","resprout",0,"DEG1_1"
"591","degraded","DEG1",1,"Heteromeles arbutifolia","resprout",0,"DEG1_1"
"592","degraded","DEG1",1,"Malacothamnus fasciculatus","resprout",0,"DEG1_1"
"593","degraded","DEG1",1,"Rhamnus ilicifolia","resprout",0,"DEG1_1"
"594","degraded","DEG1",1,"Rhus ovata","resprout",0,"DEG1_1"
"595","degraded","DEG1",1,"Salvia apiana","resprout",0,"DEG1_1"
"596","degraded","DEG1",1,"Salvia leucophylla","resprout",0,"DEG1_1"
"597","degraded","DEG1",1,"Sambucus mexicana","resprout",0,"DEG1_1"
"598","degraded","DEG1",1,"unknown5 shrub","resprout",0,"DEG1_1"
"599","degraded","DEG1",2,"Artemisia californica","resprout",0,"DEG1_2"
"600","degraded","DEG1",2,"Baccharis pilularis","resprout",0,"DEG1_2"
"601","degraded","DEG1",2,"Cenothus oliganthus","resprout",0,"DEG1_2"
"602","degraded","DEG1",2,"Eriodictyon crassifolium","resprout",0,"DEG1_2"
"603","degraded","DEG1",2,"Eriogonum fasciculatum","resprout",0,"DEG1_2"
"604","degraded","DEG1",2,"Heteromeles arbutifolia","resprout",0,"DEG1_2"
"605","degraded","DEG1",2,"Malacothamnus fasciculatus","resprout",0,"DEG1_2"
"606","degraded","DEG1",2,"Rhamnus ilicifolia","resprout",0,"DEG1_2"
"607","degraded","DEG1",2,"Rhus ovata","resprout",0,"DEG1_2"
"608","degraded","DEG1",2,"Salvia apiana","resprout",0,"DEG1_2"
"609","degraded","DEG1",2,"Salvia leucophylla","resprout",0,"DEG1_2"
"610","degraded","DEG1",2,"Sambucus mexicana","resprout",0,"DEG1_2"
"611","degraded","DEG1",2,"unknown5 shrub","resprout",0,"DEG1_2"
"612","degraded","DEG1",3,"Artemisia californica","resprout",0,"DEG1_3"
"613","degraded","DEG1",3,"Baccharis pilularis","resprout",0,"DEG1_3"
"614","degraded","DEG1",3,"Cenothus oliganthus","resprout",0,"DEG1_3"
"615","degraded","DEG1",3,"Eriodictyon crassifolium","resprout",0,"DEG1_3"
"616","degraded","DEG1",3,"Eriogonum fasciculatum","resprout",0,"DEG1_3"
"617","degraded","DEG1",3,"Heteromeles arbutifolia","resprout",0,"DEG1_3"
"618","degraded","DEG1",3,"Malacothamnus fasciculatus","resprout",0,"DEG1_3"
"619","degraded","DEG1",3,"Rhamnus ilicifolia","resprout",0,"DEG1_3"
"620","degraded","DEG1",3,"Rhus ovata","resprout",0,"DEG1_3"
"621","degraded","DEG1",3,"Salvia apiana","resprout",0,"DEG1_3"
"622","degraded","DEG1",3,"Salvia leucophylla","resprout",1,"DEG1_3"
"623","degraded","DEG1",3,"Sambucus mexicana","resprout",0,"DEG1_3"
"624","degraded","DEG1",3,"unknown5 shrub","resprout",0,"DEG1_3"
"625","degraded","DEG2",4,"Artemisia californica","resprout",0,"DEG2_4"
"626","degraded","DEG2",4,"Baccharis pilularis","resprout",0,"DEG2_4"
"627","degraded","DEG2",4,"Cenothus oliganthus","resprout",0,"DEG2_4"
"628","degraded","DEG2",4,"Eriodictyon crassifolium","resprout",0,"DEG2_4"
"629","degraded","DEG2",4,"Eriogonum fasciculatum","resprout",0,"DEG2_4"
"630","degraded","DEG2",4,"Heteromeles arbutifolia","resprout",0,"DEG2_4"
"631","degraded","DEG2",4,"Malacothamnus fasciculatus","resprout",0,"DEG2_4"
"632","degraded","DEG2",4,"Rhamnus ilicifolia","resprout",0,"DEG2_4"
"633","degraded","DEG2",4,"Rhus ovata","resprout",0,"DEG2_4"
"634","degraded","DEG2",4,"Salvia apiana","resprout",0,"DEG2_4"
"635","degraded","DEG2",4,"Salvia leucophylla","resprout",0,"DEG2_4"
"636","degraded","DEG2",4,"Sambucus mexicana","resprout",0,"DEG2_4"
"637","degraded","DEG2",4,"unknown5 shrub","resprout",0,"DEG2_4"
"638","degraded","DEG2",5,"Artemisia californica","resprout",0,"DEG2_5"
"639","degraded","DEG2",5,"Baccharis pilularis","resprout",0,"DEG2_5"
"640","degraded","DEG2",5,"Cenothus oliganthus","resprout",0,"DEG2_5"
"641","degraded","DEG2",5,"Eriodictyon crassifolium","resprout",0,"DEG2_5"
"642","degraded","DEG2",5,"Eriogonum fasciculatum","resprout",0,"DEG2_5"
"643","degraded","DEG2",5,"Heteromeles arbutifolia","resprout",0,"DEG2_5"
"644","degraded","DEG2",5,"Malacothamnus fasciculatus","resprout",0,"DEG2_5"
"645","degraded","DEG2",5,"Rhamnus ilicifolia","resprout",0,"DEG2_5"
"646","degraded","DEG2",5,"Rhus ovata","resprout",0,"DEG2_5"
"647","degraded","DEG2",5,"Salvia apiana","resprout",0,"DEG2_5"
"648","degraded","DEG2",5,"Salvia leucophylla","resprout",0,"DEG2_5"
"649","degraded","DEG2",5,"Sambucus mexicana","resprout",0,"DEG2_5"
"650","degraded","DEG2",5,"unknown5 shrub","resprout",0,"DEG2_5"
"651","degraded","DEG2",6,"Artemisia californica","resprout",0,"DEG2_6"
"652","degraded","DEG2",6,"Baccharis pilularis","resprout",0,"DEG2_6"
"653","degraded","DEG2",6,"Cenothus oliganthus","resprout",0,"DEG2_6"
"654","degraded","DEG2",6,"Eriodictyon crassifolium","resprout",0,"DEG2_6"
"655","degraded","DEG2",6,"Eriogonum fasciculatum","resprout",0,"DEG2_6"
"656","degraded","DEG2",6,"Heteromeles arbutifolia","resprout",0,"DEG2_6"
"657","degraded","DEG2",6,"Malacothamnus fasciculatus","resprout",0,"DEG2_6"
"658","degraded","DEG2",6,"Rhamnus ilicifolia","resprout",0,"DEG2_6"
"659","degraded","DEG2",6,"Rhus ovata","resprout",0,"DEG2_6"
"660","degraded","DEG2",6,"Salvia apiana","resprout",0,"DEG2_6"
"661","degraded","DEG2",6,"Salvia leucophylla","resprout",0,"DEG2_6"
"662","degraded","DEG2",6,"Sambucus mexicana","resprout",0,"DEG2_6"
"663","degraded","DEG2",6,"unknown5 shrub","resprout",0,"DEG2_6"
"664","intact","Intact1",1,"Artemisia californica","resprout",0,"Intact1_1"
"665","intact","Intact1",1,"Baccharis pilularis","resprout",0,"Intact1_1"
"666","intact","Intact1",1,"Cenothus oliganthus","resprout",0,"Intact1_1"
"667","intact","Intact1",1,"Eriodictyon crassifolium","resprout",0,"Intact1_1"
"668","intact","Intact1",1,"Eriogonum fasciculatum","resprout",0,"Intact1_1"
"669","intact","Intact1",1,"Heteromeles arbutifolia","resprout",0,"Intact1_1"
"670","intact","Intact1",1,"Malacothamnus fasciculatus","resprout",0,"Intact1_1"
"671","intact","Intact1",1,"Rhamnus ilicifolia","resprout",0,"Intact1_1"
"672","intact","Intact1",1,"Rhus ovata","resprout",0,"Intact1_1"
"673","intact","Intact1",1,"Salvia apiana","resprout",0,"Intact1_1"
"674","intact","Intact1",1,"Salvia leucophylla","resprout",0,"Intact1_1"
"675","intact","Intact1",1,"Sambucus mexicana","resprout",0,"Intact1_1"
"676","intact","Intact1",1,"unknown5 shrub","resprout",0,"Intact1_1"
"677","intact","Intact2",2,"Artemisia californica","resprout",0,"Intact2_2"
"678","intact","Intact2",2,"Baccharis pilularis","resprout",0,"Intact2_2"
"679","intact","Intact2",2,"Cenothus oliganthus","resprout",0,"Intact2_2"
"680","intact","Intact2",2,"Eriodictyon crassifolium","resprout",0,"Intact2_2"
"681","intact","Intact2",2,"Eriogonum fasciculatum","resprout",0,"Intact2_2"
"682","intact","Intact2",2,"Heteromeles arbutifolia","resprout",0,"Intact2_2"
"683","intact","Intact2",2,"Malacothamnus fasciculatus","resprout",0,"Intact2_2"
"684","intact","Intact2",2,"Rhamnus ilicifolia","resprout",0,"Intact2_2"
"685","intact","Intact2",2,"Rhus ovata","resprout",0,"Intact2_2"
"686","intact","Intact2",2,"Salvia apiana","resprout",0,"Intact2_2"
"687","intact","Intact2",2,"Salvia leucophylla","resprout",0,"Intact2_2"
"688","intact","Intact2",2,"Sambucus mexicana","resprout",0,"Intact2_2"
"689","intact","Intact2",2,"unknown5 shrub","resprout",0,"Intact2_2"
"690","intact","Intact3",3,"Artemisia californica","resprout",0,"Intact3_3"
"691","intact","Intact3",3,"Baccharis pilularis","resprout",0,"Intact3_3"
"692","intact","Intact3",3,"Cenothus oliganthus","resprout",0,"Intact3_3"
"693","intact","Intact3",3,"Eriodictyon crassifolium","resprout",0,"Intact3_3"
"694","intact","Intact3",3,"Eriogonum fasciculatum","resprout",0,"Intact3_3"
"695","intact","Intact3",3,"Heteromeles arbutifolia","resprout",0,"Intact3_3"
"696","intact","Intact3",3,"Malacothamnus fasciculatus","resprout",0,"Intact3_3"
"697","intact","Intact3",3,"Rhamnus ilicifolia","resprout",1,"Intact3_3"
"698","intact","Intact3",3,"Rhus ovata","resprout",0,"Intact3_3"
"699","intact","Intact3",3,"Salvia apiana","resprout",0,"Intact3_3"
"700","intact","Intact3",3,"Salvia leucophylla","resprout",0,"Intact3_3"
"701","intact","Intact3",3,"Sambucus mexicana","resprout",0,"Intact3_3"
"702","intact","Intact3",3,"unknown5 shrub","resprout",0,"Intact3_3"
"703","matrix","ENH1",1,"Artemisia californica","resprout",0,"ENH1_1"
"704","matrix","ENH1",1,"Baccharis pilularis","resprout",0,"ENH1_1"
"705","matrix","ENH1",1,"Cenothus oliganthus","resprout",0,"ENH1_1"
"706","matrix","ENH1",1,"Eriodictyon crassifolium","resprout",0,"ENH1_1"
"707","matrix","ENH1",1,"Eriogonum fasciculatum","resprout",0,"ENH1_1"
"708","matrix","ENH1",1,"Heteromeles arbutifolia","resprout",0,"ENH1_1"
"709","matrix","ENH1",1,"Malacothamnus fasciculatus","resprout",0,"ENH1_1"
"710","matrix","ENH1",1,"Rhamnus ilicifolia","resprout",0,"ENH1_1"
"711","matrix","ENH1",1,"Rhus ovata","resprout",0,"ENH1_1"
"712","matrix","ENH1",1,"Salvia apiana","resprout",0,"ENH1_1"
"713","matrix","ENH1",1,"Salvia leucophylla","resprout",0,"ENH1_1"
"714","matrix","ENH1",1,"Sambucus mexicana","resprout",0,"ENH1_1"
"715","matrix","ENH1",1,"unknown5 shrub","resprout",0,"ENH1_1"
"716","matrix","ENH1",2,"Artemisia californica","resprout",0,"ENH1_2"
"717","matrix","ENH1",2,"Baccharis pilularis","resprout",0,"ENH1_2"
"718","matrix","ENH1",2,"Cenothus oliganthus","resprout",0,"ENH1_2"
"719","matrix","ENH1",2,"Eriodictyon crassifolium","resprout",0,"ENH1_2"
"720","matrix","ENH1",2,"Eriogonum fasciculatum","resprout",0,"ENH1_2"
"721","matrix","ENH1",2,"Heteromeles arbutifolia","resprout",0,"ENH1_2"
"722","matrix","ENH1",2,"Malacothamnus fasciculatus","resprout",0,"ENH1_2"
"723","matrix","ENH1",2,"Rhamnus ilicifolia","resprout",0,"ENH1_2"
"724","matrix","ENH1",2,"Rhus ovata","resprout",0,"ENH1_2"
"725","matrix","ENH1",2,"Salvia apiana","resprout",0,"ENH1_2"
"726","matrix","ENH1",2,"Salvia leucophylla","resprout",0,"ENH1_2"
"727","matrix","ENH1",2,"Sambucus mexicana","resprout",0,"ENH1_2"
"728","matrix","ENH1",2,"unknown5 shrub","resprout",0,"ENH1_2"
"729","matrix","ENH1",3,"Artemisia californica","resprout",0,"ENH1_3"
"730","matrix","ENH1",3,"Baccharis pilularis","resprout",1,"ENH1_3"
"731","matrix","ENH1",3,"Cenothus oliganthus","resprout",0,"ENH1_3"
"732","matrix","ENH1",3,"Eriodictyon crassifolium","resprout",0,"ENH1_3"
"733","matrix","ENH1",3,"Eriogonum fasciculatum","resprout",0,"ENH1_3"
"734","matrix","ENH1",3,"Heteromeles arbutifolia","resprout",0,"ENH1_3"
"735","matrix","ENH1",3,"Malacothamnus fasciculatus","resprout",2,"ENH1_3"
"736","matrix","ENH1",3,"Rhamnus ilicifolia","resprout",0,"ENH1_3"
"737","matrix","ENH1",3,"Rhus ovata","resprout",0,"ENH1_3"
"738","matrix","ENH1",3,"Salvia apiana","resprout",0,"ENH1_3"
"739","matrix","ENH1",3,"Salvia leucophylla","resprout",0,"ENH1_3"
"740","matrix","ENH1",3,"Sambucus mexicana","resprout",0,"ENH1_3"
"741","matrix","ENH1",3,"unknown5 shrub","resprout",0,"ENH1_3"
"742","matrix","ENH2",4,"Artemisia californica","resprout",0,"ENH2_4"
"743","matrix","ENH2",4,"Baccharis pilularis","resprout",0,"ENH2_4"
"744","matrix","ENH2",4,"Cenothus oliganthus","resprout",0,"ENH2_4"
"745","matrix","ENH2",4,"Eriodictyon crassifolium","resprout",0,"ENH2_4"
"746","matrix","ENH2",4,"Eriogonum fasciculatum","resprout",0,"ENH2_4"
"747","matrix","ENH2",4,"Heteromeles arbutifolia","resprout",0,"ENH2_4"
"748","matrix","ENH2",4,"Malacothamnus fasciculatus","resprout",0,"ENH2_4"
"749","matrix","ENH2",4,"Rhamnus ilicifolia","resprout",0,"ENH2_4"
"750","matrix","ENH2",4,"Rhus ovata","resprout",0,"ENH2_4"
"751","matrix","ENH2",4,"Salvia apiana","resprout",0,"ENH2_4"
"752","matrix","ENH2",4,"Salvia leucophylla","resprout",0,"ENH2_4"
"753","matrix","ENH2",4,"Sambucus mexicana","resprout",0,"ENH2_4"
"754","matrix","ENH2",4,"unknown5 shrub","resprout",0,"ENH2_4"
"755","matrix","ENH2",5,"Artemisia californica","resprout",0,"ENH2_5"
"756","matrix","ENH2",5,"Baccharis pilularis","resprout",0,"ENH2_5"
"757","matrix","ENH2",5,"Cenothus oliganthus","resprout",0,"ENH2_5"
"758","matrix","ENH2",5,"Eriodictyon crassifolium","resprout",0,"ENH2_5"
"759","matrix","ENH2",5,"Eriogonum fasciculatum","resprout",0,"ENH2_5"
"760","matrix","ENH2",5,"Heteromeles arbutifolia","resprout",0,"ENH2_5"
"761","matrix","ENH2",5,"Malacothamnus fasciculatus","resprout",0,"ENH2_5"
"762","matrix","ENH2",5,"Rhamnus ilicifolia","resprout",0,"ENH2_5"
"763","matrix","ENH2",5,"Rhus ovata","resprout",0,"ENH2_5"
"764","matrix","ENH2",5,"Salvia apiana","resprout",0,"ENH2_5"
"765","matrix","ENH2",5,"Salvia leucophylla","resprout",0,"ENH2_5"
"766","matrix","ENH2",5,"Sambucus mexicana","resprout",0,"ENH2_5"
"767","matrix","ENH2",5,"unknown5 shrub","resprout",0,"ENH2_5"
"768","matrix","ENH2",6,"Artemisia californica","resprout",0,"ENH2_6"
"769","matrix","ENH2",6,"Baccharis pilularis","resprout",0,"ENH2_6"
"770","matrix","ENH2",6,"Cenothus oliganthus","resprout",0,"ENH2_6"
"771","matrix","ENH2",6,"Eriodictyon crassifolium","resprout",0,"ENH2_6"
"772","matrix","ENH2",6,"Eriogonum fasciculatum","resprout",0,"ENH2_6"
"773","matrix","ENH2",6,"Heteromeles arbutifolia","resprout",0,"ENH2_6"
"774","matrix","ENH2",6,"Malacothamnus fasciculatus","resprout",0,"ENH2_6"
"775","matrix","ENH2",6,"Rhamnus ilicifolia","resprout",0,"ENH2_6"
"776","matrix","ENH2",6,"Rhus ovata","resprout",0,"ENH2_6"
"777","matrix","ENH2",6,"Salvia apiana","resprout",0,"ENH2_6"
"778","matrix","ENH2",6,"Salvia leucophylla","resprout",0,"ENH2_6"
"779","matrix","ENH2",6,"Sambucus mexicana","resprout",0,"ENH2_6"
"780","matrix","ENH2",6,"unknown5 shrub","resprout",0,"ENH2_6"
"781","degraded","DEG1",1,"Artemisia californica","seedling",0,"DEG1_1"
"782","degraded","DEG1",1,"Baccharis pilularis","seedling",0,"DEG1_1"
"783","degraded","DEG1",1,"Cenothus oliganthus","seedling",0,"DEG1_1"
"784","degraded","DEG1",1,"Eriodictyon crassifolium","seedling",0,"DEG1_1"
"785","degraded","DEG1",1,"Eriogonum fasciculatum","seedling",0,"DEG1_1"
"786","degraded","DEG1",1,"Heteromeles arbutifolia","seedling",0,"DEG1_1"
"787","degraded","DEG1",1,"Malacothamnus fasciculatus","seedling",0,"DEG1_1"
"788","degraded","DEG1",1,"Rhamnus ilicifolia","seedling",0,"DEG1_1"
"789","degraded","DEG1",1,"Rhus ovata","seedling",0,"DEG1_1"
"790","degraded","DEG1",1,"Salvia apiana","seedling",0,"DEG1_1"
"791","degraded","DEG1",1,"Salvia leucophylla","seedling",0,"DEG1_1"
"792","degraded","DEG1",1,"Sambucus mexicana","seedling",0,"DEG1_1"
"793","degraded","DEG1",1,"unknown5 shrub","seedling",0,"DEG1_1"
"794","degraded","DEG1",2,"Artemisia californica","seedling",0,"DEG1_2"
"795","degraded","DEG1",2,"Baccharis pilularis","seedling",0,"DEG1_2"
"796","degraded","DEG1",2,"Cenothus oliganthus","seedling",0,"DEG1_2"
"797","degraded","DEG1",2,"Eriodictyon crassifolium","seedling",0,"DEG1_2"
"798","degraded","DEG1",2,"Eriogonum fasciculatum","seedling",0,"DEG1_2"
"799","degraded","DEG1",2,"Heteromeles arbutifolia","seedling",0,"DEG1_2"
"800","degraded","DEG1",2,"Malacothamnus fasciculatus","seedling",0,"DEG1_2"
"801","degraded","DEG1",2,"Rhamnus ilicifolia","seedling",0,"DEG1_2"
"802","degraded","DEG1",2,"Rhus ovata","seedling",0,"DEG1_2"
"803","degraded","DEG1",2,"Salvia apiana","seedling",0,"DEG1_2"
"804","degraded","DEG1",2,"Salvia leucophylla","seedling",0,"DEG1_2"
"805","degraded","DEG1",2,"Sambucus mexicana","seedling",0,"DEG1_2"
"806","degraded","DEG1",2,"unknown5 shrub","seedling",0,"DEG1_2"
"807","degraded","DEG1",3,"Artemisia californica","seedling",0,"DEG1_3"
"808","degraded","DEG1",3,"Baccharis pilularis","seedling",0,"DEG1_3"
"809","degraded","DEG1",3,"Cenothus oliganthus","seedling",0,"DEG1_3"
"810","degraded","DEG1",3,"Eriodictyon crassifolium","seedling",0,"DEG1_3"
"811","degraded","DEG1",3,"Eriogonum fasciculatum","seedling",0,"DEG1_3"
"812","degraded","DEG1",3,"Heteromeles arbutifolia","seedling",0,"DEG1_3"
"813","degraded","DEG1",3,"Malacothamnus fasciculatus","seedling",0,"DEG1_3"
"814","degraded","DEG1",3,"Rhamnus ilicifolia","seedling",0,"DEG1_3"
"815","degraded","DEG1",3,"Rhus ovata","seedling",0,"DEG1_3"
"816","degraded","DEG1",3,"Salvia apiana","seedling",0,"DEG1_3"
"817","degraded","DEG1",3,"Salvia leucophylla","seedling",0,"DEG1_3"
"818","degraded","DEG1",3,"Sambucus mexicana","seedling",0,"DEG1_3"
"819","degraded","DEG1",3,"unknown5 shrub","seedling",0,"DEG1_3"
"820","degraded","DEG2",4,"Artemisia californica","seedling",0,"DEG2_4"
"821","degraded","DEG2",4,"Baccharis pilularis","seedling",0,"DEG2_4"
"822","degraded","DEG2",4,"Cenothus oliganthus","seedling",0,"DEG2_4"
"823","degraded","DEG2",4,"Eriodictyon crassifolium","seedling",0,"DEG2_4"
"824","degraded","DEG2",4,"Eriogonum fasciculatum","seedling",0,"DEG2_4"
"825","degraded","DEG2",4,"Heteromeles arbutifolia","seedling",0,"DEG2_4"
"826","degraded","DEG2",4,"Malacothamnus fasciculatus","seedling",0,"DEG2_4"
"827","degraded","DEG2",4,"Rhamnus ilicifolia","seedling",0,"DEG2_4"
"828","degraded","DEG2",4,"Rhus ovata","seedling",0,"DEG2_4"
"829","degraded","DEG2",4,"Salvia apiana","seedling",0,"DEG2_4"
"830","degraded","DEG2",4,"Salvia leucophylla","seedling",0,"DEG2_4"
"831","degraded","DEG2",4,"Sambucus mexicana","seedling",0,"DEG2_4"
"832","degraded","DEG2",4,"unknown5 shrub","seedling",0,"DEG2_4"
"833","degraded","DEG2",5,"Artemisia californica","seedling",0,"DEG2_5"
"834","degraded","DEG2",5,"Baccharis pilularis","seedling",0,"DEG2_5"
"835","degraded","DEG2",5,"Cenothus oliganthus","seedling",0,"DEG2_5"
"836","degraded","DEG2",5,"Eriodictyon crassifolium","seedling",0,"DEG2_5"
"837","degraded","DEG2",5,"Eriogonum fasciculatum","seedling",0,"DEG2_5"
"838","degraded","DEG2",5,"Heteromeles arbutifolia","seedling",0,"DEG2_5"
"839","degraded","DEG2",5,"Malacothamnus fasciculatus","seedling",3,"DEG2_5"
"840","degraded","DEG2",5,"Rhamnus ilicifolia","seedling",0,"DEG2_5"
"841","degraded","DEG2",5,"Rhus ovata","seedling",0,"DEG2_5"
"842","degraded","DEG2",5,"Salvia apiana","seedling",0,"DEG2_5"
"843","degraded","DEG2",5,"Salvia leucophylla","seedling",0,"DEG2_5"
"844","degraded","DEG2",5,"Sambucus mexicana","seedling",0,"DEG2_5"
"845","degraded","DEG2",5,"unknown5 shrub","seedling",0,"DEG2_5"
"846","degraded","DEG2",6,"Artemisia californica","seedling",0,"DEG2_6"
"847","degraded","DEG2",6,"Baccharis pilularis","seedling",0,"DEG2_6"
"848","degraded","DEG2",6,"Cenothus oliganthus","seedling",0,"DEG2_6"
"849","degraded","DEG2",6,"Eriodictyon crassifolium","seedling",0,"DEG2_6"
"850","degraded","DEG2",6,"Eriogonum fasciculatum","seedling",0,"DEG2_6"
"851","degraded","DEG2",6,"Heteromeles arbutifolia","seedling",0,"DEG2_6"
"852","degraded","DEG2",6,"Malacothamnus fasciculatus","seedling",0,"DEG2_6"
"853","degraded","DEG2",6,"Rhamnus ilicifolia","seedling",0,"DEG2_6"
"854","degraded","DEG2",6,"Rhus ovata","seedling",0,"DEG2_6"
"855","degraded","DEG2",6,"Salvia apiana","seedling",0,"DEG2_6"
"856","degraded","DEG2",6,"Salvia leucophylla","seedling",0,"DEG2_6"
"857","degraded","DEG2",6,"Sambucus mexicana","seedling",0,"DEG2_6"
"858","degraded","DEG2",6,"unknown5 shrub","seedling",0,"DEG2_6"
"859","intact","Intact1",1,"Artemisia californica","seedling",0,"Intact1_1"
"860","intact","Intact1",1,"Baccharis pilularis","seedling",0,"Intact1_1"
"861","intact","Intact1",1,"Cenothus oliganthus","seedling",0,"Intact1_1"
"862","intact","Intact1",1,"Eriodictyon crassifolium","seedling",0,"Intact1_1"
"863","intact","Intact1",1,"Eriogonum fasciculatum","seedling",0,"Intact1_1"
"864","intact","Intact1",1,"Heteromeles arbutifolia","seedling",0,"Intact1_1"
"865","intact","Intact1",1,"Malacothamnus fasciculatus","seedling",0,"Intact1_1"
"866","intact","Intact1",1,"Rhamnus ilicifolia","seedling",0,"Intact1_1"
"867","intact","Intact1",1,"Rhus ovata","seedling",0,"Intact1_1"
"868","intact","Intact1",1,"Salvia apiana","seedling",0,"Intact1_1"
"869","intact","Intact1",1,"Salvia leucophylla","seedling",0,"Intact1_1"
"870","intact","Intact1",1,"Sambucus mexicana","seedling",0,"Intact1_1"
"871","intact","Intact1",1,"unknown5 shrub","seedling",0,"Intact1_1"
"872","intact","Intact2",2,"Artemisia californica","seedling",1,"Intact2_2"
"873","intact","Intact2",2,"Baccharis pilularis","seedling",0,"Intact2_2"
"874","intact","Intact2",2,"Cenothus oliganthus","seedling",0,"Intact2_2"
"875","intact","Intact2",2,"Eriodictyon crassifolium","seedling",0,"Intact2_2"
"876","intact","Intact2",2,"Eriogonum fasciculatum","seedling",0,"Intact2_2"
"877","intact","Intact2",2,"Heteromeles arbutifolia","seedling",0,"Intact2_2"
"878","intact","Intact2",2,"Malacothamnus fasciculatus","seedling",0,"Intact2_2"
"879","intact","Intact2",2,"Rhamnus ilicifolia","seedling",0,"Intact2_2"
"880","intact","Intact2",2,"Rhus ovata","seedling",0,"Intact2_2"
"881","intact","Intact2",2,"Salvia apiana","seedling",0,"Intact2_2"
"882","intact","Intact2",2,"Salvia leucophylla","seedling",0,"Intact2_2"
"883","intact","Intact2",2,"Sambucus mexicana","seedling",0,"Intact2_2"
"884","intact","Intact2",2,"unknown5 shrub","seedling",0,"Intact2_2"
"885","intact","Intact3",3,"Artemisia californica","seedling",0,"Intact3_3"
"886","intact","Intact3",3,"Baccharis pilularis","seedling",0,"Intact3_3"
"887","intact","Intact3",3,"Cenothus oliganthus","seedling",0,"Intact3_3"
"888","intact","Intact3",3,"Eriodictyon crassifolium","seedling",1,"Intact3_3"
"889","intact","Intact3",3,"Eriogonum fasciculatum","seedling",0,"Intact3_3"
"890","intact","Intact3",3,"Heteromeles arbutifolia","seedling",0,"Intact3_3"
"891","intact","Intact3",3,"Malacothamnus fasciculatus","seedling",2,"Intact3_3"
"892","intact","Intact3",3,"Rhamnus ilicifolia","seedling",0,"Intact3_3"
"893","intact","Intact3",3,"Rhus ovata","seedling",1,"Intact3_3"
"894","intact","Intact3",3,"Salvia apiana","seedling",0,"Intact3_3"
"895","intact","Intact3",3,"Salvia leucophylla","seedling",2,"Intact3_3"
"896","intact","Intact3",3,"Sambucus mexicana","seedling",0,"Intact3_3"
"897","intact","Intact3",3,"unknown5 shrub","seedling",0,"Intact3_3"
"898","matrix","ENH1",1,"Artemisia californica","seedling",0,"ENH1_1"
"899","matrix","ENH1",1,"Baccharis pilularis","seedling",0,"ENH1_1"
"900","matrix","ENH1",1,"Cenothus oliganthus","seedling",0,"ENH1_1"
"901","matrix","ENH1",1,"Eriodictyon crassifolium","seedling",0,"ENH1_1"
"902","matrix","ENH1",1,"Eriogonum fasciculatum","seedling",0,"ENH1_1"
"903","matrix","ENH1",1,"Heteromeles arbutifolia","seedling",0,"ENH1_1"
"904","matrix","ENH1",1,"Malacothamnus fasciculatus","seedling",0,"ENH1_1"
"905","matrix","ENH1",1,"Rhamnus ilicifolia","seedling",0,"ENH1_1"
"906","matrix","ENH1",1,"Rhus ovata","seedling",0,"ENH1_1"
"907","matrix","ENH1",1,"Salvia apiana","seedling",0,"ENH1_1"
"908","matrix","ENH1",1,"Salvia leucophylla","seedling",0,"ENH1_1"
"909","matrix","ENH1",1,"Sambucus mexicana","seedling",0,"ENH1_1"
"910","matrix","ENH1",1,"unknown5 shrub","seedling",0,"ENH1_1"
"911","matrix","ENH1",2,"Artemisia californica","seedling",0,"ENH1_2"
"912","matrix","ENH1",2,"Baccharis pilularis","seedling",0,"ENH1_2"
"913","matrix","ENH1",2,"Cenothus oliganthus","seedling",0,"ENH1_2"
"914","matrix","ENH1",2,"Eriodictyon crassifolium","seedling",0,"ENH1_2"
"915","matrix","ENH1",2,"Eriogonum fasciculatum","seedling",0,"ENH1_2"
"916","matrix","ENH1",2,"Heteromeles arbutifolia","seedling",0,"ENH1_2"
"917","matrix","ENH1",2,"Malacothamnus fasciculatus","seedling",1,"ENH1_2"
"918","matrix","ENH1",2,"Rhamnus ilicifolia","seedling",0,"ENH1_2"
"919","matrix","ENH1",2,"Rhus ovata","seedling",0,"ENH1_2"
"920","matrix","ENH1",2,"Salvia apiana","seedling",0,"ENH1_2"
"921","matrix","ENH1",2,"Salvia leucophylla","seedling",0,"ENH1_2"
"922","matrix","ENH1",2,"Sambucus mexicana","seedling",0,"ENH1_2"
"923","matrix","ENH1",2,"unknown5 shrub","seedling",0,"ENH1_2"
"924","matrix","ENH1",3,"Artemisia californica","seedling",0,"ENH1_3"
"925","matrix","ENH1",3,"Baccharis pilularis","seedling",0,"ENH1_3"
"926","matrix","ENH1",3,"Cenothus oliganthus","seedling",0,"ENH1_3"
"927","matrix","ENH1",3,"Eriodictyon crassifolium","seedling",1,"ENH1_3"
"928","matrix","ENH1",3,"Eriogonum fasciculatum","seedling",0,"ENH1_3"
"929","matrix","ENH1",3,"Heteromeles arbutifolia","seedling",0,"ENH1_3"
"930","matrix","ENH1",3,"Malacothamnus fasciculatus","seedling",2,"ENH1_3"
"931","matrix","ENH1",3,"Rhamnus ilicifolia","seedling",0,"ENH1_3"
"932","matrix","ENH1",3,"Rhus ovata","seedling",0,"ENH1_3"
"933","matrix","ENH1",3,"Salvia apiana","seedling",0,"ENH1_3"
"934","matrix","ENH1",3,"Salvia leucophylla","seedling",0,"ENH1_3"
"935","matrix","ENH1",3,"Sambucus mexicana","seedling",0,"ENH1_3"
"936","matrix","ENH1",3,"unknown5 shrub","seedling",0,"ENH1_3"
"937","matrix","ENH2",4,"Artemisia californica","seedling",0,"ENH2_4"
"938","matrix","ENH2",4,"Baccharis pilularis","seedling",0,"ENH2_4"
"939","matrix","ENH2",4,"Cenothus oliganthus","seedling",0,"ENH2_4"
"940","matrix","ENH2",4,"Eriodictyon crassifolium","seedling",0,"ENH2_4"
"941","matrix","ENH2",4,"Eriogonum fasciculatum","seedling",0,"ENH2_4"
"942","matrix","ENH2",4,"Heteromeles arbutifolia","seedling",0,"ENH2_4"
"943","matrix","ENH2",4,"Malacothamnus fasciculatus","seedling",1,"ENH2_4"
"944","matrix","ENH2",4,"Rhamnus ilicifolia","seedling",0,"ENH2_4"
"945","matrix","ENH2",4,"Rhus ovata","seedling",0,"ENH2_4"
"946","matrix","ENH2",4,"Salvia apiana","seedling",0,"ENH2_4"
"947","matrix","ENH2",4,"Salvia leucophylla","seedling",0,"ENH2_4"
"948","matrix","ENH2",4,"Sambucus mexicana","seedling",0,"ENH2_4"
"949","matrix","ENH2",4,"unknown5 shrub","seedling",0,"ENH2_4"
"950","matrix","ENH2",5,"Artemisia californica","seedling",0,"ENH2_5"
"951","matrix","ENH2",5,"Baccharis pilularis","seedling",0,"ENH2_5"
"952","matrix","ENH2",5,"Cenothus oliganthus","seedling",0,"ENH2_5"
"953","matrix","ENH2",5,"Eriodictyon crassifolium","seedling",0,"ENH2_5"
"954","matrix","ENH2",5,"Eriogonum fasciculatum","seedling",0,"ENH2_5"
"955","matrix","ENH2",5,"Heteromeles arbutifolia","seedling",0,"ENH2_5"
"956","matrix","ENH2",5,"Malacothamnus fasciculatus","seedling",0,"ENH2_5"
"957","matrix","ENH2",5,"Rhamnus ilicifolia","seedling",0,"ENH2_5"
"958","matrix","ENH2",5,"Rhus ovata","seedling",0,"ENH2_5"
"959","matrix","ENH2",5,"Salvia apiana","seedling",0,"ENH2_5"
"960","matrix","ENH2",5,"Salvia leucophylla","seedling",0,"ENH2_5"
"961","matrix","ENH2",5,"Sambucus mexicana","seedling",0,"ENH2_5"
"962","matrix","ENH2",5,"unknown5 shrub","seedling",0,"ENH2_5"
"963","matrix","ENH2",6,"Artemisia californica","seedling",0,"ENH2_6"
"964","matrix","ENH2",6,"Baccharis pilularis","seedling",0,"ENH2_6"
"965","matrix","ENH2",6,"Cenothus oliganthus","seedling",0,"ENH2_6"
"966","matrix","ENH2",6,"Eriodictyon crassifolium","seedling",0,"ENH2_6"
"967","matrix","ENH2",6,"Eriogonum fasciculatum","seedling",0,"ENH2_6"
"968","matrix","ENH2",6,"Heteromeles arbutifolia","seedling",0,"ENH2_6"
"969","matrix","ENH2",6,"Malacothamnus fasciculatus","seedling",0,"ENH2_6"
"970","matrix","ENH2",6,"Rhamnus ilicifolia","seedling",0,"ENH2_6"
"971","matrix","ENH2",6,"Rhus ovata","seedling",0,"ENH2_6"
"972","matrix","ENH2",6,"Salvia apiana","seedling",0,"ENH2_6"
"973","matrix","ENH2",6,"Salvia leucophylla","seedling",0,"ENH2_6"
"974","matrix","ENH2",6,"Sambucus mexicana","seedling",0,"ENH2_6"
"975","matrix","ENH2",6,"unknown5 shrub","seedling",0,"ENH2_6"
