"","standtype","site","rep","species","status","count","site_rep","site_rep_species"
"1","degraded","DEG1","1","Artemisia californica","dead",0,"DEG1_1","DEG1_1_Artemisia californica"
"2","degraded","DEG1","1","Baccharis pilularis","dead",0,"DEG1_1","DEG1_1_Baccharis pilularis"
"3","degraded","DEG1","1","Cenothus oliganthus","dead",0,"DEG1_1","DEG1_1_Cenothus oliganthus"
"4","degraded","DEG1","1","Eriodictyon crassifolium","dead",0,"DEG1_1","DEG1_1_Eriodictyon crassifolium"
"5","degraded","DEG1","1","Eriogonum fasciculatum","dead",0,"DEG1_1","DEG1_1_Eriogonum fasciculatum"
"6","degraded","DEG1","1","Heteromeles arbutifolia","dead",0,"DEG1_1","DEG1_1_Heteromeles arbutifolia"
"7","degraded","DEG1","1","Malacothamnus fasciculatus","dead",0,"DEG1_1","DEG1_1_Malacothamnus fasciculatus"
"8","degraded","DEG1","1","Rhamnus ilicifolia","dead",0,"DEG1_1","DEG1_1_Rhamnus ilicifolia"
"9","degraded","DEG1","1","Rhus ovata","dead",0,"DEG1_1","DEG1_1_Rhus ovata"
"10","degraded","DEG1","1","Salvia apiana","dead",0,"DEG1_1","DEG1_1_Salvia apiana"
"11","degraded","DEG1","1","Salvia leucophylla","dead",0,"DEG1_1","DEG1_1_Salvia leucophylla"
"12","degraded","DEG1","1","Sambucus mexicana","dead",0,"DEG1_1","DEG1_1_Sambucus mexicana"
"13","degraded","DEG1","1","unknown5 shrub","dead",0,"DEG1_1","DEG1_1_unknown5 shrub"
"14","degraded","DEG1","2","Artemisia californica","dead",0,"DEG1_2","DEG1_2_Artemisia californica"
"15","degraded","DEG1","2","Baccharis pilularis","dead",0,"DEG1_2","DEG1_2_Baccharis pilularis"
"16","degraded","DEG1","2","Cenothus oliganthus","dead",0,"DEG1_2","DEG1_2_Cenothus oliganthus"
"17","degraded","DEG1","2","Eriodictyon crassifolium","dead",0,"DEG1_2","DEG1_2_Eriodictyon crassifolium"
"18","degraded","DEG1","2","Eriogonum fasciculatum","dead",0,"DEG1_2","DEG1_2_Eriogonum fasciculatum"
"19","degraded","DEG1","2","Heteromeles arbutifolia","dead",0,"DEG1_2","DEG1_2_Heteromeles arbutifolia"
"20","degraded","DEG1","2","Malacothamnus fasciculatus","dead",0,"DEG1_2","DEG1_2_Malacothamnus fasciculatus"
"21","degraded","DEG1","2","Rhamnus ilicifolia","dead",0,"DEG1_2","DEG1_2_Rhamnus ilicifolia"
"22","degraded","DEG1","2","Rhus ovata","dead",0,"DEG1_2","DEG1_2_Rhus ovata"
"23","degraded","DEG1","2","Salvia apiana","dead",0,"DEG1_2","DEG1_2_Salvia apiana"
"24","degraded","DEG1","2","Salvia leucophylla","dead",0,"DEG1_2","DEG1_2_Salvia leucophylla"
"25","degraded","DEG1","2","Sambucus mexicana","dead",0,"DEG1_2","DEG1_2_Sambucus mexicana"
"26","degraded","DEG1","2","unknown5 shrub","dead",0,"DEG1_2","DEG1_2_unknown5 shrub"
"27","degraded","DEG1","3","Artemisia californica","dead",0,"DEG1_3","DEG1_3_Artemisia californica"
"28","degraded","DEG1","3","Baccharis pilularis","dead",0,"DEG1_3","DEG1_3_Baccharis pilularis"
"29","degraded","DEG1","3","Cenothus oliganthus","dead",0,"DEG1_3","DEG1_3_Cenothus oliganthus"
"30","degraded","DEG1","3","Eriodictyon crassifolium","dead",0,"DEG1_3","DEG1_3_Eriodictyon crassifolium"
"31","degraded","DEG1","3","Eriogonum fasciculatum","dead",0,"DEG1_3","DEG1_3_Eriogonum fasciculatum"
"32","degraded","DEG1","3","Heteromeles arbutifolia","dead",0,"DEG1_3","DEG1_3_Heteromeles arbutifolia"
"33","degraded","DEG1","3","Malacothamnus fasciculatus","dead",0,"DEG1_3","DEG1_3_Malacothamnus fasciculatus"
"34","degraded","DEG1","3","Rhamnus ilicifolia","dead",0,"DEG1_3","DEG1_3_Rhamnus ilicifolia"
"35","degraded","DEG1","3","Rhus ovata","dead",0,"DEG1_3","DEG1_3_Rhus ovata"
"36","degraded","DEG1","3","Salvia apiana","dead",0,"DEG1_3","DEG1_3_Salvia apiana"
"37","degraded","DEG1","3","Salvia leucophylla","dead",0,"DEG1_3","DEG1_3_Salvia leucophylla"
"38","degraded","DEG1","3","Sambucus mexicana","dead",0,"DEG1_3","DEG1_3_Sambucus mexicana"
"39","degraded","DEG1","3","unknown5 shrub","dead",0,"DEG1_3","DEG1_3_unknown5 shrub"
"40","degraded","DEG2","4","Artemisia californica","dead",0,"DEG2_4","DEG2_4_Artemisia californica"
"41","degraded","DEG2","4","Baccharis pilularis","dead",0,"DEG2_4","DEG2_4_Baccharis pilularis"
"42","degraded","DEG2","4","Cenothus oliganthus","dead",0,"DEG2_4","DEG2_4_Cenothus oliganthus"
"43","degraded","DEG2","4","Eriodictyon crassifolium","dead",0,"DEG2_4","DEG2_4_Eriodictyon crassifolium"
"44","degraded","DEG2","4","Eriogonum fasciculatum","dead",0,"DEG2_4","DEG2_4_Eriogonum fasciculatum"
"45","degraded","DEG2","4","Heteromeles arbutifolia","dead",0,"DEG2_4","DEG2_4_Heteromeles arbutifolia"
"46","degraded","DEG2","4","Malacothamnus fasciculatus","dead",0,"DEG2_4","DEG2_4_Malacothamnus fasciculatus"
"47","degraded","DEG2","4","Rhamnus ilicifolia","dead",0,"DEG2_4","DEG2_4_Rhamnus ilicifolia"
"48","degraded","DEG2","4","Rhus ovata","dead",0,"DEG2_4","DEG2_4_Rhus ovata"
"49","degraded","DEG2","4","Salvia apiana","dead",0,"DEG2_4","DEG2_4_Salvia apiana"
"50","degraded","DEG2","4","Salvia leucophylla","dead",0,"DEG2_4","DEG2_4_Salvia leucophylla"
"51","degraded","DEG2","4","Sambucus mexicana","dead",0,"DEG2_4","DEG2_4_Sambucus mexicana"
"52","degraded","DEG2","4","unknown5 shrub","dead",0,"DEG2_4","DEG2_4_unknown5 shrub"
"53","degraded","DEG2","5","Artemisia californica","dead",0,"DEG2_5","DEG2_5_Artemisia californica"
"54","degraded","DEG2","5","Baccharis pilularis","dead",0,"DEG2_5","DEG2_5_Baccharis pilularis"
"55","degraded","DEG2","5","Cenothus oliganthus","dead",0,"DEG2_5","DEG2_5_Cenothus oliganthus"
"56","degraded","DEG2","5","Eriodictyon crassifolium","dead",0,"DEG2_5","DEG2_5_Eriodictyon crassifolium"
"57","degraded","DEG2","5","Eriogonum fasciculatum","dead",0,"DEG2_5","DEG2_5_Eriogonum fasciculatum"
"58","degraded","DEG2","5","Heteromeles arbutifolia","dead",0,"DEG2_5","DEG2_5_Heteromeles arbutifolia"
"59","degraded","DEG2","5","Malacothamnus fasciculatus","dead",0,"DEG2_5","DEG2_5_Malacothamnus fasciculatus"
"60","degraded","DEG2","5","Rhamnus ilicifolia","dead",0,"DEG2_5","DEG2_5_Rhamnus ilicifolia"
"61","degraded","DEG2","5","Rhus ovata","dead",0,"DEG2_5","DEG2_5_Rhus ovata"
"62","degraded","DEG2","5","Salvia apiana","dead",0,"DEG2_5","DEG2_5_Salvia apiana"
"63","degraded","DEG2","5","Salvia leucophylla","dead",0,"DEG2_5","DEG2_5_Salvia leucophylla"
"64","degraded","DEG2","5","Sambucus mexicana","dead",0,"DEG2_5","DEG2_5_Sambucus mexicana"
"65","degraded","DEG2","5","unknown5 shrub","dead",0,"DEG2_5","DEG2_5_unknown5 shrub"
"66","degraded","DEG2","6","Artemisia californica","dead",0,"DEG2_6","DEG2_6_Artemisia californica"
"67","degraded","DEG2","6","Baccharis pilularis","dead",0,"DEG2_6","DEG2_6_Baccharis pilularis"
"68","degraded","DEG2","6","Cenothus oliganthus","dead",0,"DEG2_6","DEG2_6_Cenothus oliganthus"
"69","degraded","DEG2","6","Eriodictyon crassifolium","dead",0,"DEG2_6","DEG2_6_Eriodictyon crassifolium"
"70","degraded","DEG2","6","Eriogonum fasciculatum","dead",0,"DEG2_6","DEG2_6_Eriogonum fasciculatum"
"71","degraded","DEG2","6","Heteromeles arbutifolia","dead",0,"DEG2_6","DEG2_6_Heteromeles arbutifolia"
"72","degraded","DEG2","6","Malacothamnus fasciculatus","dead",0,"DEG2_6","DEG2_6_Malacothamnus fasciculatus"
"73","degraded","DEG2","6","Rhamnus ilicifolia","dead",0,"DEG2_6","DEG2_6_Rhamnus ilicifolia"
"74","degraded","DEG2","6","Rhus ovata","dead",0,"DEG2_6","DEG2_6_Rhus ovata"
"75","degraded","DEG2","6","Salvia apiana","dead",0,"DEG2_6","DEG2_6_Salvia apiana"
"76","degraded","DEG2","6","Salvia leucophylla","dead",0,"DEG2_6","DEG2_6_Salvia leucophylla"
"77","degraded","DEG2","6","Sambucus mexicana","dead",0,"DEG2_6","DEG2_6_Sambucus mexicana"
"78","degraded","DEG2","6","unknown5 shrub","dead",0,"DEG2_6","DEG2_6_unknown5 shrub"
"79","intact","Intact1","1","Artemisia californica","dead",0,"Intact1_1","Intact1_1_Artemisia californica"
"80","intact","Intact1","1","Baccharis pilularis","dead",0,"Intact1_1","Intact1_1_Baccharis pilularis"
"81","intact","Intact1","1","Cenothus oliganthus","dead",0,"Intact1_1","Intact1_1_Cenothus oliganthus"
"82","intact","Intact1","1","Eriodictyon crassifolium","dead",0,"Intact1_1","Intact1_1_Eriodictyon crassifolium"
"83","intact","Intact1","1","Eriogonum fasciculatum","dead",0,"Intact1_1","Intact1_1_Eriogonum fasciculatum"
"84","intact","Intact1","1","Heteromeles arbutifolia","dead",20,"Intact1_1","Intact1_1_Heteromeles arbutifolia"
"85","intact","Intact1","1","Malacothamnus fasciculatus","dead",0,"Intact1_1","Intact1_1_Malacothamnus fasciculatus"
"86","intact","Intact1","1","Rhamnus ilicifolia","dead",0,"Intact1_1","Intact1_1_Rhamnus ilicifolia"
"87","intact","Intact1","1","Rhus ovata","dead",0,"Intact1_1","Intact1_1_Rhus ovata"
"88","intact","Intact1","1","Salvia apiana","dead",0,"Intact1_1","Intact1_1_Salvia apiana"
"89","intact","Intact1","1","Salvia leucophylla","dead",0,"Intact1_1","Intact1_1_Salvia leucophylla"
"90","intact","Intact1","1","Sambucus mexicana","dead",0,"Intact1_1","Intact1_1_Sambucus mexicana"
"91","intact","Intact1","1","unknown5 shrub","dead",0,"Intact1_1","Intact1_1_unknown5 shrub"
"92","intact","Intact2","2","Artemisia californica","dead",1,"Intact2_2","Intact2_2_Artemisia californica"
"93","intact","Intact2","2","Baccharis pilularis","dead",0,"Intact2_2","Intact2_2_Baccharis pilularis"
"94","intact","Intact2","2","Cenothus oliganthus","dead",0,"Intact2_2","Intact2_2_Cenothus oliganthus"
"95","intact","Intact2","2","Eriodictyon crassifolium","dead",0,"Intact2_2","Intact2_2_Eriodictyon crassifolium"
"96","intact","Intact2","2","Eriogonum fasciculatum","dead",0,"Intact2_2","Intact2_2_Eriogonum fasciculatum"
"97","intact","Intact2","2","Heteromeles arbutifolia","dead",0,"Intact2_2","Intact2_2_Heteromeles arbutifolia"
"98","intact","Intact2","2","Malacothamnus fasciculatus","dead",0,"Intact2_2","Intact2_2_Malacothamnus fasciculatus"
"99","intact","Intact2","2","Rhamnus ilicifolia","dead",0,"Intact2_2","Intact2_2_Rhamnus ilicifolia"
"100","intact","Intact2","2","Rhus ovata","dead",0,"Intact2_2","Intact2_2_Rhus ovata"
"101","intact","Intact2","2","Salvia apiana","dead",0,"Intact2_2","Intact2_2_Salvia apiana"
"102","intact","Intact2","2","Salvia leucophylla","dead",0,"Intact2_2","Intact2_2_Salvia leucophylla"
"103","intact","Intact2","2","Sambucus mexicana","dead",0,"Intact2_2","Intact2_2_Sambucus mexicana"
"104","intact","Intact2","2","unknown5 shrub","dead",0,"Intact2_2","Intact2_2_unknown5 shrub"
"105","intact","Intact3","3","Artemisia californica","dead",0,"Intact3_3","Intact3_3_Artemisia californica"
"106","intact","Intact3","3","Baccharis pilularis","dead",0,"Intact3_3","Intact3_3_Baccharis pilularis"
"107","intact","Intact3","3","Cenothus oliganthus","dead",0,"Intact3_3","Intact3_3_Cenothus oliganthus"
"108","intact","Intact3","3","Eriodictyon crassifolium","dead",0,"Intact3_3","Intact3_3_Eriodictyon crassifolium"
"109","intact","Intact3","3","Eriogonum fasciculatum","dead",0,"Intact3_3","Intact3_3_Eriogonum fasciculatum"
"110","intact","Intact3","3","Heteromeles arbutifolia","dead",0,"Intact3_3","Intact3_3_Heteromeles arbutifolia"
"111","intact","Intact3","3","Malacothamnus fasciculatus","dead",0,"Intact3_3","Intact3_3_Malacothamnus fasciculatus"
"112","intact","Intact3","3","Rhamnus ilicifolia","dead",0,"Intact3_3","Intact3_3_Rhamnus ilicifolia"
"113","intact","Intact3","3","Rhus ovata","dead",1,"Intact3_3","Intact3_3_Rhus ovata"
"114","intact","Intact3","3","Salvia apiana","dead",0,"Intact3_3","Intact3_3_Salvia apiana"
"115","intact","Intact3","3","Salvia leucophylla","dead",0,"Intact3_3","Intact3_3_Salvia leucophylla"
"116","intact","Intact3","3","Sambucus mexicana","dead",0,"Intact3_3","Intact3_3_Sambucus mexicana"
"117","intact","Intact3","3","unknown5 shrub","dead",0,"Intact3_3","Intact3_3_unknown5 shrub"
"118","matrix","ENH1","1","Artemisia californica","dead",0,"ENH1_1","ENH1_1_Artemisia californica"
"119","matrix","ENH1","1","Baccharis pilularis","dead",0,"ENH1_1","ENH1_1_Baccharis pilularis"
"120","matrix","ENH1","1","Cenothus oliganthus","dead",0,"ENH1_1","ENH1_1_Cenothus oliganthus"
"121","matrix","ENH1","1","Eriodictyon crassifolium","dead",0,"ENH1_1","ENH1_1_Eriodictyon crassifolium"
"122","matrix","ENH1","1","Eriogonum fasciculatum","dead",0,"ENH1_1","ENH1_1_Eriogonum fasciculatum"
"123","matrix","ENH1","1","Heteromeles arbutifolia","dead",0,"ENH1_1","ENH1_1_Heteromeles arbutifolia"
"124","matrix","ENH1","1","Malacothamnus fasciculatus","dead",4,"ENH1_1","ENH1_1_Malacothamnus fasciculatus"
"125","matrix","ENH1","1","Rhamnus ilicifolia","dead",0,"ENH1_1","ENH1_1_Rhamnus ilicifolia"
"126","matrix","ENH1","1","Rhus ovata","dead",0,"ENH1_1","ENH1_1_Rhus ovata"
"127","matrix","ENH1","1","Salvia apiana","dead",0,"ENH1_1","ENH1_1_Salvia apiana"
"128","matrix","ENH1","1","Salvia leucophylla","dead",0,"ENH1_1","ENH1_1_Salvia leucophylla"
"129","matrix","ENH1","1","Sambucus mexicana","dead",0,"ENH1_1","ENH1_1_Sambucus mexicana"
"130","matrix","ENH1","1","unknown5 shrub","dead",0,"ENH1_1","ENH1_1_unknown5 shrub"
"131","matrix","ENH1","2","Artemisia californica","dead",0,"ENH1_2","ENH1_2_Artemisia californica"
"132","matrix","ENH1","2","Baccharis pilularis","dead",0,"ENH1_2","ENH1_2_Baccharis pilularis"
"133","matrix","ENH1","2","Cenothus oliganthus","dead",0,"ENH1_2","ENH1_2_Cenothus oliganthus"
"134","matrix","ENH1","2","Eriodictyon crassifolium","dead",0,"ENH1_2","ENH1_2_Eriodictyon crassifolium"
"135","matrix","ENH1","2","Eriogonum fasciculatum","dead",0,"ENH1_2","ENH1_2_Eriogonum fasciculatum"
"136","matrix","ENH1","2","Heteromeles arbutifolia","dead",0,"ENH1_2","ENH1_2_Heteromeles arbutifolia"
"137","matrix","ENH1","2","Malacothamnus fasciculatus","dead",2,"ENH1_2","ENH1_2_Malacothamnus fasciculatus"
"138","matrix","ENH1","2","Rhamnus ilicifolia","dead",0,"ENH1_2","ENH1_2_Rhamnus ilicifolia"
"139","matrix","ENH1","2","Rhus ovata","dead",0,"ENH1_2","ENH1_2_Rhus ovata"
"140","matrix","ENH1","2","Salvia apiana","dead",0,"ENH1_2","ENH1_2_Salvia apiana"
"141","matrix","ENH1","2","Salvia leucophylla","dead",0,"ENH1_2","ENH1_2_Salvia leucophylla"
"142","matrix","ENH1","2","Sambucus mexicana","dead",0,"ENH1_2","ENH1_2_Sambucus mexicana"
"143","matrix","ENH1","2","unknown5 shrub","dead",0,"ENH1_2","ENH1_2_unknown5 shrub"
"144","matrix","ENH1","3","Artemisia californica","dead",0,"ENH1_3","ENH1_3_Artemisia californica"
"145","matrix","ENH1","3","Baccharis pilularis","dead",0,"ENH1_3","ENH1_3_Baccharis pilularis"
"146","matrix","ENH1","3","Cenothus oliganthus","dead",0,"ENH1_3","ENH1_3_Cenothus oliganthus"
"147","matrix","ENH1","3","Eriodictyon crassifolium","dead",12,"ENH1_3","ENH1_3_Eriodictyon crassifolium"
"148","matrix","ENH1","3","Eriogonum fasciculatum","dead",0,"ENH1_3","ENH1_3_Eriogonum fasciculatum"
"149","matrix","ENH1","3","Heteromeles arbutifolia","dead",0,"ENH1_3","ENH1_3_Heteromeles arbutifolia"
"150","matrix","ENH1","3","Malacothamnus fasciculatus","dead",238,"ENH1_3","ENH1_3_Malacothamnus fasciculatus"
"151","matrix","ENH1","3","Rhamnus ilicifolia","dead",0,"ENH1_3","ENH1_3_Rhamnus ilicifolia"
"152","matrix","ENH1","3","Rhus ovata","dead",0,"ENH1_3","ENH1_3_Rhus ovata"
"153","matrix","ENH1","3","Salvia apiana","dead",0,"ENH1_3","ENH1_3_Salvia apiana"
"154","matrix","ENH1","3","Salvia leucophylla","dead",0,"ENH1_3","ENH1_3_Salvia leucophylla"
"155","matrix","ENH1","3","Sambucus mexicana","dead",0,"ENH1_3","ENH1_3_Sambucus mexicana"
"156","matrix","ENH1","3","unknown5 shrub","dead",0,"ENH1_3","ENH1_3_unknown5 shrub"
"157","matrix","ENH2","4","Artemisia californica","dead",0,"ENH2_4","ENH2_4_Artemisia californica"
"158","matrix","ENH2","4","Baccharis pilularis","dead",0,"ENH2_4","ENH2_4_Baccharis pilularis"
"159","matrix","ENH2","4","Cenothus oliganthus","dead",0,"ENH2_4","ENH2_4_Cenothus oliganthus"
"160","matrix","ENH2","4","Eriodictyon crassifolium","dead",0,"ENH2_4","ENH2_4_Eriodictyon crassifolium"
"161","matrix","ENH2","4","Eriogonum fasciculatum","dead",0,"ENH2_4","ENH2_4_Eriogonum fasciculatum"
"162","matrix","ENH2","4","Heteromeles arbutifolia","dead",0,"ENH2_4","ENH2_4_Heteromeles arbutifolia"
"163","matrix","ENH2","4","Malacothamnus fasciculatus","dead",0,"ENH2_4","ENH2_4_Malacothamnus fasciculatus"
"164","matrix","ENH2","4","Rhamnus ilicifolia","dead",0,"ENH2_4","ENH2_4_Rhamnus ilicifolia"
"165","matrix","ENH2","4","Rhus ovata","dead",0,"ENH2_4","ENH2_4_Rhus ovata"
"166","matrix","ENH2","4","Salvia apiana","dead",0,"ENH2_4","ENH2_4_Salvia apiana"
"167","matrix","ENH2","4","Salvia leucophylla","dead",0,"ENH2_4","ENH2_4_Salvia leucophylla"
"168","matrix","ENH2","4","Sambucus mexicana","dead",0,"ENH2_4","ENH2_4_Sambucus mexicana"
"169","matrix","ENH2","4","unknown5 shrub","dead",0,"ENH2_4","ENH2_4_unknown5 shrub"
"170","matrix","ENH2","5","Artemisia californica","dead",0,"ENH2_5","ENH2_5_Artemisia californica"
"171","matrix","ENH2","5","Baccharis pilularis","dead",0,"ENH2_5","ENH2_5_Baccharis pilularis"
"172","matrix","ENH2","5","Cenothus oliganthus","dead",0,"ENH2_5","ENH2_5_Cenothus oliganthus"
"173","matrix","ENH2","5","Eriodictyon crassifolium","dead",0,"ENH2_5","ENH2_5_Eriodictyon crassifolium"
"174","matrix","ENH2","5","Eriogonum fasciculatum","dead",0,"ENH2_5","ENH2_5_Eriogonum fasciculatum"
"175","matrix","ENH2","5","Heteromeles arbutifolia","dead",0,"ENH2_5","ENH2_5_Heteromeles arbutifolia"
"176","matrix","ENH2","5","Malacothamnus fasciculatus","dead",0,"ENH2_5","ENH2_5_Malacothamnus fasciculatus"
"177","matrix","ENH2","5","Rhamnus ilicifolia","dead",0,"ENH2_5","ENH2_5_Rhamnus ilicifolia"
"178","matrix","ENH2","5","Rhus ovata","dead",0,"ENH2_5","ENH2_5_Rhus ovata"
"179","matrix","ENH2","5","Salvia apiana","dead",0,"ENH2_5","ENH2_5_Salvia apiana"
"180","matrix","ENH2","5","Salvia leucophylla","dead",0,"ENH2_5","ENH2_5_Salvia leucophylla"
"181","matrix","ENH2","5","Sambucus mexicana","dead",0,"ENH2_5","ENH2_5_Sambucus mexicana"
"182","matrix","ENH2","5","unknown5 shrub","dead",0,"ENH2_5","ENH2_5_unknown5 shrub"
"183","matrix","ENH2","6","Artemisia californica","dead",0,"ENH2_6","ENH2_6_Artemisia californica"
"184","matrix","ENH2","6","Baccharis pilularis","dead",0,"ENH2_6","ENH2_6_Baccharis pilularis"
"185","matrix","ENH2","6","Cenothus oliganthus","dead",0,"ENH2_6","ENH2_6_Cenothus oliganthus"
"186","matrix","ENH2","6","Eriodictyon crassifolium","dead",0,"ENH2_6","ENH2_6_Eriodictyon crassifolium"
"187","matrix","ENH2","6","Eriogonum fasciculatum","dead",0,"ENH2_6","ENH2_6_Eriogonum fasciculatum"
"188","matrix","ENH2","6","Heteromeles arbutifolia","dead",0,"ENH2_6","ENH2_6_Heteromeles arbutifolia"
"189","matrix","ENH2","6","Malacothamnus fasciculatus","dead",0,"ENH2_6","ENH2_6_Malacothamnus fasciculatus"
"190","matrix","ENH2","6","Rhamnus ilicifolia","dead",0,"ENH2_6","ENH2_6_Rhamnus ilicifolia"
"191","matrix","ENH2","6","Rhus ovata","dead",0,"ENH2_6","ENH2_6_Rhus ovata"
"192","matrix","ENH2","6","Salvia apiana","dead",0,"ENH2_6","ENH2_6_Salvia apiana"
"193","matrix","ENH2","6","Salvia leucophylla","dead",0,"ENH2_6","ENH2_6_Salvia leucophylla"
"194","matrix","ENH2","6","Sambucus mexicana","dead",0,"ENH2_6","ENH2_6_Sambucus mexicana"
"195","matrix","ENH2","6","unknown5 shrub","dead",0,"ENH2_6","ENH2_6_unknown5 shrub"
"196","degraded","DEG1","1","Artemisia californica","immature",1,"DEG1_1","DEG1_1_Artemisia californica"
"197","degraded","DEG1","1","Baccharis pilularis","immature",0,"DEG1_1","DEG1_1_Baccharis pilularis"
"198","degraded","DEG1","1","Cenothus oliganthus","immature",0,"DEG1_1","DEG1_1_Cenothus oliganthus"
"199","degraded","DEG1","1","Eriodictyon crassifolium","immature",0,"DEG1_1","DEG1_1_Eriodictyon crassifolium"
"200","degraded","DEG1","1","Eriogonum fasciculatum","immature",0,"DEG1_1","DEG1_1_Eriogonum fasciculatum"
"201","degraded","DEG1","1","Heteromeles arbutifolia","immature",0,"DEG1_1","DEG1_1_Heteromeles arbutifolia"
"202","degraded","DEG1","1","Malacothamnus fasciculatus","immature",0,"DEG1_1","DEG1_1_Malacothamnus fasciculatus"
"203","degraded","DEG1","1","Rhamnus ilicifolia","immature",0,"DEG1_1","DEG1_1_Rhamnus ilicifolia"
"204","degraded","DEG1","1","Rhus ovata","immature",0,"DEG1_1","DEG1_1_Rhus ovata"
"205","degraded","DEG1","1","Salvia apiana","immature",0,"DEG1_1","DEG1_1_Salvia apiana"
"206","degraded","DEG1","1","Salvia leucophylla","immature",3,"DEG1_1","DEG1_1_Salvia leucophylla"
"207","degraded","DEG1","1","Sambucus mexicana","immature",0,"DEG1_1","DEG1_1_Sambucus mexicana"
"208","degraded","DEG1","1","unknown5 shrub","immature",0,"DEG1_1","DEG1_1_unknown5 shrub"
"209","degraded","DEG1","2","Artemisia californica","immature",0,"DEG1_2","DEG1_2_Artemisia californica"
"210","degraded","DEG1","2","Baccharis pilularis","immature",0,"DEG1_2","DEG1_2_Baccharis pilularis"
"211","degraded","DEG1","2","Cenothus oliganthus","immature",0,"DEG1_2","DEG1_2_Cenothus oliganthus"
"212","degraded","DEG1","2","Eriodictyon crassifolium","immature",0,"DEG1_2","DEG1_2_Eriodictyon crassifolium"
"213","degraded","DEG1","2","Eriogonum fasciculatum","immature",0,"DEG1_2","DEG1_2_Eriogonum fasciculatum"
"214","degraded","DEG1","2","Heteromeles arbutifolia","immature",0,"DEG1_2","DEG1_2_Heteromeles arbutifolia"
"215","degraded","DEG1","2","Malacothamnus fasciculatus","immature",0,"DEG1_2","DEG1_2_Malacothamnus fasciculatus"
"216","degraded","DEG1","2","Rhamnus ilicifolia","immature",0,"DEG1_2","DEG1_2_Rhamnus ilicifolia"
"217","degraded","DEG1","2","Rhus ovata","immature",0,"DEG1_2","DEG1_2_Rhus ovata"
"218","degraded","DEG1","2","Salvia apiana","immature",0,"DEG1_2","DEG1_2_Salvia apiana"
"219","degraded","DEG1","2","Salvia leucophylla","immature",1,"DEG1_2","DEG1_2_Salvia leucophylla"
"220","degraded","DEG1","2","Sambucus mexicana","immature",0,"DEG1_2","DEG1_2_Sambucus mexicana"
"221","degraded","DEG1","2","unknown5 shrub","immature",0,"DEG1_2","DEG1_2_unknown5 shrub"
"222","degraded","DEG1","3","Artemisia californica","immature",1,"DEG1_3","DEG1_3_Artemisia californica"
"223","degraded","DEG1","3","Baccharis pilularis","immature",0,"DEG1_3","DEG1_3_Baccharis pilularis"
"224","degraded","DEG1","3","Cenothus oliganthus","immature",0,"DEG1_3","DEG1_3_Cenothus oliganthus"
"225","degraded","DEG1","3","Eriodictyon crassifolium","immature",0,"DEG1_3","DEG1_3_Eriodictyon crassifolium"
"226","degraded","DEG1","3","Eriogonum fasciculatum","immature",0,"DEG1_3","DEG1_3_Eriogonum fasciculatum"
"227","degraded","DEG1","3","Heteromeles arbutifolia","immature",0,"DEG1_3","DEG1_3_Heteromeles arbutifolia"
"228","degraded","DEG1","3","Malacothamnus fasciculatus","immature",0,"DEG1_3","DEG1_3_Malacothamnus fasciculatus"
"229","degraded","DEG1","3","Rhamnus ilicifolia","immature",0,"DEG1_3","DEG1_3_Rhamnus ilicifolia"
"230","degraded","DEG1","3","Rhus ovata","immature",0,"DEG1_3","DEG1_3_Rhus ovata"
"231","degraded","DEG1","3","Salvia apiana","immature",0,"DEG1_3","DEG1_3_Salvia apiana"
"232","degraded","DEG1","3","Salvia leucophylla","immature",1,"DEG1_3","DEG1_3_Salvia leucophylla"
"233","degraded","DEG1","3","Sambucus mexicana","immature",0,"DEG1_3","DEG1_3_Sambucus mexicana"
"234","degraded","DEG1","3","unknown5 shrub","immature",0,"DEG1_3","DEG1_3_unknown5 shrub"
"235","degraded","DEG2","4","Artemisia californica","immature",0,"DEG2_4","DEG2_4_Artemisia californica"
"236","degraded","DEG2","4","Baccharis pilularis","immature",0,"DEG2_4","DEG2_4_Baccharis pilularis"
"237","degraded","DEG2","4","Cenothus oliganthus","immature",0,"DEG2_4","DEG2_4_Cenothus oliganthus"
"238","degraded","DEG2","4","Eriodictyon crassifolium","immature",0,"DEG2_4","DEG2_4_Eriodictyon crassifolium"
"239","degraded","DEG2","4","Eriogonum fasciculatum","immature",0,"DEG2_4","DEG2_4_Eriogonum fasciculatum"
"240","degraded","DEG2","4","Heteromeles arbutifolia","immature",0,"DEG2_4","DEG2_4_Heteromeles arbutifolia"
"241","degraded","DEG2","4","Malacothamnus fasciculatus","immature",4,"DEG2_4","DEG2_4_Malacothamnus fasciculatus"
"242","degraded","DEG2","4","Rhamnus ilicifolia","immature",0,"DEG2_4","DEG2_4_Rhamnus ilicifolia"
"243","degraded","DEG2","4","Rhus ovata","immature",0,"DEG2_4","DEG2_4_Rhus ovata"
"244","degraded","DEG2","4","Salvia apiana","immature",0,"DEG2_4","DEG2_4_Salvia apiana"
"245","degraded","DEG2","4","Salvia leucophylla","immature",0,"DEG2_4","DEG2_4_Salvia leucophylla"
"246","degraded","DEG2","4","Sambucus mexicana","immature",0,"DEG2_4","DEG2_4_Sambucus mexicana"
"247","degraded","DEG2","4","unknown5 shrub","immature",0,"DEG2_4","DEG2_4_unknown5 shrub"
"248","degraded","DEG2","5","Artemisia californica","immature",0,"DEG2_5","DEG2_5_Artemisia californica"
"249","degraded","DEG2","5","Baccharis pilularis","immature",0,"DEG2_5","DEG2_5_Baccharis pilularis"
"250","degraded","DEG2","5","Cenothus oliganthus","immature",0,"DEG2_5","DEG2_5_Cenothus oliganthus"
"251","degraded","DEG2","5","Eriodictyon crassifolium","immature",0,"DEG2_5","DEG2_5_Eriodictyon crassifolium"
"252","degraded","DEG2","5","Eriogonum fasciculatum","immature",0,"DEG2_5","DEG2_5_Eriogonum fasciculatum"
"253","degraded","DEG2","5","Heteromeles arbutifolia","immature",0,"DEG2_5","DEG2_5_Heteromeles arbutifolia"
"254","degraded","DEG2","5","Malacothamnus fasciculatus","immature",3,"DEG2_5","DEG2_5_Malacothamnus fasciculatus"
"255","degraded","DEG2","5","Rhamnus ilicifolia","immature",0,"DEG2_5","DEG2_5_Rhamnus ilicifolia"
"256","degraded","DEG2","5","Rhus ovata","immature",0,"DEG2_5","DEG2_5_Rhus ovata"
"257","degraded","DEG2","5","Salvia apiana","immature",0,"DEG2_5","DEG2_5_Salvia apiana"
"258","degraded","DEG2","5","Salvia leucophylla","immature",1,"DEG2_5","DEG2_5_Salvia leucophylla"
"259","degraded","DEG2","5","Sambucus mexicana","immature",0,"DEG2_5","DEG2_5_Sambucus mexicana"
"260","degraded","DEG2","5","unknown5 shrub","immature",0,"DEG2_5","DEG2_5_unknown5 shrub"
"261","degraded","DEG2","6","Artemisia californica","immature",0,"DEG2_6","DEG2_6_Artemisia californica"
"262","degraded","DEG2","6","Baccharis pilularis","immature",0,"DEG2_6","DEG2_6_Baccharis pilularis"
"263","degraded","DEG2","6","Cenothus oliganthus","immature",0,"DEG2_6","DEG2_6_Cenothus oliganthus"
"264","degraded","DEG2","6","Eriodictyon crassifolium","immature",0,"DEG2_6","DEG2_6_Eriodictyon crassifolium"
"265","degraded","DEG2","6","Eriogonum fasciculatum","immature",0,"DEG2_6","DEG2_6_Eriogonum fasciculatum"
"266","degraded","DEG2","6","Heteromeles arbutifolia","immature",0,"DEG2_6","DEG2_6_Heteromeles arbutifolia"
"267","degraded","DEG2","6","Malacothamnus fasciculatus","immature",0,"DEG2_6","DEG2_6_Malacothamnus fasciculatus"
"268","degraded","DEG2","6","Rhamnus ilicifolia","immature",0,"DEG2_6","DEG2_6_Rhamnus ilicifolia"
"269","degraded","DEG2","6","Rhus ovata","immature",0,"DEG2_6","DEG2_6_Rhus ovata"
"270","degraded","DEG2","6","Salvia apiana","immature",0,"DEG2_6","DEG2_6_Salvia apiana"
"271","degraded","DEG2","6","Salvia leucophylla","immature",0,"DEG2_6","DEG2_6_Salvia leucophylla"
"272","degraded","DEG2","6","Sambucus mexicana","immature",0,"DEG2_6","DEG2_6_Sambucus mexicana"
"273","degraded","DEG2","6","unknown5 shrub","immature",0,"DEG2_6","DEG2_6_unknown5 shrub"
"274","intact","Intact1","1","Artemisia californica","immature",6,"Intact1_1","Intact1_1_Artemisia californica"
"275","intact","Intact1","1","Baccharis pilularis","immature",0,"Intact1_1","Intact1_1_Baccharis pilularis"
"276","intact","Intact1","1","Cenothus oliganthus","immature",0,"Intact1_1","Intact1_1_Cenothus oliganthus"
"277","intact","Intact1","1","Eriodictyon crassifolium","immature",0,"Intact1_1","Intact1_1_Eriodictyon crassifolium"
"278","intact","Intact1","1","Eriogonum fasciculatum","immature",0,"Intact1_1","Intact1_1_Eriogonum fasciculatum"
"279","intact","Intact1","1","Heteromeles arbutifolia","immature",2,"Intact1_1","Intact1_1_Heteromeles arbutifolia"
"280","intact","Intact1","1","Malacothamnus fasciculatus","immature",0,"Intact1_1","Intact1_1_Malacothamnus fasciculatus"
"281","intact","Intact1","1","Rhamnus ilicifolia","immature",1,"Intact1_1","Intact1_1_Rhamnus ilicifolia"
"282","intact","Intact1","1","Rhus ovata","immature",1,"Intact1_1","Intact1_1_Rhus ovata"
"283","intact","Intact1","1","Salvia apiana","immature",0,"Intact1_1","Intact1_1_Salvia apiana"
"284","intact","Intact1","1","Salvia leucophylla","immature",6,"Intact1_1","Intact1_1_Salvia leucophylla"
"285","intact","Intact1","1","Sambucus mexicana","immature",0,"Intact1_1","Intact1_1_Sambucus mexicana"
"286","intact","Intact1","1","unknown5 shrub","immature",0,"Intact1_1","Intact1_1_unknown5 shrub"
"287","intact","Intact2","2","Artemisia californica","immature",7,"Intact2_2","Intact2_2_Artemisia californica"
"288","intact","Intact2","2","Baccharis pilularis","immature",0,"Intact2_2","Intact2_2_Baccharis pilularis"
"289","intact","Intact2","2","Cenothus oliganthus","immature",0,"Intact2_2","Intact2_2_Cenothus oliganthus"
"290","intact","Intact2","2","Eriodictyon crassifolium","immature",0,"Intact2_2","Intact2_2_Eriodictyon crassifolium"
"291","intact","Intact2","2","Eriogonum fasciculatum","immature",0,"Intact2_2","Intact2_2_Eriogonum fasciculatum"
"292","intact","Intact2","2","Heteromeles arbutifolia","immature",1,"Intact2_2","Intact2_2_Heteromeles arbutifolia"
"293","intact","Intact2","2","Malacothamnus fasciculatus","immature",0,"Intact2_2","Intact2_2_Malacothamnus fasciculatus"
"294","intact","Intact2","2","Rhamnus ilicifolia","immature",0,"Intact2_2","Intact2_2_Rhamnus ilicifolia"
"295","intact","Intact2","2","Rhus ovata","immature",1,"Intact2_2","Intact2_2_Rhus ovata"
"296","intact","Intact2","2","Salvia apiana","immature",0,"Intact2_2","Intact2_2_Salvia apiana"
"297","intact","Intact2","2","Salvia leucophylla","immature",3,"Intact2_2","Intact2_2_Salvia leucophylla"
"298","intact","Intact2","2","Sambucus mexicana","immature",0,"Intact2_2","Intact2_2_Sambucus mexicana"
"299","intact","Intact2","2","unknown5 shrub","immature",0,"Intact2_2","Intact2_2_unknown5 shrub"
"300","intact","Intact3","3","Artemisia californica","immature",2,"Intact3_3","Intact3_3_Artemisia californica"
"301","intact","Intact3","3","Baccharis pilularis","immature",0,"Intact3_3","Intact3_3_Baccharis pilularis"
"302","intact","Intact3","3","Cenothus oliganthus","immature",1,"Intact3_3","Intact3_3_Cenothus oliganthus"
"303","intact","Intact3","3","Eriodictyon crassifolium","immature",0,"Intact3_3","Intact3_3_Eriodictyon crassifolium"
"304","intact","Intact3","3","Eriogonum fasciculatum","immature",0,"Intact3_3","Intact3_3_Eriogonum fasciculatum"
"305","intact","Intact3","3","Heteromeles arbutifolia","immature",2,"Intact3_3","Intact3_3_Heteromeles arbutifolia"
"306","intact","Intact3","3","Malacothamnus fasciculatus","immature",0,"Intact3_3","Intact3_3_Malacothamnus fasciculatus"
"307","intact","Intact3","3","Rhamnus ilicifolia","immature",0,"Intact3_3","Intact3_3_Rhamnus ilicifolia"
"308","intact","Intact3","3","Rhus ovata","immature",0,"Intact3_3","Intact3_3_Rhus ovata"
"309","intact","Intact3","3","Salvia apiana","immature",0,"Intact3_3","Intact3_3_Salvia apiana"
"310","intact","Intact3","3","Salvia leucophylla","immature",11,"Intact3_3","Intact3_3_Salvia leucophylla"
"311","intact","Intact3","3","Sambucus mexicana","immature",0,"Intact3_3","Intact3_3_Sambucus mexicana"
"312","intact","Intact3","3","unknown5 shrub","immature",0,"Intact3_3","Intact3_3_unknown5 shrub"
"313","matrix","ENH1","1","Artemisia californica","immature",0,"ENH1_1","ENH1_1_Artemisia californica"
"314","matrix","ENH1","1","Baccharis pilularis","immature",0,"ENH1_1","ENH1_1_Baccharis pilularis"
"315","matrix","ENH1","1","Cenothus oliganthus","immature",0,"ENH1_1","ENH1_1_Cenothus oliganthus"
"316","matrix","ENH1","1","Eriodictyon crassifolium","immature",0,"ENH1_1","ENH1_1_Eriodictyon crassifolium"
"317","matrix","ENH1","1","Eriogonum fasciculatum","immature",0,"ENH1_1","ENH1_1_Eriogonum fasciculatum"
"318","matrix","ENH1","1","Heteromeles arbutifolia","immature",0,"ENH1_1","ENH1_1_Heteromeles arbutifolia"
"319","matrix","ENH1","1","Malacothamnus fasciculatus","immature",0,"ENH1_1","ENH1_1_Malacothamnus fasciculatus"
"320","matrix","ENH1","1","Rhamnus ilicifolia","immature",0,"ENH1_1","ENH1_1_Rhamnus ilicifolia"
"321","matrix","ENH1","1","Rhus ovata","immature",0,"ENH1_1","ENH1_1_Rhus ovata"
"322","matrix","ENH1","1","Salvia apiana","immature",0,"ENH1_1","ENH1_1_Salvia apiana"
"323","matrix","ENH1","1","Salvia leucophylla","immature",0,"ENH1_1","ENH1_1_Salvia leucophylla"
"324","matrix","ENH1","1","Sambucus mexicana","immature",1,"ENH1_1","ENH1_1_Sambucus mexicana"
"325","matrix","ENH1","1","unknown5 shrub","immature",0,"ENH1_1","ENH1_1_unknown5 shrub"
"326","matrix","ENH1","2","Artemisia californica","immature",1,"ENH1_2","ENH1_2_Artemisia californica"
"327","matrix","ENH1","2","Baccharis pilularis","immature",0,"ENH1_2","ENH1_2_Baccharis pilularis"
"328","matrix","ENH1","2","Cenothus oliganthus","immature",0,"ENH1_2","ENH1_2_Cenothus oliganthus"
"329","matrix","ENH1","2","Eriodictyon crassifolium","immature",0,"ENH1_2","ENH1_2_Eriodictyon crassifolium"
"330","matrix","ENH1","2","Eriogonum fasciculatum","immature",0,"ENH1_2","ENH1_2_Eriogonum fasciculatum"
"331","matrix","ENH1","2","Heteromeles arbutifolia","immature",0,"ENH1_2","ENH1_2_Heteromeles arbutifolia"
"332","matrix","ENH1","2","Malacothamnus fasciculatus","immature",11,"ENH1_2","ENH1_2_Malacothamnus fasciculatus"
"333","matrix","ENH1","2","Rhamnus ilicifolia","immature",0,"ENH1_2","ENH1_2_Rhamnus ilicifolia"
"334","matrix","ENH1","2","Rhus ovata","immature",2,"ENH1_2","ENH1_2_Rhus ovata"
"335","matrix","ENH1","2","Salvia apiana","immature",0,"ENH1_2","ENH1_2_Salvia apiana"
"336","matrix","ENH1","2","Salvia leucophylla","immature",3,"ENH1_2","ENH1_2_Salvia leucophylla"
"337","matrix","ENH1","2","Sambucus mexicana","immature",0,"ENH1_2","ENH1_2_Sambucus mexicana"
"338","matrix","ENH1","2","unknown5 shrub","immature",0,"ENH1_2","ENH1_2_unknown5 shrub"
"339","matrix","ENH1","3","Artemisia californica","immature",2,"ENH1_3","ENH1_3_Artemisia californica"
"340","matrix","ENH1","3","Baccharis pilularis","immature",0,"ENH1_3","ENH1_3_Baccharis pilularis"
"341","matrix","ENH1","3","Cenothus oliganthus","immature",0,"ENH1_3","ENH1_3_Cenothus oliganthus"
"342","matrix","ENH1","3","Eriodictyon crassifolium","immature",3,"ENH1_3","ENH1_3_Eriodictyon crassifolium"
"343","matrix","ENH1","3","Eriogonum fasciculatum","immature",0,"ENH1_3","ENH1_3_Eriogonum fasciculatum"
"344","matrix","ENH1","3","Heteromeles arbutifolia","immature",0,"ENH1_3","ENH1_3_Heteromeles arbutifolia"
"345","matrix","ENH1","3","Malacothamnus fasciculatus","immature",35,"ENH1_3","ENH1_3_Malacothamnus fasciculatus"
"346","matrix","ENH1","3","Rhamnus ilicifolia","immature",0,"ENH1_3","ENH1_3_Rhamnus ilicifolia"
"347","matrix","ENH1","3","Rhus ovata","immature",3,"ENH1_3","ENH1_3_Rhus ovata"
"348","matrix","ENH1","3","Salvia apiana","immature",0,"ENH1_3","ENH1_3_Salvia apiana"
"349","matrix","ENH1","3","Salvia leucophylla","immature",2,"ENH1_3","ENH1_3_Salvia leucophylla"
"350","matrix","ENH1","3","Sambucus mexicana","immature",0,"ENH1_3","ENH1_3_Sambucus mexicana"
"351","matrix","ENH1","3","unknown5 shrub","immature",0,"ENH1_3","ENH1_3_unknown5 shrub"
"352","matrix","ENH2","4","Artemisia californica","immature",0,"ENH2_4","ENH2_4_Artemisia californica"
"353","matrix","ENH2","4","Baccharis pilularis","immature",0,"ENH2_4","ENH2_4_Baccharis pilularis"
"354","matrix","ENH2","4","Cenothus oliganthus","immature",0,"ENH2_4","ENH2_4_Cenothus oliganthus"
"355","matrix","ENH2","4","Eriodictyon crassifolium","immature",0,"ENH2_4","ENH2_4_Eriodictyon crassifolium"
"356","matrix","ENH2","4","Eriogonum fasciculatum","immature",0,"ENH2_4","ENH2_4_Eriogonum fasciculatum"
"357","matrix","ENH2","4","Heteromeles arbutifolia","immature",0,"ENH2_4","ENH2_4_Heteromeles arbutifolia"
"358","matrix","ENH2","4","Malacothamnus fasciculatus","immature",2,"ENH2_4","ENH2_4_Malacothamnus fasciculatus"
"359","matrix","ENH2","4","Rhamnus ilicifolia","immature",0,"ENH2_4","ENH2_4_Rhamnus ilicifolia"
"360","matrix","ENH2","4","Rhus ovata","immature",0,"ENH2_4","ENH2_4_Rhus ovata"
"361","matrix","ENH2","4","Salvia apiana","immature",0,"ENH2_4","ENH2_4_Salvia apiana"
"362","matrix","ENH2","4","Salvia leucophylla","immature",0,"ENH2_4","ENH2_4_Salvia leucophylla"
"363","matrix","ENH2","4","Sambucus mexicana","immature",0,"ENH2_4","ENH2_4_Sambucus mexicana"
"364","matrix","ENH2","4","unknown5 shrub","immature",0,"ENH2_4","ENH2_4_unknown5 shrub"
"365","matrix","ENH2","5","Artemisia californica","immature",0,"ENH2_5","ENH2_5_Artemisia californica"
"366","matrix","ENH2","5","Baccharis pilularis","immature",0,"ENH2_5","ENH2_5_Baccharis pilularis"
"367","matrix","ENH2","5","Cenothus oliganthus","immature",0,"ENH2_5","ENH2_5_Cenothus oliganthus"
"368","matrix","ENH2","5","Eriodictyon crassifolium","immature",0,"ENH2_5","ENH2_5_Eriodictyon crassifolium"
"369","matrix","ENH2","5","Eriogonum fasciculatum","immature",0,"ENH2_5","ENH2_5_Eriogonum fasciculatum"
"370","matrix","ENH2","5","Heteromeles arbutifolia","immature",0,"ENH2_5","ENH2_5_Heteromeles arbutifolia"
"371","matrix","ENH2","5","Malacothamnus fasciculatus","immature",0,"ENH2_5","ENH2_5_Malacothamnus fasciculatus"
"372","matrix","ENH2","5","Rhamnus ilicifolia","immature",0,"ENH2_5","ENH2_5_Rhamnus ilicifolia"
"373","matrix","ENH2","5","Rhus ovata","immature",0,"ENH2_5","ENH2_5_Rhus ovata"
"374","matrix","ENH2","5","Salvia apiana","immature",0,"ENH2_5","ENH2_5_Salvia apiana"
"375","matrix","ENH2","5","Salvia leucophylla","immature",0,"ENH2_5","ENH2_5_Salvia leucophylla"
"376","matrix","ENH2","5","Sambucus mexicana","immature",0,"ENH2_5","ENH2_5_Sambucus mexicana"
"377","matrix","ENH2","5","unknown5 shrub","immature",0,"ENH2_5","ENH2_5_unknown5 shrub"
"378","matrix","ENH2","6","Artemisia californica","immature",0,"ENH2_6","ENH2_6_Artemisia californica"
"379","matrix","ENH2","6","Baccharis pilularis","immature",0,"ENH2_6","ENH2_6_Baccharis pilularis"
"380","matrix","ENH2","6","Cenothus oliganthus","immature",0,"ENH2_6","ENH2_6_Cenothus oliganthus"
"381","matrix","ENH2","6","Eriodictyon crassifolium","immature",0,"ENH2_6","ENH2_6_Eriodictyon crassifolium"
"382","matrix","ENH2","6","Eriogonum fasciculatum","immature",0,"ENH2_6","ENH2_6_Eriogonum fasciculatum"
"383","matrix","ENH2","6","Heteromeles arbutifolia","immature",0,"ENH2_6","ENH2_6_Heteromeles arbutifolia"
"384","matrix","ENH2","6","Malacothamnus fasciculatus","immature",1,"ENH2_6","ENH2_6_Malacothamnus fasciculatus"
"385","matrix","ENH2","6","Rhamnus ilicifolia","immature",0,"ENH2_6","ENH2_6_Rhamnus ilicifolia"
"386","matrix","ENH2","6","Rhus ovata","immature",0,"ENH2_6","ENH2_6_Rhus ovata"
"387","matrix","ENH2","6","Salvia apiana","immature",0,"ENH2_6","ENH2_6_Salvia apiana"
"388","matrix","ENH2","6","Salvia leucophylla","immature",1,"ENH2_6","ENH2_6_Salvia leucophylla"
"389","matrix","ENH2","6","Sambucus mexicana","immature",0,"ENH2_6","ENH2_6_Sambucus mexicana"
"390","matrix","ENH2","6","unknown5 shrub","immature",0,"ENH2_6","ENH2_6_unknown5 shrub"
"391","degraded","DEG1","1","Artemisia californica","mature",2,"DEG1_1","DEG1_1_Artemisia californica"
"392","degraded","DEG1","1","Baccharis pilularis","mature",0,"DEG1_1","DEG1_1_Baccharis pilularis"
"393","degraded","DEG1","1","Cenothus oliganthus","mature",0,"DEG1_1","DEG1_1_Cenothus oliganthus"
"394","degraded","DEG1","1","Eriodictyon crassifolium","mature",0,"DEG1_1","DEG1_1_Eriodictyon crassifolium"
"395","degraded","DEG1","1","Eriogonum fasciculatum","mature",0,"DEG1_1","DEG1_1_Eriogonum fasciculatum"
"396","degraded","DEG1","1","Heteromeles arbutifolia","mature",0,"DEG1_1","DEG1_1_Heteromeles arbutifolia"
"397","degraded","DEG1","1","Malacothamnus fasciculatus","mature",0,"DEG1_1","DEG1_1_Malacothamnus fasciculatus"
"398","degraded","DEG1","1","Rhamnus ilicifolia","mature",0,"DEG1_1","DEG1_1_Rhamnus ilicifolia"
"399","degraded","DEG1","1","Rhus ovata","mature",0,"DEG1_1","DEG1_1_Rhus ovata"
"400","degraded","DEG1","1","Salvia apiana","mature",0,"DEG1_1","DEG1_1_Salvia apiana"
"401","degraded","DEG1","1","Salvia leucophylla","mature",16,"DEG1_1","DEG1_1_Salvia leucophylla"
"402","degraded","DEG1","1","Sambucus mexicana","mature",0,"DEG1_1","DEG1_1_Sambucus mexicana"
"403","degraded","DEG1","1","unknown5 shrub","mature",0,"DEG1_1","DEG1_1_unknown5 shrub"
"404","degraded","DEG1","2","Artemisia californica","mature",2,"DEG1_2","DEG1_2_Artemisia californica"
"405","degraded","DEG1","2","Baccharis pilularis","mature",1,"DEG1_2","DEG1_2_Baccharis pilularis"
"406","degraded","DEG1","2","Cenothus oliganthus","mature",0,"DEG1_2","DEG1_2_Cenothus oliganthus"
"407","degraded","DEG1","2","Eriodictyon crassifolium","mature",0,"DEG1_2","DEG1_2_Eriodictyon crassifolium"
"408","degraded","DEG1","2","Eriogonum fasciculatum","mature",0,"DEG1_2","DEG1_2_Eriogonum fasciculatum"
"409","degraded","DEG1","2","Heteromeles arbutifolia","mature",0,"DEG1_2","DEG1_2_Heteromeles arbutifolia"
"410","degraded","DEG1","2","Malacothamnus fasciculatus","mature",0,"DEG1_2","DEG1_2_Malacothamnus fasciculatus"
"411","degraded","DEG1","2","Rhamnus ilicifolia","mature",0,"DEG1_2","DEG1_2_Rhamnus ilicifolia"
"412","degraded","DEG1","2","Rhus ovata","mature",0,"DEG1_2","DEG1_2_Rhus ovata"
"413","degraded","DEG1","2","Salvia apiana","mature",0,"DEG1_2","DEG1_2_Salvia apiana"
"414","degraded","DEG1","2","Salvia leucophylla","mature",13,"DEG1_2","DEG1_2_Salvia leucophylla"
"415","degraded","DEG1","2","Sambucus mexicana","mature",0,"DEG1_2","DEG1_2_Sambucus mexicana"
"416","degraded","DEG1","2","unknown5 shrub","mature",0,"DEG1_2","DEG1_2_unknown5 shrub"
"417","degraded","DEG1","3","Artemisia californica","mature",2,"DEG1_3","DEG1_3_Artemisia californica"
"418","degraded","DEG1","3","Baccharis pilularis","mature",0,"DEG1_3","DEG1_3_Baccharis pilularis"
"419","degraded","DEG1","3","Cenothus oliganthus","mature",0,"DEG1_3","DEG1_3_Cenothus oliganthus"
"420","degraded","DEG1","3","Eriodictyon crassifolium","mature",0,"DEG1_3","DEG1_3_Eriodictyon crassifolium"
"421","degraded","DEG1","3","Eriogonum fasciculatum","mature",0,"DEG1_3","DEG1_3_Eriogonum fasciculatum"
"422","degraded","DEG1","3","Heteromeles arbutifolia","mature",0,"DEG1_3","DEG1_3_Heteromeles arbutifolia"
"423","degraded","DEG1","3","Malacothamnus fasciculatus","mature",0,"DEG1_3","DEG1_3_Malacothamnus fasciculatus"
"424","degraded","DEG1","3","Rhamnus ilicifolia","mature",0,"DEG1_3","DEG1_3_Rhamnus ilicifolia"
"425","degraded","DEG1","3","Rhus ovata","mature",0,"DEG1_3","DEG1_3_Rhus ovata"
"426","degraded","DEG1","3","Salvia apiana","mature",1,"DEG1_3","DEG1_3_Salvia apiana"
"427","degraded","DEG1","3","Salvia leucophylla","mature",4,"DEG1_3","DEG1_3_Salvia leucophylla"
"428","degraded","DEG1","3","Sambucus mexicana","mature",0,"DEG1_3","DEG1_3_Sambucus mexicana"
"429","degraded","DEG1","3","unknown5 shrub","mature",0,"DEG1_3","DEG1_3_unknown5 shrub"
"430","degraded","DEG2","4","Artemisia californica","mature",0,"DEG2_4","DEG2_4_Artemisia californica"
"431","degraded","DEG2","4","Baccharis pilularis","mature",0,"DEG2_4","DEG2_4_Baccharis pilularis"
"432","degraded","DEG2","4","Cenothus oliganthus","mature",0,"DEG2_4","DEG2_4_Cenothus oliganthus"
"433","degraded","DEG2","4","Eriodictyon crassifolium","mature",0,"DEG2_4","DEG2_4_Eriodictyon crassifolium"
"434","degraded","DEG2","4","Eriogonum fasciculatum","mature",1,"DEG2_4","DEG2_4_Eriogonum fasciculatum"
"435","degraded","DEG2","4","Heteromeles arbutifolia","mature",0,"DEG2_4","DEG2_4_Heteromeles arbutifolia"
"436","degraded","DEG2","4","Malacothamnus fasciculatus","mature",3,"DEG2_4","DEG2_4_Malacothamnus fasciculatus"
"437","degraded","DEG2","4","Rhamnus ilicifolia","mature",0,"DEG2_4","DEG2_4_Rhamnus ilicifolia"
"438","degraded","DEG2","4","Rhus ovata","mature",0,"DEG2_4","DEG2_4_Rhus ovata"
"439","degraded","DEG2","4","Salvia apiana","mature",0,"DEG2_4","DEG2_4_Salvia apiana"
"440","degraded","DEG2","4","Salvia leucophylla","mature",4,"DEG2_4","DEG2_4_Salvia leucophylla"
"441","degraded","DEG2","4","Sambucus mexicana","mature",0,"DEG2_4","DEG2_4_Sambucus mexicana"
"442","degraded","DEG2","4","unknown5 shrub","mature",0,"DEG2_4","DEG2_4_unknown5 shrub"
"443","degraded","DEG2","5","Artemisia californica","mature",0,"DEG2_5","DEG2_5_Artemisia californica"
"444","degraded","DEG2","5","Baccharis pilularis","mature",0,"DEG2_5","DEG2_5_Baccharis pilularis"
"445","degraded","DEG2","5","Cenothus oliganthus","mature",0,"DEG2_5","DEG2_5_Cenothus oliganthus"
"446","degraded","DEG2","5","Eriodictyon crassifolium","mature",0,"DEG2_5","DEG2_5_Eriodictyon crassifolium"
"447","degraded","DEG2","5","Eriogonum fasciculatum","mature",0,"DEG2_5","DEG2_5_Eriogonum fasciculatum"
"448","degraded","DEG2","5","Heteromeles arbutifolia","mature",0,"DEG2_5","DEG2_5_Heteromeles arbutifolia"
"449","degraded","DEG2","5","Malacothamnus fasciculatus","mature",13,"DEG2_5","DEG2_5_Malacothamnus fasciculatus"
"450","degraded","DEG2","5","Rhamnus ilicifolia","mature",0,"DEG2_5","DEG2_5_Rhamnus ilicifolia"
"451","degraded","DEG2","5","Rhus ovata","mature",0,"DEG2_5","DEG2_5_Rhus ovata"
"452","degraded","DEG2","5","Salvia apiana","mature",0,"DEG2_5","DEG2_5_Salvia apiana"
"453","degraded","DEG2","5","Salvia leucophylla","mature",2,"DEG2_5","DEG2_5_Salvia leucophylla"
"454","degraded","DEG2","5","Sambucus mexicana","mature",0,"DEG2_5","DEG2_5_Sambucus mexicana"
"455","degraded","DEG2","5","unknown5 shrub","mature",0,"DEG2_5","DEG2_5_unknown5 shrub"
"456","degraded","DEG2","6","Artemisia californica","mature",1,"DEG2_6","DEG2_6_Artemisia californica"
"457","degraded","DEG2","6","Baccharis pilularis","mature",0,"DEG2_6","DEG2_6_Baccharis pilularis"
"458","degraded","DEG2","6","Cenothus oliganthus","mature",0,"DEG2_6","DEG2_6_Cenothus oliganthus"
"459","degraded","DEG2","6","Eriodictyon crassifolium","mature",0,"DEG2_6","DEG2_6_Eriodictyon crassifolium"
"460","degraded","DEG2","6","Eriogonum fasciculatum","mature",0,"DEG2_6","DEG2_6_Eriogonum fasciculatum"
"461","degraded","DEG2","6","Heteromeles arbutifolia","mature",0,"DEG2_6","DEG2_6_Heteromeles arbutifolia"
"462","degraded","DEG2","6","Malacothamnus fasciculatus","mature",7,"DEG2_6","DEG2_6_Malacothamnus fasciculatus"
"463","degraded","DEG2","6","Rhamnus ilicifolia","mature",0,"DEG2_6","DEG2_6_Rhamnus ilicifolia"
"464","degraded","DEG2","6","Rhus ovata","mature",0,"DEG2_6","DEG2_6_Rhus ovata"
"465","degraded","DEG2","6","Salvia apiana","mature",0,"DEG2_6","DEG2_6_Salvia apiana"
"466","degraded","DEG2","6","Salvia leucophylla","mature",0,"DEG2_6","DEG2_6_Salvia leucophylla"
"467","degraded","DEG2","6","Sambucus mexicana","mature",0,"DEG2_6","DEG2_6_Sambucus mexicana"
"468","degraded","DEG2","6","unknown5 shrub","mature",0,"DEG2_6","DEG2_6_unknown5 shrub"
"469","intact","Intact1","1","Artemisia californica","mature",4,"Intact1_1","Intact1_1_Artemisia californica"
"470","intact","Intact1","1","Baccharis pilularis","mature",0,"Intact1_1","Intact1_1_Baccharis pilularis"
"471","intact","Intact1","1","Cenothus oliganthus","mature",0,"Intact1_1","Intact1_1_Cenothus oliganthus"
"472","intact","Intact1","1","Eriodictyon crassifolium","mature",0,"Intact1_1","Intact1_1_Eriodictyon crassifolium"
"473","intact","Intact1","1","Eriogonum fasciculatum","mature",0,"Intact1_1","Intact1_1_Eriogonum fasciculatum"
"474","intact","Intact1","1","Heteromeles arbutifolia","mature",9,"Intact1_1","Intact1_1_Heteromeles arbutifolia"
"475","intact","Intact1","1","Malacothamnus fasciculatus","mature",0,"Intact1_1","Intact1_1_Malacothamnus fasciculatus"
"476","intact","Intact1","1","Rhamnus ilicifolia","mature",1,"Intact1_1","Intact1_1_Rhamnus ilicifolia"
"477","intact","Intact1","1","Rhus ovata","mature",0,"Intact1_1","Intact1_1_Rhus ovata"
"478","intact","Intact1","1","Salvia apiana","mature",0,"Intact1_1","Intact1_1_Salvia apiana"
"479","intact","Intact1","1","Salvia leucophylla","mature",2,"Intact1_1","Intact1_1_Salvia leucophylla"
"480","intact","Intact1","1","Sambucus mexicana","mature",0,"Intact1_1","Intact1_1_Sambucus mexicana"
"481","intact","Intact1","1","unknown5 shrub","mature",0,"Intact1_1","Intact1_1_unknown5 shrub"
"482","intact","Intact2","2","Artemisia californica","mature",26,"Intact2_2","Intact2_2_Artemisia californica"
"483","intact","Intact2","2","Baccharis pilularis","mature",0,"Intact2_2","Intact2_2_Baccharis pilularis"
"484","intact","Intact2","2","Cenothus oliganthus","mature",0,"Intact2_2","Intact2_2_Cenothus oliganthus"
"485","intact","Intact2","2","Eriodictyon crassifolium","mature",0,"Intact2_2","Intact2_2_Eriodictyon crassifolium"
"486","intact","Intact2","2","Eriogonum fasciculatum","mature",0,"Intact2_2","Intact2_2_Eriogonum fasciculatum"
"487","intact","Intact2","2","Heteromeles arbutifolia","mature",8,"Intact2_2","Intact2_2_Heteromeles arbutifolia"
"488","intact","Intact2","2","Malacothamnus fasciculatus","mature",0,"Intact2_2","Intact2_2_Malacothamnus fasciculatus"
"489","intact","Intact2","2","Rhamnus ilicifolia","mature",1,"Intact2_2","Intact2_2_Rhamnus ilicifolia"
"490","intact","Intact2","2","Rhus ovata","mature",1,"Intact2_2","Intact2_2_Rhus ovata"
"491","intact","Intact2","2","Salvia apiana","mature",0,"Intact2_2","Intact2_2_Salvia apiana"
"492","intact","Intact2","2","Salvia leucophylla","mature",16,"Intact2_2","Intact2_2_Salvia leucophylla"
"493","intact","Intact2","2","Sambucus mexicana","mature",0,"Intact2_2","Intact2_2_Sambucus mexicana"
"494","intact","Intact2","2","unknown5 shrub","mature",0,"Intact2_2","Intact2_2_unknown5 shrub"
"495","intact","Intact3","3","Artemisia californica","mature",6,"Intact3_3","Intact3_3_Artemisia californica"
"496","intact","Intact3","3","Baccharis pilularis","mature",0,"Intact3_3","Intact3_3_Baccharis pilularis"
"497","intact","Intact3","3","Cenothus oliganthus","mature",1,"Intact3_3","Intact3_3_Cenothus oliganthus"
"498","intact","Intact3","3","Eriodictyon crassifolium","mature",0,"Intact3_3","Intact3_3_Eriodictyon crassifolium"
"499","intact","Intact3","3","Eriogonum fasciculatum","mature",0,"Intact3_3","Intact3_3_Eriogonum fasciculatum"
"500","intact","Intact3","3","Heteromeles arbutifolia","mature",6,"Intact3_3","Intact3_3_Heteromeles arbutifolia"
"501","intact","Intact3","3","Malacothamnus fasciculatus","mature",1,"Intact3_3","Intact3_3_Malacothamnus fasciculatus"
"502","intact","Intact3","3","Rhamnus ilicifolia","mature",1,"Intact3_3","Intact3_3_Rhamnus ilicifolia"
"503","intact","Intact3","3","Rhus ovata","mature",9,"Intact3_3","Intact3_3_Rhus ovata"
"504","intact","Intact3","3","Salvia apiana","mature",0,"Intact3_3","Intact3_3_Salvia apiana"
"505","intact","Intact3","3","Salvia leucophylla","mature",9,"Intact3_3","Intact3_3_Salvia leucophylla"
"506","intact","Intact3","3","Sambucus mexicana","mature",0,"Intact3_3","Intact3_3_Sambucus mexicana"
"507","intact","Intact3","3","unknown5 shrub","mature",0,"Intact3_3","Intact3_3_unknown5 shrub"
"508","matrix","ENH1","1","Artemisia californica","mature",1,"ENH1_1","ENH1_1_Artemisia californica"
"509","matrix","ENH1","1","Baccharis pilularis","mature",0,"ENH1_1","ENH1_1_Baccharis pilularis"
"510","matrix","ENH1","1","Cenothus oliganthus","mature",0,"ENH1_1","ENH1_1_Cenothus oliganthus"
"511","matrix","ENH1","1","Eriodictyon crassifolium","mature",0,"ENH1_1","ENH1_1_Eriodictyon crassifolium"
"512","matrix","ENH1","1","Eriogonum fasciculatum","mature",0,"ENH1_1","ENH1_1_Eriogonum fasciculatum"
"513","matrix","ENH1","1","Heteromeles arbutifolia","mature",0,"ENH1_1","ENH1_1_Heteromeles arbutifolia"
"514","matrix","ENH1","1","Malacothamnus fasciculatus","mature",10,"ENH1_1","ENH1_1_Malacothamnus fasciculatus"
"515","matrix","ENH1","1","Rhamnus ilicifolia","mature",0,"ENH1_1","ENH1_1_Rhamnus ilicifolia"
"516","matrix","ENH1","1","Rhus ovata","mature",1,"ENH1_1","ENH1_1_Rhus ovata"
"517","matrix","ENH1","1","Salvia apiana","mature",0,"ENH1_1","ENH1_1_Salvia apiana"
"518","matrix","ENH1","1","Salvia leucophylla","mature",9,"ENH1_1","ENH1_1_Salvia leucophylla"
"519","matrix","ENH1","1","Sambucus mexicana","mature",0,"ENH1_1","ENH1_1_Sambucus mexicana"
"520","matrix","ENH1","1","unknown5 shrub","mature",0,"ENH1_1","ENH1_1_unknown5 shrub"
"521","matrix","ENH1","2","Artemisia californica","mature",1,"ENH1_2","ENH1_2_Artemisia californica"
"522","matrix","ENH1","2","Baccharis pilularis","mature",0,"ENH1_2","ENH1_2_Baccharis pilularis"
"523","matrix","ENH1","2","Cenothus oliganthus","mature",0,"ENH1_2","ENH1_2_Cenothus oliganthus"
"524","matrix","ENH1","2","Eriodictyon crassifolium","mature",0,"ENH1_2","ENH1_2_Eriodictyon crassifolium"
"525","matrix","ENH1","2","Eriogonum fasciculatum","mature",0,"ENH1_2","ENH1_2_Eriogonum fasciculatum"
"526","matrix","ENH1","2","Heteromeles arbutifolia","mature",0,"ENH1_2","ENH1_2_Heteromeles arbutifolia"
"527","matrix","ENH1","2","Malacothamnus fasciculatus","mature",46,"ENH1_2","ENH1_2_Malacothamnus fasciculatus"
"528","matrix","ENH1","2","Rhamnus ilicifolia","mature",0,"ENH1_2","ENH1_2_Rhamnus ilicifolia"
"529","matrix","ENH1","2","Rhus ovata","mature",0,"ENH1_2","ENH1_2_Rhus ovata"
"530","matrix","ENH1","2","Salvia apiana","mature",0,"ENH1_2","ENH1_2_Salvia apiana"
"531","matrix","ENH1","2","Salvia leucophylla","mature",18,"ENH1_2","ENH1_2_Salvia leucophylla"
"532","matrix","ENH1","2","Sambucus mexicana","mature",0,"ENH1_2","ENH1_2_Sambucus mexicana"
"533","matrix","ENH1","2","unknown5 shrub","mature",0,"ENH1_2","ENH1_2_unknown5 shrub"
"534","matrix","ENH1","3","Artemisia californica","mature",3,"ENH1_3","ENH1_3_Artemisia californica"
"535","matrix","ENH1","3","Baccharis pilularis","mature",0,"ENH1_3","ENH1_3_Baccharis pilularis"
"536","matrix","ENH1","3","Cenothus oliganthus","mature",0,"ENH1_3","ENH1_3_Cenothus oliganthus"
"537","matrix","ENH1","3","Eriodictyon crassifolium","mature",8,"ENH1_3","ENH1_3_Eriodictyon crassifolium"
"538","matrix","ENH1","3","Eriogonum fasciculatum","mature",0,"ENH1_3","ENH1_3_Eriogonum fasciculatum"
"539","matrix","ENH1","3","Heteromeles arbutifolia","mature",0,"ENH1_3","ENH1_3_Heteromeles arbutifolia"
"540","matrix","ENH1","3","Malacothamnus fasciculatus","mature",101,"ENH1_3","ENH1_3_Malacothamnus fasciculatus"
"541","matrix","ENH1","3","Rhamnus ilicifolia","mature",0,"ENH1_3","ENH1_3_Rhamnus ilicifolia"
"542","matrix","ENH1","3","Rhus ovata","mature",0,"ENH1_3","ENH1_3_Rhus ovata"
"543","matrix","ENH1","3","Salvia apiana","mature",0,"ENH1_3","ENH1_3_Salvia apiana"
"544","matrix","ENH1","3","Salvia leucophylla","mature",16,"ENH1_3","ENH1_3_Salvia leucophylla"
"545","matrix","ENH1","3","Sambucus mexicana","mature",0,"ENH1_3","ENH1_3_Sambucus mexicana"
"546","matrix","ENH1","3","unknown5 shrub","mature",0,"ENH1_3","ENH1_3_unknown5 shrub"
"547","matrix","ENH2","4","Artemisia californica","mature",3,"ENH2_4","ENH2_4_Artemisia californica"
"548","matrix","ENH2","4","Baccharis pilularis","mature",0,"ENH2_4","ENH2_4_Baccharis pilularis"
"549","matrix","ENH2","4","Cenothus oliganthus","mature",0,"ENH2_4","ENH2_4_Cenothus oliganthus"
"550","matrix","ENH2","4","Eriodictyon crassifolium","mature",0,"ENH2_4","ENH2_4_Eriodictyon crassifolium"
"551","matrix","ENH2","4","Eriogonum fasciculatum","mature",0,"ENH2_4","ENH2_4_Eriogonum fasciculatum"
"552","matrix","ENH2","4","Heteromeles arbutifolia","mature",0,"ENH2_4","ENH2_4_Heteromeles arbutifolia"
"553","matrix","ENH2","4","Malacothamnus fasciculatus","mature",23,"ENH2_4","ENH2_4_Malacothamnus fasciculatus"
"554","matrix","ENH2","4","Rhamnus ilicifolia","mature",0,"ENH2_4","ENH2_4_Rhamnus ilicifolia"
"555","matrix","ENH2","4","Rhus ovata","mature",0,"ENH2_4","ENH2_4_Rhus ovata"
"556","matrix","ENH2","4","Salvia apiana","mature",1,"ENH2_4","ENH2_4_Salvia apiana"
"557","matrix","ENH2","4","Salvia leucophylla","mature",0,"ENH2_4","ENH2_4_Salvia leucophylla"
"558","matrix","ENH2","4","Sambucus mexicana","mature",0,"ENH2_4","ENH2_4_Sambucus mexicana"
"559","matrix","ENH2","4","unknown5 shrub","mature",0,"ENH2_4","ENH2_4_unknown5 shrub"
"560","matrix","ENH2","5","Artemisia californica","mature",2,"ENH2_5","ENH2_5_Artemisia californica"
"561","matrix","ENH2","5","Baccharis pilularis","mature",0,"ENH2_5","ENH2_5_Baccharis pilularis"
"562","matrix","ENH2","5","Cenothus oliganthus","mature",0,"ENH2_5","ENH2_5_Cenothus oliganthus"
"563","matrix","ENH2","5","Eriodictyon crassifolium","mature",0,"ENH2_5","ENH2_5_Eriodictyon crassifolium"
"564","matrix","ENH2","5","Eriogonum fasciculatum","mature",0,"ENH2_5","ENH2_5_Eriogonum fasciculatum"
"565","matrix","ENH2","5","Heteromeles arbutifolia","mature",0,"ENH2_5","ENH2_5_Heteromeles arbutifolia"
"566","matrix","ENH2","5","Malacothamnus fasciculatus","mature",17,"ENH2_5","ENH2_5_Malacothamnus fasciculatus"
"567","matrix","ENH2","5","Rhamnus ilicifolia","mature",0,"ENH2_5","ENH2_5_Rhamnus ilicifolia"
"568","matrix","ENH2","5","Rhus ovata","mature",0,"ENH2_5","ENH2_5_Rhus ovata"
"569","matrix","ENH2","5","Salvia apiana","mature",0,"ENH2_5","ENH2_5_Salvia apiana"
"570","matrix","ENH2","5","Salvia leucophylla","mature",1,"ENH2_5","ENH2_5_Salvia leucophylla"
"571","matrix","ENH2","5","Sambucus mexicana","mature",0,"ENH2_5","ENH2_5_Sambucus mexicana"
"572","matrix","ENH2","5","unknown5 shrub","mature",0,"ENH2_5","ENH2_5_unknown5 shrub"
"573","matrix","ENH2","6","Artemisia californica","mature",3,"ENH2_6","ENH2_6_Artemisia californica"
"574","matrix","ENH2","6","Baccharis pilularis","mature",0,"ENH2_6","ENH2_6_Baccharis pilularis"
"575","matrix","ENH2","6","Cenothus oliganthus","mature",0,"ENH2_6","ENH2_6_Cenothus oliganthus"
"576","matrix","ENH2","6","Eriodictyon crassifolium","mature",0,"ENH2_6","ENH2_6_Eriodictyon crassifolium"
"577","matrix","ENH2","6","Eriogonum fasciculatum","mature",0,"ENH2_6","ENH2_6_Eriogonum fasciculatum"
"578","matrix","ENH2","6","Heteromeles arbutifolia","mature",0,"ENH2_6","ENH2_6_Heteromeles arbutifolia"
"579","matrix","ENH2","6","Malacothamnus fasciculatus","mature",25,"ENH2_6","ENH2_6_Malacothamnus fasciculatus"
"580","matrix","ENH2","6","Rhamnus ilicifolia","mature",0,"ENH2_6","ENH2_6_Rhamnus ilicifolia"
"581","matrix","ENH2","6","Rhus ovata","mature",0,"ENH2_6","ENH2_6_Rhus ovata"
"582","matrix","ENH2","6","Salvia apiana","mature",0,"ENH2_6","ENH2_6_Salvia apiana"
"583","matrix","ENH2","6","Salvia leucophylla","mature",7,"ENH2_6","ENH2_6_Salvia leucophylla"
"584","matrix","ENH2","6","Sambucus mexicana","mature",0,"ENH2_6","ENH2_6_Sambucus mexicana"
"585","matrix","ENH2","6","unknown5 shrub","mature",1,"ENH2_6","ENH2_6_unknown5 shrub"
"586","degraded","DEG1","1","Artemisia californica","resprout",0,"DEG1_1","DEG1_1_Artemisia californica"
"587","degraded","DEG1","1","Baccharis pilularis","resprout",0,"DEG1_1","DEG1_1_Baccharis pilularis"
"588","degraded","DEG1","1","Cenothus oliganthus","resprout",0,"DEG1_1","DEG1_1_Cenothus oliganthus"
"589","degraded","DEG1","1","Eriodictyon crassifolium","resprout",0,"DEG1_1","DEG1_1_Eriodictyon crassifolium"
"590","degraded","DEG1","1","Eriogonum fasciculatum","resprout",0,"DEG1_1","DEG1_1_Eriogonum fasciculatum"
"591","degraded","DEG1","1","Heteromeles arbutifolia","resprout",0,"DEG1_1","DEG1_1_Heteromeles arbutifolia"
"592","degraded","DEG1","1","Malacothamnus fasciculatus","resprout",0,"DEG1_1","DEG1_1_Malacothamnus fasciculatus"
"593","degraded","DEG1","1","Rhamnus ilicifolia","resprout",0,"DEG1_1","DEG1_1_Rhamnus ilicifolia"
"594","degraded","DEG1","1","Rhus ovata","resprout",0,"DEG1_1","DEG1_1_Rhus ovata"
"595","degraded","DEG1","1","Salvia apiana","resprout",0,"DEG1_1","DEG1_1_Salvia apiana"
"596","degraded","DEG1","1","Salvia leucophylla","resprout",0,"DEG1_1","DEG1_1_Salvia leucophylla"
"597","degraded","DEG1","1","Sambucus mexicana","resprout",0,"DEG1_1","DEG1_1_Sambucus mexicana"
"598","degraded","DEG1","1","unknown5 shrub","resprout",0,"DEG1_1","DEG1_1_unknown5 shrub"
"599","degraded","DEG1","2","Artemisia californica","resprout",0,"DEG1_2","DEG1_2_Artemisia californica"
"600","degraded","DEG1","2","Baccharis pilularis","resprout",0,"DEG1_2","DEG1_2_Baccharis pilularis"
"601","degraded","DEG1","2","Cenothus oliganthus","resprout",0,"DEG1_2","DEG1_2_Cenothus oliganthus"
"602","degraded","DEG1","2","Eriodictyon crassifolium","resprout",0,"DEG1_2","DEG1_2_Eriodictyon crassifolium"
"603","degraded","DEG1","2","Eriogonum fasciculatum","resprout",0,"DEG1_2","DEG1_2_Eriogonum fasciculatum"
"604","degraded","DEG1","2","Heteromeles arbutifolia","resprout",0,"DEG1_2","DEG1_2_Heteromeles arbutifolia"
"605","degraded","DEG1","2","Malacothamnus fasciculatus","resprout",0,"DEG1_2","DEG1_2_Malacothamnus fasciculatus"
"606","degraded","DEG1","2","Rhamnus ilicifolia","resprout",0,"DEG1_2","DEG1_2_Rhamnus ilicifolia"
"607","degraded","DEG1","2","Rhus ovata","resprout",0,"DEG1_2","DEG1_2_Rhus ovata"
"608","degraded","DEG1","2","Salvia apiana","resprout",0,"DEG1_2","DEG1_2_Salvia apiana"
"609","degraded","DEG1","2","Salvia leucophylla","resprout",0,"DEG1_2","DEG1_2_Salvia leucophylla"
"610","degraded","DEG1","2","Sambucus mexicana","resprout",0,"DEG1_2","DEG1_2_Sambucus mexicana"
"611","degraded","DEG1","2","unknown5 shrub","resprout",0,"DEG1_2","DEG1_2_unknown5 shrub"
"612","degraded","DEG1","3","Artemisia californica","resprout",0,"DEG1_3","DEG1_3_Artemisia californica"
"613","degraded","DEG1","3","Baccharis pilularis","resprout",0,"DEG1_3","DEG1_3_Baccharis pilularis"
"614","degraded","DEG1","3","Cenothus oliganthus","resprout",0,"DEG1_3","DEG1_3_Cenothus oliganthus"
"615","degraded","DEG1","3","Eriodictyon crassifolium","resprout",0,"DEG1_3","DEG1_3_Eriodictyon crassifolium"
"616","degraded","DEG1","3","Eriogonum fasciculatum","resprout",0,"DEG1_3","DEG1_3_Eriogonum fasciculatum"
"617","degraded","DEG1","3","Heteromeles arbutifolia","resprout",0,"DEG1_3","DEG1_3_Heteromeles arbutifolia"
"618","degraded","DEG1","3","Malacothamnus fasciculatus","resprout",0,"DEG1_3","DEG1_3_Malacothamnus fasciculatus"
"619","degraded","DEG1","3","Rhamnus ilicifolia","resprout",0,"DEG1_3","DEG1_3_Rhamnus ilicifolia"
"620","degraded","DEG1","3","Rhus ovata","resprout",0,"DEG1_3","DEG1_3_Rhus ovata"
"621","degraded","DEG1","3","Salvia apiana","resprout",0,"DEG1_3","DEG1_3_Salvia apiana"
"622","degraded","DEG1","3","Salvia leucophylla","resprout",1,"DEG1_3","DEG1_3_Salvia leucophylla"
"623","degraded","DEG1","3","Sambucus mexicana","resprout",0,"DEG1_3","DEG1_3_Sambucus mexicana"
"624","degraded","DEG1","3","unknown5 shrub","resprout",0,"DEG1_3","DEG1_3_unknown5 shrub"
"625","degraded","DEG2","4","Artemisia californica","resprout",0,"DEG2_4","DEG2_4_Artemisia californica"
"626","degraded","DEG2","4","Baccharis pilularis","resprout",0,"DEG2_4","DEG2_4_Baccharis pilularis"
"627","degraded","DEG2","4","Cenothus oliganthus","resprout",0,"DEG2_4","DEG2_4_Cenothus oliganthus"
"628","degraded","DEG2","4","Eriodictyon crassifolium","resprout",0,"DEG2_4","DEG2_4_Eriodictyon crassifolium"
"629","degraded","DEG2","4","Eriogonum fasciculatum","resprout",0,"DEG2_4","DEG2_4_Eriogonum fasciculatum"
"630","degraded","DEG2","4","Heteromeles arbutifolia","resprout",0,"DEG2_4","DEG2_4_Heteromeles arbutifolia"
"631","degraded","DEG2","4","Malacothamnus fasciculatus","resprout",0,"DEG2_4","DEG2_4_Malacothamnus fasciculatus"
"632","degraded","DEG2","4","Rhamnus ilicifolia","resprout",0,"DEG2_4","DEG2_4_Rhamnus ilicifolia"
"633","degraded","DEG2","4","Rhus ovata","resprout",0,"DEG2_4","DEG2_4_Rhus ovata"
"634","degraded","DEG2","4","Salvia apiana","resprout",0,"DEG2_4","DEG2_4_Salvia apiana"
"635","degraded","DEG2","4","Salvia leucophylla","resprout",0,"DEG2_4","DEG2_4_Salvia leucophylla"
"636","degraded","DEG2","4","Sambucus mexicana","resprout",0,"DEG2_4","DEG2_4_Sambucus mexicana"
"637","degraded","DEG2","4","unknown5 shrub","resprout",0,"DEG2_4","DEG2_4_unknown5 shrub"
"638","degraded","DEG2","5","Artemisia californica","resprout",0,"DEG2_5","DEG2_5_Artemisia californica"
"639","degraded","DEG2","5","Baccharis pilularis","resprout",0,"DEG2_5","DEG2_5_Baccharis pilularis"
"640","degraded","DEG2","5","Cenothus oliganthus","resprout",0,"DEG2_5","DEG2_5_Cenothus oliganthus"
"641","degraded","DEG2","5","Eriodictyon crassifolium","resprout",0,"DEG2_5","DEG2_5_Eriodictyon crassifolium"
"642","degraded","DEG2","5","Eriogonum fasciculatum","resprout",0,"DEG2_5","DEG2_5_Eriogonum fasciculatum"
"643","degraded","DEG2","5","Heteromeles arbutifolia","resprout",0,"DEG2_5","DEG2_5_Heteromeles arbutifolia"
"644","degraded","DEG2","5","Malacothamnus fasciculatus","resprout",0,"DEG2_5","DEG2_5_Malacothamnus fasciculatus"
"645","degraded","DEG2","5","Rhamnus ilicifolia","resprout",0,"DEG2_5","DEG2_5_Rhamnus ilicifolia"
"646","degraded","DEG2","5","Rhus ovata","resprout",0,"DEG2_5","DEG2_5_Rhus ovata"
"647","degraded","DEG2","5","Salvia apiana","resprout",0,"DEG2_5","DEG2_5_Salvia apiana"
"648","degraded","DEG2","5","Salvia leucophylla","resprout",0,"DEG2_5","DEG2_5_Salvia leucophylla"
"649","degraded","DEG2","5","Sambucus mexicana","resprout",0,"DEG2_5","DEG2_5_Sambucus mexicana"
"650","degraded","DEG2","5","unknown5 shrub","resprout",0,"DEG2_5","DEG2_5_unknown5 shrub"
"651","degraded","DEG2","6","Artemisia californica","resprout",0,"DEG2_6","DEG2_6_Artemisia californica"
"652","degraded","DEG2","6","Baccharis pilularis","resprout",0,"DEG2_6","DEG2_6_Baccharis pilularis"
"653","degraded","DEG2","6","Cenothus oliganthus","resprout",0,"DEG2_6","DEG2_6_Cenothus oliganthus"
"654","degraded","DEG2","6","Eriodictyon crassifolium","resprout",0,"DEG2_6","DEG2_6_Eriodictyon crassifolium"
"655","degraded","DEG2","6","Eriogonum fasciculatum","resprout",0,"DEG2_6","DEG2_6_Eriogonum fasciculatum"
"656","degraded","DEG2","6","Heteromeles arbutifolia","resprout",0,"DEG2_6","DEG2_6_Heteromeles arbutifolia"
"657","degraded","DEG2","6","Malacothamnus fasciculatus","resprout",0,"DEG2_6","DEG2_6_Malacothamnus fasciculatus"
"658","degraded","DEG2","6","Rhamnus ilicifolia","resprout",0,"DEG2_6","DEG2_6_Rhamnus ilicifolia"
"659","degraded","DEG2","6","Rhus ovata","resprout",0,"DEG2_6","DEG2_6_Rhus ovata"
"660","degraded","DEG2","6","Salvia apiana","resprout",0,"DEG2_6","DEG2_6_Salvia apiana"
"661","degraded","DEG2","6","Salvia leucophylla","resprout",0,"DEG2_6","DEG2_6_Salvia leucophylla"
"662","degraded","DEG2","6","Sambucus mexicana","resprout",0,"DEG2_6","DEG2_6_Sambucus mexicana"
"663","degraded","DEG2","6","unknown5 shrub","resprout",0,"DEG2_6","DEG2_6_unknown5 shrub"
"664","intact","Intact1","1","Artemisia californica","resprout",0,"Intact1_1","Intact1_1_Artemisia californica"
"665","intact","Intact1","1","Baccharis pilularis","resprout",0,"Intact1_1","Intact1_1_Baccharis pilularis"
"666","intact","Intact1","1","Cenothus oliganthus","resprout",0,"Intact1_1","Intact1_1_Cenothus oliganthus"
"667","intact","Intact1","1","Eriodictyon crassifolium","resprout",0,"Intact1_1","Intact1_1_Eriodictyon crassifolium"
"668","intact","Intact1","1","Eriogonum fasciculatum","resprout",0,"Intact1_1","Intact1_1_Eriogonum fasciculatum"
"669","intact","Intact1","1","Heteromeles arbutifolia","resprout",0,"Intact1_1","Intact1_1_Heteromeles arbutifolia"
"670","intact","Intact1","1","Malacothamnus fasciculatus","resprout",0,"Intact1_1","Intact1_1_Malacothamnus fasciculatus"
"671","intact","Intact1","1","Rhamnus ilicifolia","resprout",0,"Intact1_1","Intact1_1_Rhamnus ilicifolia"
"672","intact","Intact1","1","Rhus ovata","resprout",0,"Intact1_1","Intact1_1_Rhus ovata"
"673","intact","Intact1","1","Salvia apiana","resprout",0,"Intact1_1","Intact1_1_Salvia apiana"
"674","intact","Intact1","1","Salvia leucophylla","resprout",0,"Intact1_1","Intact1_1_Salvia leucophylla"
"675","intact","Intact1","1","Sambucus mexicana","resprout",0,"Intact1_1","Intact1_1_Sambucus mexicana"
"676","intact","Intact1","1","unknown5 shrub","resprout",0,"Intact1_1","Intact1_1_unknown5 shrub"
"677","intact","Intact2","2","Artemisia californica","resprout",0,"Intact2_2","Intact2_2_Artemisia californica"
"678","intact","Intact2","2","Baccharis pilularis","resprout",0,"Intact2_2","Intact2_2_Baccharis pilularis"
"679","intact","Intact2","2","Cenothus oliganthus","resprout",0,"Intact2_2","Intact2_2_Cenothus oliganthus"
"680","intact","Intact2","2","Eriodictyon crassifolium","resprout",0,"Intact2_2","Intact2_2_Eriodictyon crassifolium"
"681","intact","Intact2","2","Eriogonum fasciculatum","resprout",0,"Intact2_2","Intact2_2_Eriogonum fasciculatum"
"682","intact","Intact2","2","Heteromeles arbutifolia","resprout",0,"Intact2_2","Intact2_2_Heteromeles arbutifolia"
"683","intact","Intact2","2","Malacothamnus fasciculatus","resprout",0,"Intact2_2","Intact2_2_Malacothamnus fasciculatus"
"684","intact","Intact2","2","Rhamnus ilicifolia","resprout",0,"Intact2_2","Intact2_2_Rhamnus ilicifolia"
"685","intact","Intact2","2","Rhus ovata","resprout",0,"Intact2_2","Intact2_2_Rhus ovata"
"686","intact","Intact2","2","Salvia apiana","resprout",0,"Intact2_2","Intact2_2_Salvia apiana"
"687","intact","Intact2","2","Salvia leucophylla","resprout",0,"Intact2_2","Intact2_2_Salvia leucophylla"
"688","intact","Intact2","2","Sambucus mexicana","resprout",0,"Intact2_2","Intact2_2_Sambucus mexicana"
"689","intact","Intact2","2","unknown5 shrub","resprout",0,"Intact2_2","Intact2_2_unknown5 shrub"
"690","intact","Intact3","3","Artemisia californica","resprout",0,"Intact3_3","Intact3_3_Artemisia californica"
"691","intact","Intact3","3","Baccharis pilularis","resprout",0,"Intact3_3","Intact3_3_Baccharis pilularis"
"692","intact","Intact3","3","Cenothus oliganthus","resprout",0,"Intact3_3","Intact3_3_Cenothus oliganthus"
"693","intact","Intact3","3","Eriodictyon crassifolium","resprout",0,"Intact3_3","Intact3_3_Eriodictyon crassifolium"
"694","intact","Intact3","3","Eriogonum fasciculatum","resprout",0,"Intact3_3","Intact3_3_Eriogonum fasciculatum"
"695","intact","Intact3","3","Heteromeles arbutifolia","resprout",0,"Intact3_3","Intact3_3_Heteromeles arbutifolia"
"696","intact","Intact3","3","Malacothamnus fasciculatus","resprout",0,"Intact3_3","Intact3_3_Malacothamnus fasciculatus"
"697","intact","Intact3","3","Rhamnus ilicifolia","resprout",1,"Intact3_3","Intact3_3_Rhamnus ilicifolia"
"698","intact","Intact3","3","Rhus ovata","resprout",0,"Intact3_3","Intact3_3_Rhus ovata"
"699","intact","Intact3","3","Salvia apiana","resprout",0,"Intact3_3","Intact3_3_Salvia apiana"
"700","intact","Intact3","3","Salvia leucophylla","resprout",0,"Intact3_3","Intact3_3_Salvia leucophylla"
"701","intact","Intact3","3","Sambucus mexicana","resprout",0,"Intact3_3","Intact3_3_Sambucus mexicana"
"702","intact","Intact3","3","unknown5 shrub","resprout",0,"Intact3_3","Intact3_3_unknown5 shrub"
"703","matrix","ENH1","1","Artemisia californica","resprout",0,"ENH1_1","ENH1_1_Artemisia californica"
"704","matrix","ENH1","1","Baccharis pilularis","resprout",0,"ENH1_1","ENH1_1_Baccharis pilularis"
"705","matrix","ENH1","1","Cenothus oliganthus","resprout",0,"ENH1_1","ENH1_1_Cenothus oliganthus"
"706","matrix","ENH1","1","Eriodictyon crassifolium","resprout",0,"ENH1_1","ENH1_1_Eriodictyon crassifolium"
"707","matrix","ENH1","1","Eriogonum fasciculatum","resprout",0,"ENH1_1","ENH1_1_Eriogonum fasciculatum"
"708","matrix","ENH1","1","Heteromeles arbutifolia","resprout",0,"ENH1_1","ENH1_1_Heteromeles arbutifolia"
"709","matrix","ENH1","1","Malacothamnus fasciculatus","resprout",0,"ENH1_1","ENH1_1_Malacothamnus fasciculatus"
"710","matrix","ENH1","1","Rhamnus ilicifolia","resprout",0,"ENH1_1","ENH1_1_Rhamnus ilicifolia"
"711","matrix","ENH1","1","Rhus ovata","resprout",0,"ENH1_1","ENH1_1_Rhus ovata"
"712","matrix","ENH1","1","Salvia apiana","resprout",0,"ENH1_1","ENH1_1_Salvia apiana"
"713","matrix","ENH1","1","Salvia leucophylla","resprout",0,"ENH1_1","ENH1_1_Salvia leucophylla"
"714","matrix","ENH1","1","Sambucus mexicana","resprout",0,"ENH1_1","ENH1_1_Sambucus mexicana"
"715","matrix","ENH1","1","unknown5 shrub","resprout",0,"ENH1_1","ENH1_1_unknown5 shrub"
"716","matrix","ENH1","2","Artemisia californica","resprout",0,"ENH1_2","ENH1_2_Artemisia californica"
"717","matrix","ENH1","2","Baccharis pilularis","resprout",0,"ENH1_2","ENH1_2_Baccharis pilularis"
"718","matrix","ENH1","2","Cenothus oliganthus","resprout",0,"ENH1_2","ENH1_2_Cenothus oliganthus"
"719","matrix","ENH1","2","Eriodictyon crassifolium","resprout",0,"ENH1_2","ENH1_2_Eriodictyon crassifolium"
"720","matrix","ENH1","2","Eriogonum fasciculatum","resprout",0,"ENH1_2","ENH1_2_Eriogonum fasciculatum"
"721","matrix","ENH1","2","Heteromeles arbutifolia","resprout",0,"ENH1_2","ENH1_2_Heteromeles arbutifolia"
"722","matrix","ENH1","2","Malacothamnus fasciculatus","resprout",0,"ENH1_2","ENH1_2_Malacothamnus fasciculatus"
"723","matrix","ENH1","2","Rhamnus ilicifolia","resprout",0,"ENH1_2","ENH1_2_Rhamnus ilicifolia"
"724","matrix","ENH1","2","Rhus ovata","resprout",0,"ENH1_2","ENH1_2_Rhus ovata"
"725","matrix","ENH1","2","Salvia apiana","resprout",0,"ENH1_2","ENH1_2_Salvia apiana"
"726","matrix","ENH1","2","Salvia leucophylla","resprout",0,"ENH1_2","ENH1_2_Salvia leucophylla"
"727","matrix","ENH1","2","Sambucus mexicana","resprout",0,"ENH1_2","ENH1_2_Sambucus mexicana"
"728","matrix","ENH1","2","unknown5 shrub","resprout",0,"ENH1_2","ENH1_2_unknown5 shrub"
"729","matrix","ENH1","3","Artemisia californica","resprout",0,"ENH1_3","ENH1_3_Artemisia californica"
"730","matrix","ENH1","3","Baccharis pilularis","resprout",1,"ENH1_3","ENH1_3_Baccharis pilularis"
"731","matrix","ENH1","3","Cenothus oliganthus","resprout",0,"ENH1_3","ENH1_3_Cenothus oliganthus"
"732","matrix","ENH1","3","Eriodictyon crassifolium","resprout",0,"ENH1_3","ENH1_3_Eriodictyon crassifolium"
"733","matrix","ENH1","3","Eriogonum fasciculatum","resprout",0,"ENH1_3","ENH1_3_Eriogonum fasciculatum"
"734","matrix","ENH1","3","Heteromeles arbutifolia","resprout",0,"ENH1_3","ENH1_3_Heteromeles arbutifolia"
"735","matrix","ENH1","3","Malacothamnus fasciculatus","resprout",2,"ENH1_3","ENH1_3_Malacothamnus fasciculatus"
"736","matrix","ENH1","3","Rhamnus ilicifolia","resprout",0,"ENH1_3","ENH1_3_Rhamnus ilicifolia"
"737","matrix","ENH1","3","Rhus ovata","resprout",0,"ENH1_3","ENH1_3_Rhus ovata"
"738","matrix","ENH1","3","Salvia apiana","resprout",0,"ENH1_3","ENH1_3_Salvia apiana"
"739","matrix","ENH1","3","Salvia leucophylla","resprout",0,"ENH1_3","ENH1_3_Salvia leucophylla"
"740","matrix","ENH1","3","Sambucus mexicana","resprout",0,"ENH1_3","ENH1_3_Sambucus mexicana"
"741","matrix","ENH1","3","unknown5 shrub","resprout",0,"ENH1_3","ENH1_3_unknown5 shrub"
"742","matrix","ENH2","4","Artemisia californica","resprout",0,"ENH2_4","ENH2_4_Artemisia californica"
"743","matrix","ENH2","4","Baccharis pilularis","resprout",0,"ENH2_4","ENH2_4_Baccharis pilularis"
"744","matrix","ENH2","4","Cenothus oliganthus","resprout",0,"ENH2_4","ENH2_4_Cenothus oliganthus"
"745","matrix","ENH2","4","Eriodictyon crassifolium","resprout",0,"ENH2_4","ENH2_4_Eriodictyon crassifolium"
"746","matrix","ENH2","4","Eriogonum fasciculatum","resprout",0,"ENH2_4","ENH2_4_Eriogonum fasciculatum"
"747","matrix","ENH2","4","Heteromeles arbutifolia","resprout",0,"ENH2_4","ENH2_4_Heteromeles arbutifolia"
"748","matrix","ENH2","4","Malacothamnus fasciculatus","resprout",0,"ENH2_4","ENH2_4_Malacothamnus fasciculatus"
"749","matrix","ENH2","4","Rhamnus ilicifolia","resprout",0,"ENH2_4","ENH2_4_Rhamnus ilicifolia"
"750","matrix","ENH2","4","Rhus ovata","resprout",0,"ENH2_4","ENH2_4_Rhus ovata"
"751","matrix","ENH2","4","Salvia apiana","resprout",0,"ENH2_4","ENH2_4_Salvia apiana"
"752","matrix","ENH2","4","Salvia leucophylla","resprout",0,"ENH2_4","ENH2_4_Salvia leucophylla"
"753","matrix","ENH2","4","Sambucus mexicana","resprout",0,"ENH2_4","ENH2_4_Sambucus mexicana"
"754","matrix","ENH2","4","unknown5 shrub","resprout",0,"ENH2_4","ENH2_4_unknown5 shrub"
"755","matrix","ENH2","5","Artemisia californica","resprout",0,"ENH2_5","ENH2_5_Artemisia californica"
"756","matrix","ENH2","5","Baccharis pilularis","resprout",0,"ENH2_5","ENH2_5_Baccharis pilularis"
"757","matrix","ENH2","5","Cenothus oliganthus","resprout",0,"ENH2_5","ENH2_5_Cenothus oliganthus"
"758","matrix","ENH2","5","Eriodictyon crassifolium","resprout",0,"ENH2_5","ENH2_5_Eriodictyon crassifolium"
"759","matrix","ENH2","5","Eriogonum fasciculatum","resprout",0,"ENH2_5","ENH2_5_Eriogonum fasciculatum"
"760","matrix","ENH2","5","Heteromeles arbutifolia","resprout",0,"ENH2_5","ENH2_5_Heteromeles arbutifolia"
"761","matrix","ENH2","5","Malacothamnus fasciculatus","resprout",0,"ENH2_5","ENH2_5_Malacothamnus fasciculatus"
"762","matrix","ENH2","5","Rhamnus ilicifolia","resprout",0,"ENH2_5","ENH2_5_Rhamnus ilicifolia"
"763","matrix","ENH2","5","Rhus ovata","resprout",0,"ENH2_5","ENH2_5_Rhus ovata"
"764","matrix","ENH2","5","Salvia apiana","resprout",0,"ENH2_5","ENH2_5_Salvia apiana"
"765","matrix","ENH2","5","Salvia leucophylla","resprout",0,"ENH2_5","ENH2_5_Salvia leucophylla"
"766","matrix","ENH2","5","Sambucus mexicana","resprout",0,"ENH2_5","ENH2_5_Sambucus mexicana"
"767","matrix","ENH2","5","unknown5 shrub","resprout",0,"ENH2_5","ENH2_5_unknown5 shrub"
"768","matrix","ENH2","6","Artemisia californica","resprout",0,"ENH2_6","ENH2_6_Artemisia californica"
"769","matrix","ENH2","6","Baccharis pilularis","resprout",0,"ENH2_6","ENH2_6_Baccharis pilularis"
"770","matrix","ENH2","6","Cenothus oliganthus","resprout",0,"ENH2_6","ENH2_6_Cenothus oliganthus"
"771","matrix","ENH2","6","Eriodictyon crassifolium","resprout",0,"ENH2_6","ENH2_6_Eriodictyon crassifolium"
"772","matrix","ENH2","6","Eriogonum fasciculatum","resprout",0,"ENH2_6","ENH2_6_Eriogonum fasciculatum"
"773","matrix","ENH2","6","Heteromeles arbutifolia","resprout",0,"ENH2_6","ENH2_6_Heteromeles arbutifolia"
"774","matrix","ENH2","6","Malacothamnus fasciculatus","resprout",0,"ENH2_6","ENH2_6_Malacothamnus fasciculatus"
"775","matrix","ENH2","6","Rhamnus ilicifolia","resprout",0,"ENH2_6","ENH2_6_Rhamnus ilicifolia"
"776","matrix","ENH2","6","Rhus ovata","resprout",0,"ENH2_6","ENH2_6_Rhus ovata"
"777","matrix","ENH2","6","Salvia apiana","resprout",0,"ENH2_6","ENH2_6_Salvia apiana"
"778","matrix","ENH2","6","Salvia leucophylla","resprout",0,"ENH2_6","ENH2_6_Salvia leucophylla"
"779","matrix","ENH2","6","Sambucus mexicana","resprout",0,"ENH2_6","ENH2_6_Sambucus mexicana"
"780","matrix","ENH2","6","unknown5 shrub","resprout",0,"ENH2_6","ENH2_6_unknown5 shrub"
"781","degraded","DEG1","1","Artemisia californica","seedling",0,"DEG1_1","DEG1_1_Artemisia californica"
"782","degraded","DEG1","1","Baccharis pilularis","seedling",0,"DEG1_1","DEG1_1_Baccharis pilularis"
"783","degraded","DEG1","1","Cenothus oliganthus","seedling",0,"DEG1_1","DEG1_1_Cenothus oliganthus"
"784","degraded","DEG1","1","Eriodictyon crassifolium","seedling",0,"DEG1_1","DEG1_1_Eriodictyon crassifolium"
"785","degraded","DEG1","1","Eriogonum fasciculatum","seedling",0,"DEG1_1","DEG1_1_Eriogonum fasciculatum"
"786","degraded","DEG1","1","Heteromeles arbutifolia","seedling",0,"DEG1_1","DEG1_1_Heteromeles arbutifolia"
"787","degraded","DEG1","1","Malacothamnus fasciculatus","seedling",0,"DEG1_1","DEG1_1_Malacothamnus fasciculatus"
"788","degraded","DEG1","1","Rhamnus ilicifolia","seedling",0,"DEG1_1","DEG1_1_Rhamnus ilicifolia"
"789","degraded","DEG1","1","Rhus ovata","seedling",0,"DEG1_1","DEG1_1_Rhus ovata"
"790","degraded","DEG1","1","Salvia apiana","seedling",0,"DEG1_1","DEG1_1_Salvia apiana"
"791","degraded","DEG1","1","Salvia leucophylla","seedling",0,"DEG1_1","DEG1_1_Salvia leucophylla"
"792","degraded","DEG1","1","Sambucus mexicana","seedling",0,"DEG1_1","DEG1_1_Sambucus mexicana"
"793","degraded","DEG1","1","unknown5 shrub","seedling",0,"DEG1_1","DEG1_1_unknown5 shrub"
"794","degraded","DEG1","2","Artemisia californica","seedling",0,"DEG1_2","DEG1_2_Artemisia californica"
"795","degraded","DEG1","2","Baccharis pilularis","seedling",0,"DEG1_2","DEG1_2_Baccharis pilularis"
"796","degraded","DEG1","2","Cenothus oliganthus","seedling",0,"DEG1_2","DEG1_2_Cenothus oliganthus"
"797","degraded","DEG1","2","Eriodictyon crassifolium","seedling",0,"DEG1_2","DEG1_2_Eriodictyon crassifolium"
"798","degraded","DEG1","2","Eriogonum fasciculatum","seedling",0,"DEG1_2","DEG1_2_Eriogonum fasciculatum"
"799","degraded","DEG1","2","Heteromeles arbutifolia","seedling",0,"DEG1_2","DEG1_2_Heteromeles arbutifolia"
"800","degraded","DEG1","2","Malacothamnus fasciculatus","seedling",0,"DEG1_2","DEG1_2_Malacothamnus fasciculatus"
"801","degraded","DEG1","2","Rhamnus ilicifolia","seedling",0,"DEG1_2","DEG1_2_Rhamnus ilicifolia"
"802","degraded","DEG1","2","Rhus ovata","seedling",0,"DEG1_2","DEG1_2_Rhus ovata"
"803","degraded","DEG1","2","Salvia apiana","seedling",0,"DEG1_2","DEG1_2_Salvia apiana"
"804","degraded","DEG1","2","Salvia leucophylla","seedling",0,"DEG1_2","DEG1_2_Salvia leucophylla"
"805","degraded","DEG1","2","Sambucus mexicana","seedling",0,"DEG1_2","DEG1_2_Sambucus mexicana"
"806","degraded","DEG1","2","unknown5 shrub","seedling",0,"DEG1_2","DEG1_2_unknown5 shrub"
"807","degraded","DEG1","3","Artemisia californica","seedling",0,"DEG1_3","DEG1_3_Artemisia californica"
"808","degraded","DEG1","3","Baccharis pilularis","seedling",0,"DEG1_3","DEG1_3_Baccharis pilularis"
"809","degraded","DEG1","3","Cenothus oliganthus","seedling",0,"DEG1_3","DEG1_3_Cenothus oliganthus"
"810","degraded","DEG1","3","Eriodictyon crassifolium","seedling",0,"DEG1_3","DEG1_3_Eriodictyon crassifolium"
"811","degraded","DEG1","3","Eriogonum fasciculatum","seedling",0,"DEG1_3","DEG1_3_Eriogonum fasciculatum"
"812","degraded","DEG1","3","Heteromeles arbutifolia","seedling",0,"DEG1_3","DEG1_3_Heteromeles arbutifolia"
"813","degraded","DEG1","3","Malacothamnus fasciculatus","seedling",0,"DEG1_3","DEG1_3_Malacothamnus fasciculatus"
"814","degraded","DEG1","3","Rhamnus ilicifolia","seedling",0,"DEG1_3","DEG1_3_Rhamnus ilicifolia"
"815","degraded","DEG1","3","Rhus ovata","seedling",0,"DEG1_3","DEG1_3_Rhus ovata"
"816","degraded","DEG1","3","Salvia apiana","seedling",0,"DEG1_3","DEG1_3_Salvia apiana"
"817","degraded","DEG1","3","Salvia leucophylla","seedling",0,"DEG1_3","DEG1_3_Salvia leucophylla"
"818","degraded","DEG1","3","Sambucus mexicana","seedling",0,"DEG1_3","DEG1_3_Sambucus mexicana"
"819","degraded","DEG1","3","unknown5 shrub","seedling",0,"DEG1_3","DEG1_3_unknown5 shrub"
"820","degraded","DEG2","4","Artemisia californica","seedling",0,"DEG2_4","DEG2_4_Artemisia californica"
"821","degraded","DEG2","4","Baccharis pilularis","seedling",0,"DEG2_4","DEG2_4_Baccharis pilularis"
"822","degraded","DEG2","4","Cenothus oliganthus","seedling",0,"DEG2_4","DEG2_4_Cenothus oliganthus"
"823","degraded","DEG2","4","Eriodictyon crassifolium","seedling",0,"DEG2_4","DEG2_4_Eriodictyon crassifolium"
"824","degraded","DEG2","4","Eriogonum fasciculatum","seedling",0,"DEG2_4","DEG2_4_Eriogonum fasciculatum"
"825","degraded","DEG2","4","Heteromeles arbutifolia","seedling",0,"DEG2_4","DEG2_4_Heteromeles arbutifolia"
"826","degraded","DEG2","4","Malacothamnus fasciculatus","seedling",0,"DEG2_4","DEG2_4_Malacothamnus fasciculatus"
"827","degraded","DEG2","4","Rhamnus ilicifolia","seedling",0,"DEG2_4","DEG2_4_Rhamnus ilicifolia"
"828","degraded","DEG2","4","Rhus ovata","seedling",0,"DEG2_4","DEG2_4_Rhus ovata"
"829","degraded","DEG2","4","Salvia apiana","seedling",0,"DEG2_4","DEG2_4_Salvia apiana"
"830","degraded","DEG2","4","Salvia leucophylla","seedling",0,"DEG2_4","DEG2_4_Salvia leucophylla"
"831","degraded","DEG2","4","Sambucus mexicana","seedling",0,"DEG2_4","DEG2_4_Sambucus mexicana"
"832","degraded","DEG2","4","unknown5 shrub","seedling",0,"DEG2_4","DEG2_4_unknown5 shrub"
"833","degraded","DEG2","5","Artemisia californica","seedling",0,"DEG2_5","DEG2_5_Artemisia californica"
"834","degraded","DEG2","5","Baccharis pilularis","seedling",0,"DEG2_5","DEG2_5_Baccharis pilularis"
"835","degraded","DEG2","5","Cenothus oliganthus","seedling",0,"DEG2_5","DEG2_5_Cenothus oliganthus"
"836","degraded","DEG2","5","Eriodictyon crassifolium","seedling",0,"DEG2_5","DEG2_5_Eriodictyon crassifolium"
"837","degraded","DEG2","5","Eriogonum fasciculatum","seedling",0,"DEG2_5","DEG2_5_Eriogonum fasciculatum"
"838","degraded","DEG2","5","Heteromeles arbutifolia","seedling",0,"DEG2_5","DEG2_5_Heteromeles arbutifolia"
"839","degraded","DEG2","5","Malacothamnus fasciculatus","seedling",3,"DEG2_5","DEG2_5_Malacothamnus fasciculatus"
"840","degraded","DEG2","5","Rhamnus ilicifolia","seedling",0,"DEG2_5","DEG2_5_Rhamnus ilicifolia"
"841","degraded","DEG2","5","Rhus ovata","seedling",0,"DEG2_5","DEG2_5_Rhus ovata"
"842","degraded","DEG2","5","Salvia apiana","seedling",0,"DEG2_5","DEG2_5_Salvia apiana"
"843","degraded","DEG2","5","Salvia leucophylla","seedling",0,"DEG2_5","DEG2_5_Salvia leucophylla"
"844","degraded","DEG2","5","Sambucus mexicana","seedling",0,"DEG2_5","DEG2_5_Sambucus mexicana"
"845","degraded","DEG2","5","unknown5 shrub","seedling",0,"DEG2_5","DEG2_5_unknown5 shrub"
"846","degraded","DEG2","6","Artemisia californica","seedling",0,"DEG2_6","DEG2_6_Artemisia californica"
"847","degraded","DEG2","6","Baccharis pilularis","seedling",0,"DEG2_6","DEG2_6_Baccharis pilularis"
"848","degraded","DEG2","6","Cenothus oliganthus","seedling",0,"DEG2_6","DEG2_6_Cenothus oliganthus"
"849","degraded","DEG2","6","Eriodictyon crassifolium","seedling",0,"DEG2_6","DEG2_6_Eriodictyon crassifolium"
"850","degraded","DEG2","6","Eriogonum fasciculatum","seedling",0,"DEG2_6","DEG2_6_Eriogonum fasciculatum"
"851","degraded","DEG2","6","Heteromeles arbutifolia","seedling",0,"DEG2_6","DEG2_6_Heteromeles arbutifolia"
"852","degraded","DEG2","6","Malacothamnus fasciculatus","seedling",0,"DEG2_6","DEG2_6_Malacothamnus fasciculatus"
"853","degraded","DEG2","6","Rhamnus ilicifolia","seedling",0,"DEG2_6","DEG2_6_Rhamnus ilicifolia"
"854","degraded","DEG2","6","Rhus ovata","seedling",0,"DEG2_6","DEG2_6_Rhus ovata"
"855","degraded","DEG2","6","Salvia apiana","seedling",0,"DEG2_6","DEG2_6_Salvia apiana"
"856","degraded","DEG2","6","Salvia leucophylla","seedling",0,"DEG2_6","DEG2_6_Salvia leucophylla"
"857","degraded","DEG2","6","Sambucus mexicana","seedling",0,"DEG2_6","DEG2_6_Sambucus mexicana"
"858","degraded","DEG2","6","unknown5 shrub","seedling",0,"DEG2_6","DEG2_6_unknown5 shrub"
"859","intact","Intact1","1","Artemisia californica","seedling",0,"Intact1_1","Intact1_1_Artemisia californica"
"860","intact","Intact1","1","Baccharis pilularis","seedling",0,"Intact1_1","Intact1_1_Baccharis pilularis"
"861","intact","Intact1","1","Cenothus oliganthus","seedling",0,"Intact1_1","Intact1_1_Cenothus oliganthus"
"862","intact","Intact1","1","Eriodictyon crassifolium","seedling",0,"Intact1_1","Intact1_1_Eriodictyon crassifolium"
"863","intact","Intact1","1","Eriogonum fasciculatum","seedling",0,"Intact1_1","Intact1_1_Eriogonum fasciculatum"
"864","intact","Intact1","1","Heteromeles arbutifolia","seedling",0,"Intact1_1","Intact1_1_Heteromeles arbutifolia"
"865","intact","Intact1","1","Malacothamnus fasciculatus","seedling",0,"Intact1_1","Intact1_1_Malacothamnus fasciculatus"
"866","intact","Intact1","1","Rhamnus ilicifolia","seedling",0,"Intact1_1","Intact1_1_Rhamnus ilicifolia"
"867","intact","Intact1","1","Rhus ovata","seedling",0,"Intact1_1","Intact1_1_Rhus ovata"
"868","intact","Intact1","1","Salvia apiana","seedling",0,"Intact1_1","Intact1_1_Salvia apiana"
"869","intact","Intact1","1","Salvia leucophylla","seedling",0,"Intact1_1","Intact1_1_Salvia leucophylla"
"870","intact","Intact1","1","Sambucus mexicana","seedling",0,"Intact1_1","Intact1_1_Sambucus mexicana"
"871","intact","Intact1","1","unknown5 shrub","seedling",0,"Intact1_1","Intact1_1_unknown5 shrub"
"872","intact","Intact2","2","Artemisia californica","seedling",1,"Intact2_2","Intact2_2_Artemisia californica"
"873","intact","Intact2","2","Baccharis pilularis","seedling",0,"Intact2_2","Intact2_2_Baccharis pilularis"
"874","intact","Intact2","2","Cenothus oliganthus","seedling",0,"Intact2_2","Intact2_2_Cenothus oliganthus"
"875","intact","Intact2","2","Eriodictyon crassifolium","seedling",0,"Intact2_2","Intact2_2_Eriodictyon crassifolium"
"876","intact","Intact2","2","Eriogonum fasciculatum","seedling",0,"Intact2_2","Intact2_2_Eriogonum fasciculatum"
"877","intact","Intact2","2","Heteromeles arbutifolia","seedling",0,"Intact2_2","Intact2_2_Heteromeles arbutifolia"
"878","intact","Intact2","2","Malacothamnus fasciculatus","seedling",0,"Intact2_2","Intact2_2_Malacothamnus fasciculatus"
"879","intact","Intact2","2","Rhamnus ilicifolia","seedling",0,"Intact2_2","Intact2_2_Rhamnus ilicifolia"
"880","intact","Intact2","2","Rhus ovata","seedling",0,"Intact2_2","Intact2_2_Rhus ovata"
"881","intact","Intact2","2","Salvia apiana","seedling",0,"Intact2_2","Intact2_2_Salvia apiana"
"882","intact","Intact2","2","Salvia leucophylla","seedling",0,"Intact2_2","Intact2_2_Salvia leucophylla"
"883","intact","Intact2","2","Sambucus mexicana","seedling",0,"Intact2_2","Intact2_2_Sambucus mexicana"
"884","intact","Intact2","2","unknown5 shrub","seedling",0,"Intact2_2","Intact2_2_unknown5 shrub"
"885","intact","Intact3","3","Artemisia californica","seedling",0,"Intact3_3","Intact3_3_Artemisia californica"
"886","intact","Intact3","3","Baccharis pilularis","seedling",0,"Intact3_3","Intact3_3_Baccharis pilularis"
"887","intact","Intact3","3","Cenothus oliganthus","seedling",0,"Intact3_3","Intact3_3_Cenothus oliganthus"
"888","intact","Intact3","3","Eriodictyon crassifolium","seedling",1,"Intact3_3","Intact3_3_Eriodictyon crassifolium"
"889","intact","Intact3","3","Eriogonum fasciculatum","seedling",0,"Intact3_3","Intact3_3_Eriogonum fasciculatum"
"890","intact","Intact3","3","Heteromeles arbutifolia","seedling",0,"Intact3_3","Intact3_3_Heteromeles arbutifolia"
"891","intact","Intact3","3","Malacothamnus fasciculatus","seedling",2,"Intact3_3","Intact3_3_Malacothamnus fasciculatus"
"892","intact","Intact3","3","Rhamnus ilicifolia","seedling",0,"Intact3_3","Intact3_3_Rhamnus ilicifolia"
"893","intact","Intact3","3","Rhus ovata","seedling",1,"Intact3_3","Intact3_3_Rhus ovata"
"894","intact","Intact3","3","Salvia apiana","seedling",0,"Intact3_3","Intact3_3_Salvia apiana"
"895","intact","Intact3","3","Salvia leucophylla","seedling",2,"Intact3_3","Intact3_3_Salvia leucophylla"
"896","intact","Intact3","3","Sambucus mexicana","seedling",0,"Intact3_3","Intact3_3_Sambucus mexicana"
"897","intact","Intact3","3","unknown5 shrub","seedling",0,"Intact3_3","Intact3_3_unknown5 shrub"
"898","matrix","ENH1","1","Artemisia californica","seedling",0,"ENH1_1","ENH1_1_Artemisia californica"
"899","matrix","ENH1","1","Baccharis pilularis","seedling",0,"ENH1_1","ENH1_1_Baccharis pilularis"
"900","matrix","ENH1","1","Cenothus oliganthus","seedling",0,"ENH1_1","ENH1_1_Cenothus oliganthus"
"901","matrix","ENH1","1","Eriodictyon crassifolium","seedling",0,"ENH1_1","ENH1_1_Eriodictyon crassifolium"
"902","matrix","ENH1","1","Eriogonum fasciculatum","seedling",0,"ENH1_1","ENH1_1_Eriogonum fasciculatum"
"903","matrix","ENH1","1","Heteromeles arbutifolia","seedling",0,"ENH1_1","ENH1_1_Heteromeles arbutifolia"
"904","matrix","ENH1","1","Malacothamnus fasciculatus","seedling",0,"ENH1_1","ENH1_1_Malacothamnus fasciculatus"
"905","matrix","ENH1","1","Rhamnus ilicifolia","seedling",0,"ENH1_1","ENH1_1_Rhamnus ilicifolia"
"906","matrix","ENH1","1","Rhus ovata","seedling",0,"ENH1_1","ENH1_1_Rhus ovata"
"907","matrix","ENH1","1","Salvia apiana","seedling",0,"ENH1_1","ENH1_1_Salvia apiana"
"908","matrix","ENH1","1","Salvia leucophylla","seedling",0,"ENH1_1","ENH1_1_Salvia leucophylla"
"909","matrix","ENH1","1","Sambucus mexicana","seedling",0,"ENH1_1","ENH1_1_Sambucus mexicana"
"910","matrix","ENH1","1","unknown5 shrub","seedling",0,"ENH1_1","ENH1_1_unknown5 shrub"
"911","matrix","ENH1","2","Artemisia californica","seedling",0,"ENH1_2","ENH1_2_Artemisia californica"
"912","matrix","ENH1","2","Baccharis pilularis","seedling",0,"ENH1_2","ENH1_2_Baccharis pilularis"
"913","matrix","ENH1","2","Cenothus oliganthus","seedling",0,"ENH1_2","ENH1_2_Cenothus oliganthus"
"914","matrix","ENH1","2","Eriodictyon crassifolium","seedling",0,"ENH1_2","ENH1_2_Eriodictyon crassifolium"
"915","matrix","ENH1","2","Eriogonum fasciculatum","seedling",0,"ENH1_2","ENH1_2_Eriogonum fasciculatum"
"916","matrix","ENH1","2","Heteromeles arbutifolia","seedling",0,"ENH1_2","ENH1_2_Heteromeles arbutifolia"
"917","matrix","ENH1","2","Malacothamnus fasciculatus","seedling",1,"ENH1_2","ENH1_2_Malacothamnus fasciculatus"
"918","matrix","ENH1","2","Rhamnus ilicifolia","seedling",0,"ENH1_2","ENH1_2_Rhamnus ilicifolia"
"919","matrix","ENH1","2","Rhus ovata","seedling",0,"ENH1_2","ENH1_2_Rhus ovata"
"920","matrix","ENH1","2","Salvia apiana","seedling",0,"ENH1_2","ENH1_2_Salvia apiana"
"921","matrix","ENH1","2","Salvia leucophylla","seedling",0,"ENH1_2","ENH1_2_Salvia leucophylla"
"922","matrix","ENH1","2","Sambucus mexicana","seedling",0,"ENH1_2","ENH1_2_Sambucus mexicana"
"923","matrix","ENH1","2","unknown5 shrub","seedling",0,"ENH1_2","ENH1_2_unknown5 shrub"
"924","matrix","ENH1","3","Artemisia californica","seedling",0,"ENH1_3","ENH1_3_Artemisia californica"
"925","matrix","ENH1","3","Baccharis pilularis","seedling",0,"ENH1_3","ENH1_3_Baccharis pilularis"
"926","matrix","ENH1","3","Cenothus oliganthus","seedling",0,"ENH1_3","ENH1_3_Cenothus oliganthus"
"927","matrix","ENH1","3","Eriodictyon crassifolium","seedling",1,"ENH1_3","ENH1_3_Eriodictyon crassifolium"
"928","matrix","ENH1","3","Eriogonum fasciculatum","seedling",0,"ENH1_3","ENH1_3_Eriogonum fasciculatum"
"929","matrix","ENH1","3","Heteromeles arbutifolia","seedling",0,"ENH1_3","ENH1_3_Heteromeles arbutifolia"
"930","matrix","ENH1","3","Malacothamnus fasciculatus","seedling",2,"ENH1_3","ENH1_3_Malacothamnus fasciculatus"
"931","matrix","ENH1","3","Rhamnus ilicifolia","seedling",0,"ENH1_3","ENH1_3_Rhamnus ilicifolia"
"932","matrix","ENH1","3","Rhus ovata","seedling",0,"ENH1_3","ENH1_3_Rhus ovata"
"933","matrix","ENH1","3","Salvia apiana","seedling",0,"ENH1_3","ENH1_3_Salvia apiana"
"934","matrix","ENH1","3","Salvia leucophylla","seedling",0,"ENH1_3","ENH1_3_Salvia leucophylla"
"935","matrix","ENH1","3","Sambucus mexicana","seedling",0,"ENH1_3","ENH1_3_Sambucus mexicana"
"936","matrix","ENH1","3","unknown5 shrub","seedling",0,"ENH1_3","ENH1_3_unknown5 shrub"
"937","matrix","ENH2","4","Artemisia californica","seedling",0,"ENH2_4","ENH2_4_Artemisia californica"
"938","matrix","ENH2","4","Baccharis pilularis","seedling",0,"ENH2_4","ENH2_4_Baccharis pilularis"
"939","matrix","ENH2","4","Cenothus oliganthus","seedling",0,"ENH2_4","ENH2_4_Cenothus oliganthus"
"940","matrix","ENH2","4","Eriodictyon crassifolium","seedling",0,"ENH2_4","ENH2_4_Eriodictyon crassifolium"
"941","matrix","ENH2","4","Eriogonum fasciculatum","seedling",0,"ENH2_4","ENH2_4_Eriogonum fasciculatum"
"942","matrix","ENH2","4","Heteromeles arbutifolia","seedling",0,"ENH2_4","ENH2_4_Heteromeles arbutifolia"
"943","matrix","ENH2","4","Malacothamnus fasciculatus","seedling",1,"ENH2_4","ENH2_4_Malacothamnus fasciculatus"
"944","matrix","ENH2","4","Rhamnus ilicifolia","seedling",0,"ENH2_4","ENH2_4_Rhamnus ilicifolia"
"945","matrix","ENH2","4","Rhus ovata","seedling",0,"ENH2_4","ENH2_4_Rhus ovata"
"946","matrix","ENH2","4","Salvia apiana","seedling",0,"ENH2_4","ENH2_4_Salvia apiana"
"947","matrix","ENH2","4","Salvia leucophylla","seedling",0,"ENH2_4","ENH2_4_Salvia leucophylla"
"948","matrix","ENH2","4","Sambucus mexicana","seedling",0,"ENH2_4","ENH2_4_Sambucus mexicana"
"949","matrix","ENH2","4","unknown5 shrub","seedling",0,"ENH2_4","ENH2_4_unknown5 shrub"
"950","matrix","ENH2","5","Artemisia californica","seedling",0,"ENH2_5","ENH2_5_Artemisia californica"
"951","matrix","ENH2","5","Baccharis pilularis","seedling",0,"ENH2_5","ENH2_5_Baccharis pilularis"
"952","matrix","ENH2","5","Cenothus oliganthus","seedling",0,"ENH2_5","ENH2_5_Cenothus oliganthus"
"953","matrix","ENH2","5","Eriodictyon crassifolium","seedling",0,"ENH2_5","ENH2_5_Eriodictyon crassifolium"
"954","matrix","ENH2","5","Eriogonum fasciculatum","seedling",0,"ENH2_5","ENH2_5_Eriogonum fasciculatum"
"955","matrix","ENH2","5","Heteromeles arbutifolia","seedling",0,"ENH2_5","ENH2_5_Heteromeles arbutifolia"
"956","matrix","ENH2","5","Malacothamnus fasciculatus","seedling",0,"ENH2_5","ENH2_5_Malacothamnus fasciculatus"
"957","matrix","ENH2","5","Rhamnus ilicifolia","seedling",0,"ENH2_5","ENH2_5_Rhamnus ilicifolia"
"958","matrix","ENH2","5","Rhus ovata","seedling",0,"ENH2_5","ENH2_5_Rhus ovata"
"959","matrix","ENH2","5","Salvia apiana","seedling",0,"ENH2_5","ENH2_5_Salvia apiana"
"960","matrix","ENH2","5","Salvia leucophylla","seedling",0,"ENH2_5","ENH2_5_Salvia leucophylla"
"961","matrix","ENH2","5","Sambucus mexicana","seedling",0,"ENH2_5","ENH2_5_Sambucus mexicana"
"962","matrix","ENH2","5","unknown5 shrub","seedling",0,"ENH2_5","ENH2_5_unknown5 shrub"
"963","matrix","ENH2","6","Artemisia californica","seedling",0,"ENH2_6","ENH2_6_Artemisia californica"
"964","matrix","ENH2","6","Baccharis pilularis","seedling",0,"ENH2_6","ENH2_6_Baccharis pilularis"
"965","matrix","ENH2","6","Cenothus oliganthus","seedling",0,"ENH2_6","ENH2_6_Cenothus oliganthus"
"966","matrix","ENH2","6","Eriodictyon crassifolium","seedling",0,"ENH2_6","ENH2_6_Eriodictyon crassifolium"
"967","matrix","ENH2","6","Eriogonum fasciculatum","seedling",0,"ENH2_6","ENH2_6_Eriogonum fasciculatum"
"968","matrix","ENH2","6","Heteromeles arbutifolia","seedling",0,"ENH2_6","ENH2_6_Heteromeles arbutifolia"
"969","matrix","ENH2","6","Malacothamnus fasciculatus","seedling",0,"ENH2_6","ENH2_6_Malacothamnus fasciculatus"
"970","matrix","ENH2","6","Rhamnus ilicifolia","seedling",0,"ENH2_6","ENH2_6_Rhamnus ilicifolia"
"971","matrix","ENH2","6","Rhus ovata","seedling",0,"ENH2_6","ENH2_6_Rhus ovata"
"972","matrix","ENH2","6","Salvia apiana","seedling",0,"ENH2_6","ENH2_6_Salvia apiana"
"973","matrix","ENH2","6","Salvia leucophylla","seedling",0,"ENH2_6","ENH2_6_Salvia leucophylla"
"974","matrix","ENH2","6","Sambucus mexicana","seedling",0,"ENH2_6","ENH2_6_Sambucus mexicana"
"975","matrix","ENH2","6","unknown5 shrub","seedling",0,"ENH2_6","ENH2_6_unknown5 shrub"
