Date,Site,ch1_site,ch1_transect,Transect No. ,Direction,speices,Number - for entering data purposes,Reproductive_code,Lifestage,Sci_Nomenclature,Reproductive?,Native/Non-native,Lifeform,Notes
16-Apr-19,DEG1,1,1,1,S -> N,ACMA,,,,Acmispon maritimus,,native,forb,
15-Apr-19,DEG2,2,1,1,N -> S,ACMA,,,,Acmispon maritimus,,native,forb,Belt transect ran from the top of the hill to the bottom of the hill
15-Apr-19,DEG2,2,3,3,N -> S,ACMA,,,,Acmispon maritimus,,native,forb,belt transect ran from the top of the hill to the bottom of the hill
24-Apr-19,Intact1,INT1,1,1,N -> S,Adiantum capillus-veneris,,,,Adiantum capillus-veneris,,native,forb,maidenhair fern
24-Apr-19,Intact2,INT2,1,2,NE -> SW,UNKNOWN POPPY LOOKING THING WITH WHITE FLOWERS,,,,Apiastrum angustifolium,,native,grass,
16-Apr-19,DEG1,1,1,1,S -> N,ARCA,1,Y,mature,Artemisia californica,Y,native,shrub,
16-Apr-19,DEG1,1,1,1,S -> N,ARCA,1,J,immature,Artemisia californica,N,native,shrub,
16-Apr-19,DEG1,1,1,1,S -> N,ARCA,2,Y,mature,Artemisia californica,Y,native,shrub,
16-Apr-19,DEG1,1,2,2,N -> S,ARCA,1,Y,mature,Artemisia californica,Y,native,shrub,didn't see evidence of flowers but it's big enough that it's likely reproductive
16-Apr-19,DEG1,1,2,2,N -> S,ARCA,2,Y,mature,Artemisia californica,Y,native,shrub,didn't see evidence of flowers but it's big enough that it's likely reproductive
16-Apr-19,DEG1,1,3,3,,ARCA,,J,immature,Artemisia californica,N,native,shrub,
16-Apr-19,DEG1,1,3,3,,ARCA,2,Y,mature,Artemisia californica,Y,native,shrub,
16-Apr-19,DEG1,1,3,3,,ARCA,1,Y,mature,Artemisia californica,Y,native,shrub,
15-Apr-19,DEG2,2,3,3,N -> S,ARCA,1,Y,mature,Artemisia californica,Y,native,shrub,belt transect ran from the top of the hill to the bottom of the hill
16-Apr-19,ENH1,1,4,1,W -> E,ARCA,1,Y,mature,Artemisia californica,Y,native,shrub,
16-Apr-19,ENH1,1,5,2,,ARCA,1,Y,mature,Artemisia californica,Y,native,shrub,
16-Apr-19,ENH1,1,5,2,,ARCA,1,J,immature,Artemisia californica,N,native,shrub,
16-Apr-19,ENH1,1,6,3,W -> E,ARCA,,Y,mature,Artemisia californica,Y,native,shrub,
15-Apr-19,ENH2,2,4,1,N -> S,ARCA,1,Y,mature,Artemisia californica,Y,native,shrub,
15-Apr-19,ENH2,2,4,1,N -> S,ARCA,2,Y,mature,Artemisia californica,Y,native,shrub,
15-Apr-19,ENH2,2,4,1,N -> S,ARCA,3,Y,mature,Artemisia californica,Y,native,shrub,
15-Apr-19,ENH2,2,5,2,NW -> SE,ARCA,,Y,mature,Artemisia californica,Y,native,shrub,
15-Apr-19,ENH2,2,5,2,NW -> SE,ARCA,,Y,mature,Artemisia californica,Y,native,shrub,
15-Apr-19,ENH2,2,6,3,E -> W,ARCA,1,Y,mature,Artemisia californica,Y,native,shrub,
15-Apr-19,ENH2,2,6,3,E -> W,ARCA,2,Y,mature,Artemisia californica,Y,native,shrub,
15-Apr-19,ENH2,2,6,3,E -> W,ARCA,3,Y,mature,Artemisia californica,Y,native,shrub,
24-Apr-19,Intact1,INT1,1,1,N -> S,ARCA,5,J,immature,Artemisia californica,N,native,shrub,
24-Apr-19,Intact1,INT1,1,1,N -> S,ARCA,4,J,immature,Artemisia californica,N,native,shrub,
24-Apr-19,Intact1,INT1,1,1,N -> S,ARCA,3,J,immature,Artemisia californica,N,native,shrub,
24-Apr-19,Intact1,INT1,1,1,N -> S,ARCA,2,J,immature,Artemisia californica,N,native,shrub,
24-Apr-19,Intact1,INT1,1,1,N -> S,ARCA,1,J,immature,Artemisia californica,N,native,shrub,
24-Apr-19,Intact1,INT1,1,1,N -> S,ARCA,6,J,immature,Artemisia californica,N,native,shrub,
24-Apr-19,Intact1,INT1,1,1,N -> S,ARCA,1,y,mature,Artemisia californica,Y,native,shrub,
24-Apr-19,Intact1,INT1,1,1,N -> S,ARCA,2,y,mature,Artemisia californica,Y,native,shrub,
24-Apr-19,Intact1,INT1,1,1,N -> S,ARCA,3,y,mature,Artemisia californica,Y,native,shrub,
24-Apr-19,Intact1,INT1,1,1,N -> S,ARCA,4,y,mature,Artemisia californica,Y,native,shrub,
24-Apr-19,Intact2,INT2,1,2,NE -> SW,ARCA,1,J,immature,Artemisia californica,N,native,shrub,
24-Apr-19,Intact2,INT2,1,2,NE -> SW,ARCA,2,J,immature,Artemisia californica,N,native,shrub,
24-Apr-19,Intact2,INT2,1,2,NE -> SW,ARCA,3,J,immature,Artemisia californica,N,native,shrub,
24-Apr-19,Intact2,INT2,1,2,NE -> SW,ARCA,4,J,immature,Artemisia californica,N,native,shrub,
24-Apr-19,Intact2,INT2,1,2,NE -> SW,ARCA,5,J,immature,Artemisia californica,N,native,shrub,
24-Apr-19,Intact2,INT2,1,2,NE -> SW,ARCA,6,J,immature,Artemisia californica,N,native,shrub,
24-Apr-19,Intact2,INT2,1,2,NE -> SW,ARCA,7,J,immature,Artemisia californica,N,native,shrub,
24-Apr-19,Intact2,INT2,1,2,NE -> SW,ARCA,1,S,seedling,Artemisia californica,N,native,shrub,
24-Apr-19,Intact2,INT2,1,2,NE -> SW,ARCA,1,Y,mature,Artemisia californica,Y,native,shrub,
24-Apr-19,Intact2,INT2,1,2,NE -> SW,ARCA,2,Y,mature,Artemisia californica,Y,native,shrub,
24-Apr-19,Intact2,INT2,1,2,NE -> SW,ARCA,3,Y,mature,Artemisia californica,Y,native,shrub,
24-Apr-19,Intact2,INT2,1,2,NE -> SW,ARCA,4,Y,mature,Artemisia californica,Y,native,shrub,
24-Apr-19,Intact2,INT2,1,2,NE -> SW,ARCA,5,Y,mature,Artemisia californica,Y,native,shrub,
24-Apr-19,Intact2,INT2,1,2,NE -> SW,ARCA,6,Y,mature,Artemisia californica,Y,native,shrub,
24-Apr-19,Intact2,INT2,1,2,NE -> SW,ARCA,7,Y,mature,Artemisia californica,Y,native,shrub,
24-Apr-19,Intact2,INT2,1,2,NE -> SW,ARCA,8,Y,mature,Artemisia californica,Y,native,shrub,
24-Apr-19,Intact2,INT2,1,2,NE -> SW,ARCA,9,Y,mature,Artemisia californica,Y,native,shrub,
24-Apr-19,Intact2,INT2,1,2,NE -> SW,ARCA,10,Y,mature,Artemisia californica,Y,native,shrub,
24-Apr-19,Intact2,INT2,1,2,NE -> SW,ARCA,11,Y,mature,Artemisia californica,Y,native,shrub,
24-Apr-19,Intact2,INT2,1,2,NE -> SW,ARCA,12,Y,mature,Artemisia californica,Y,native,shrub,
24-Apr-19,Intact2,INT2,1,2,NE -> SW,ARCA,13,Y,mature,Artemisia californica,Y,native,shrub,
24-Apr-19,Intact2,INT2,1,2,NE -> SW,ARCA,14,Y,mature,Artemisia californica,Y,native,shrub,
24-Apr-19,Intact2,INT2,1,2,NE -> SW,ARCA,15,Y,mature,Artemisia californica,Y,native,shrub,
24-Apr-19,Intact2,INT2,1,2,NE -> SW,ARCA,16,Y,mature,Artemisia californica,Y,native,shrub,
24-Apr-19,Intact2,INT2,1,2,NE -> SW,ARCA,17,Y,mature,Artemisia californica,Y,native,shrub,
24-Apr-19,Intact2,INT2,1,2,NE -> SW,ARCA,18,Y,mature,Artemisia californica,Y,native,shrub,
24-Apr-19,Intact2,INT2,1,2,NE -> SW,ARCA,19,Y,mature,Artemisia californica,Y,native,shrub,
24-Apr-19,Intact2,INT2,1,2,NE -> SW,ARCA,20,Y,mature,Artemisia californica,Y,native,shrub,
24-Apr-19,Intact2,INT2,1,2,NE -> SW,ARCA,21,Y,mature,Artemisia californica,Y,native,shrub,
24-Apr-19,Intact2,INT2,1,2,NE -> SW,ARCA,22,Y,mature,Artemisia californica,Y,native,shrub,
24-Apr-19,Intact2,INT2,1,2,NE -> SW,ARCA,23,Y,mature,Artemisia californica,Y,native,shrub,
24-Apr-19,Intact2,INT2,1,2,NE -> SW,ARCA,24,Y,mature,Artemisia californica,Y,native,shrub,
24-Apr-19,Intact2,INT2,1,2,NE -> SW,ARCA,25,Y,mature,Artemisia californica,Y,native,shrub,
24-Apr-19,Intact2,INT2,1,2,NE -> SW,ARCA,26,Y,mature,Artemisia californica,Y,native,shrub,
24-Apr-19,Intact2,INT2,1,2,NE -> SW,ARCA,1,D,dead,Artemisia californica,D,native,shrub,
17-Jun-19,Intact3,INT3,1,3,NE -> SW,ARCA,1,J,immature,Artemisia californica,N,native,shrub,
17-Jun-19,Intact3,INT3,1,3,NE -> SW,ARCA,2,J,immature,Artemisia californica,N,native,shrub,
17-Jun-19,Intact3,INT3,1,3,NE -> SW,ARCA,1,y,mature,Artemisia californica,Y,native,shrub,
17-Jun-19,Intact3,INT3,1,3,NE -> SW,ARCA,2,y,mature,Artemisia californica,Y,native,shrub,
17-Jun-19,Intact3,INT3,1,3,NE -> SW,ARCA,3,y,mature,Artemisia californica,Y,native,shrub,
17-Jun-19,Intact3,INT3,1,3,NE -> SW,ARCA,4,y,mature,Artemisia californica,Y,native,shrub,
17-Jun-19,Intact3,INT3,1,3,NE -> SW,ARCA,5,y,mature,Artemisia californica,Y,native,shrub,
17-Jun-19,Intact3,INT3,1,3,NE -> SW,ARCA,6,y,mature,Artemisia californica,Y,native,shrub,
16-Apr-19,ENH1,1,6,3,W -> E,ARCA,1,J,immature,Artemisia californica,N,native,shrub,
16-Apr-19,ENH1,1,6,3,W -> E,ARCA,1,Y,mature,Artemisia californica,Y,native,shrub,
16-Apr-19,ENH1,1,6,3,W -> E,ARCA,1,J,immature,Artemisia californica,N,native,shrub,
16-Apr-19,ENH1,1,6,3,W -> E,ARCA,1,Y,mature,Artemisia californica,Y,native,shrub,
16-Apr-19,DEG1,1,2,2,N -> S,Avena,,,,Avena barbata,,,,
16-Apr-19,ENH1,1,4,1,W -> E,avba,,,,Avena barbata,,,,
16-Apr-19,DEG1,1,1,1,S -> N,AVBA,,,,Avena spp.,,non-native,grass,
16-Apr-19,DEG1,1,3,3,,AVBA,,,,Avena barbata,,non-native,grass,
24-Apr-19,Intact1,INT1,1,1,N -> S,Avena,,,,Avena spp.,,non-native,grass,
16-Apr-19,DEG1,1,2,2,N -> S,BAPI,1,Y,mature,Baccharis pilularis,Y,native,shrub,
16-Apr-19,ENH1,1,6,3,W -> E,BAPI,1,R,resprout,Baccharis pilularis,N,native,shrub,
24-Apr-19,Intact1,INT1,1,1,N -> S,BRDI,,,,Bromus diandrus,,non-native,grass,
24-Apr-19,Intact2,INT2,1,2,NE -> SW,BRDI,,,,Bromus diandrus,,non-native,grass,
17-Jun-19,Intact3,INT3,1,3,NE -> SW,BRDI,,,,Bromus diandrus,,non-native,grass,
16-Apr-19,DEG1,1,3,3,,BRDI,,,,Bromus diandrus,,,,
16-Apr-19,ENH1,1,5,2,,brdi,,,,Bromus diandrus,,,,
17-Jun-19,Intact3,INT3,1,3,NE -> SW,BRHO,,,,Bromus hordeaceus,,non-native,grass,
17-Jun-19,Intact3,INT3,1,3,NE -> SW,BRMA,,,,Bromus madritensis,,non-native,grass,
16-Apr-19,DEG1,1,1,1,S -> N,BRRU,,,,Bromus rubens,,non-native,grass,
16-Apr-19,DEG1,1,3,3,,BRRU,,,,Bromus rubens,,non-native,grass,
24-Apr-19,Intact1,INT1,1,1,N -> S,BRRU,,,,Bromus rubens,,non-native,grass,
24-Apr-19,Intact2,INT2,1,2,NE -> SW,BRRU,,,,Bromus rubens,,non-native,grass,
16-Apr-19,DEG1,1,2,2,N -> S,BRRU,,,,Bromus rubens,,,,
16-Apr-19,ENH1,1,5,2,,brru,,,,Bromus rubens,,,,
16-Apr-19,ENH1,1,4,1,W -> E,brru,,,,Bromus rubens,,,,
16-Apr-19,ENH1,1,6,3,W -> E,brru,,,,Bromus rubens,,,,
16-Apr-19,ENH1,1,4,1,W -> E,CAL MACRO,,,,Calestigia macrostegia,,native,forb,
16-Apr-19,ENH1,1,4,1,W -> E,Calecordus unknown,,,,Calochortus clavatus,,native,forb,unknown - took a picture
24-Apr-19,Intact2,INT2,1,2,NE -> SW,CALICHORDUS,,,,Calochortus clavatus,,native,forb,
16-Apr-19,ENH1,1,6,3,W -> E,calychortuns,,,,Calochortus clavatus,,,,
24-Apr-19,Intact1,INT1,1,1,N -> S,Carduus pycnocephalus,,,,Carduus pycnocephalus,,native,forb,unknown 3 - spikie lettuce
17-Jun-19,Intact3,INT3,1,3,NE -> SW,PURPLE STAR THISTLE,,,,Carduus pycnocephalus,,non-native,forb,Centaurea calcitrapa
17-Jun-19,Intact3,INT3,1,3,NE -> SW,CEOL,1,J,immature,Cenothus oliganthus,N,native,shrub,
17-Jun-19,Intact3,INT3,1,3,NE -> SW,CEOL,1,y,mature,Cenothus oliganthus,Y,native,shrub,
24-Apr-19,Intact2,INT2,1,2,NE -> SW,STAR THISTLE CEME,,,,Centaurea melitensis,,non-native,forb,
16-Apr-19,ENH1,1,5,2,,ceme,,,,Centaurea melitensis,,,,
16-Apr-19,ENH1,1,4,1,W -> E,ceme,,,,Centaurea melitensis,,,,
16-Apr-19,ENH1,1,6,3,W -> E,ceme,,,,Centaurea melitensis,,,,
15-Apr-19,DEG2,2,2,2,S -> N,Blitum,,,,Chenopodium californicum,,native,forb,
15-Apr-19,DEG2,2,3,3,N -> S,Blitum,,,,Chenopodium californicum,,native,forb,belt transect ran from the top of the hill to the bottom of the hill
24-Apr-19,Intact1,INT1,1,1,N -> S,CHPO,,,,Chlorogalum pomeridianum,,native,forb,soap plant
16-Apr-19,ENH1,1,5,2,,miners lettuce,,,,Claytonia perfoliata,,native,forb,
24-Apr-19,Intact1,INT1,1,1,N -> S,Claytonia,,,,Claytonia perfoliata,,native,forb,miners lettuce
16-Apr-19,DEG1,1,1,1,S -> N,DICA,,,,Dipterostemon capitatus,,native,forb,
16-Apr-19,DEG1,1,2,2,N -> S,DICA,,,,Dipterostemon capitatus,,native,forb,
16-Apr-19,DEG1,1,3,3,,DICA,,,,Dipterostemon capitatus,,native,forb,
15-Apr-19,DEG2,2,1,1,N -> S,DICA,,,,Dipterostemon capitatus,,native,forb,
15-Apr-19,DEG2,2,2,2,S -> N,DICA,,,,Dipterostemon capitatus,,native,forb,
16-Apr-19,ENH1,1,4,1,W -> E,DICA,,,,Dipterostemon capitatus,,native,forb,
16-Apr-19,ENH1,1,5,2,,DICA,,,,Dipterostemon capitatus,,native,forb,
16-Apr-19,ENH1,1,6,3,W -> E,DICA,,,,Dipterostemon capitatus,,native,forb,
16-Apr-19,ENH1,1,5,2,,ELCO,,,,Elymus condensatus,,native,grass,
24-Apr-19,Intact2,INT2,1,2,NE -> SW,ELCO,,,,Elymus condensatus,,native,grass,
16-Apr-19,ENH1,1,6,3,W -> E,dead ERCR,1,D,dead,Eriodictyon crassifolium,D,native,shrub,
16-Apr-19,ENH1,1,6,3,W -> E,dead ERCR,2,D,dead,Eriodictyon crassifolium,D,native,shrub,
16-Apr-19,ENH1,1,6,3,W -> E,dead ERCR,1,D,dead,Eriodictyon crassifolium,D,native,shrub,
16-Apr-19,ENH1,1,6,3,W -> E,dead ERCR,2,D,dead,Eriodictyon crassifolium,D,native,shrub,
16-Apr-19,ENH1,1,6,3,W -> E,dead ERCR,1,D,dead,Eriodictyon crassifolium,D,native,shrub,
16-Apr-19,ENH1,1,6,3,W -> E,ERCR,,Y,mature,Eriodictyon crassifolium,Y,native,shrub,
16-Apr-19,ENH1,1,6,3,W -> E,ERCR,1,Y,mature,Eriodictyon crassifolium,Y,native,shrub,
16-Apr-19,ENH1,1,6,3,W -> E,ERCR,2,Y,mature,Eriodictyon crassifolium,Y,native,shrub,
16-Apr-19,ENH1,1,6,3,W -> E,ERCR,3,Y,mature,Eriodictyon crassifolium,Y,native,shrub,
16-Apr-19,ENH1,1,6,3,W -> E,ERCR,1,D,dead,Eriodictyon crassifolium,D,native,shrub,
16-Apr-19,ENH1,1,6,3,W -> E,ERCR,2,D,dead,Eriodictyon crassifolium,D,native,shrub,
17-Jun-19,Intact3,INT3,1,3,NE -> SW,ERCR,1,S,seedling,Eriodictyon californicum,N,native,shrub,
16-Apr-19,ENH1,1,6,3,W -> E,ERCR,3,D,dead,Eriodictyon crassifolium,D,native,shrub,
16-Apr-19,ENH1,1,6,3,W -> E,ERCR,1,D,dead,Eriodictyon crassifolium,D,native,shrub,
16-Apr-19,ENH1,1,6,3,W -> E,ERCR,2,D,dead,Eriodictyon crassifolium,D,native,shrub,
16-Apr-19,ENH1,1,6,3,W -> E,ERCR,3,D,dead,Eriodictyon crassifolium,D,native,shrub,
16-Apr-19,ENH1,1,6,3,W -> E,ERCR,4,D,dead,Eriodictyon crassifolium,D,native,shrub,
16-Apr-19,ENH1,1,6,3,W -> E,ERCR,1,Y,mature,Eriodictyon crassifolium,Y,native,shrub,
16-Apr-19,ENH1,1,6,3,W -> E,ERCR,2,Y,mature,Eriodictyon crassifolium,Y,native,shrub,
16-Apr-19,ENH1,1,6,3,W -> E,ERCR,,Y,mature,Eriodictyon crassifolium,Y,native,shrub,
16-Apr-19,ENH1,1,6,3,W -> E,ERCR,1,Y,mature,Eriodictyon crassifolium,Y,native,shrub,
16-Apr-19,ENH1,1,6,3,W -> E,ERCR,1,J,immature,Eriodictyon crassifolium,N,native,shrub,
16-Apr-19,ENH1,1,6,3,W -> E,ERCR,1,S,seedling,Eriodictyon crassifolium,N,native,shrub,
16-Apr-19,ENH1,1,6,3,W -> E,ERCR,1,J,immature,Eriodictyon crassifolium,N,native,shrub,
16-Apr-19,ENH1,1,6,3,W -> E,ERCR,2,J,immature,Eriodictyon crassifolium,N,native,shrub,
15-Apr-19,DEG2,2,1,1,N -> S,ERFA,,,,Eriogonum fasciculatum,,native,shrub,
16-Apr-19,DEG1,1,1,1,S -> N,ERCI,,,,Erodium cicutarium,,non-native,forb,
16-Apr-19,ENH1,1,5,2,,ERCI,,,,Erodium cicutarium,,non-native,forb,
16-Apr-19,ENH1,1,4,1,W -> E,erci,,,,Erodium cicutarium,,,,
16-Apr-19,ENH1,1,6,3,W -> E,erci,,,,Erodium cicutarium,,,,
24-Apr-19,Intact2,INT2,1,2,NE -> SW,ERODIUM,,,,Erodium spp.,,non-native,forb,
24-Apr-19,Intact2,INT2,1,2,NE -> SW,EUCRYPTA,,,,Eucrypta chrysanthemifolia,,native,forb,
24-Apr-19,Intact1,INT1,1,1,N -> S,Eucrypta chrysanthemifolia,,,,Eucrypta chrysanthemifolia,,native,forb,
17-Jun-19,Intact3,INT3,1,3,NE -> SW,EUCRYPTA CHRYSANTHEMIFOLIA,,,,Eucrypta chrysanthemifolia,,native,forb,
24-Apr-19,Intact1,INT1,1,1,N -> S,galium,,,,Galium porrigens,,native,forb,
24-Apr-19,Intact2,INT2,1,2,NE -> SW,GALIUM,,,,Galium porrigens,,native,forb,
16-Apr-19,ENH1,1,6,3,W -> E,galium,,,,Galium porrigens,,,,
24-Apr-19,Intact1,INT1,1,1,N -> S,HEAR,1,J,immature,Heteromeles arbutifolia,N,native,shrub,
24-Apr-19,Intact1,INT1,1,1,N -> S,HEAR,2,J,immature,Heteromeles arbutifolia,N,native,shrub,
24-Apr-19,Intact1,INT1,1,1,N -> S,HEAR,1,D,dead,Heteromeles arbutifolia,D,native,shrub,
24-Apr-19,Intact1,INT1,1,1,N -> S,HEAR,2,D,dead,Heteromeles arbutifolia,D,native,shrub,
24-Apr-19,Intact1,INT1,1,1,N -> S,HEAR,3,D,dead,Heteromeles arbutifolia,D,native,shrub,
24-Apr-19,Intact1,INT1,1,1,N -> S,HEAR,4,D,dead,Heteromeles arbutifolia,D,native,shrub,
24-Apr-19,Intact1,INT1,1,1,N -> S,HEAR,5,D,dead,Heteromeles arbutifolia,D,native,shrub,
24-Apr-19,Intact1,INT1,1,1,N -> S,HEAR,6,D,dead,Heteromeles arbutifolia,D,native,shrub,
24-Apr-19,Intact1,INT1,1,1,N -> S,HEAR,7,D,dead,Heteromeles arbutifolia,D,native,shrub,
24-Apr-19,Intact1,INT1,1,1,N -> S,HEAR,8,D,dead,Heteromeles arbutifolia,D,native,shrub,
24-Apr-19,Intact1,INT1,1,1,N -> S,HEAR,9,D,dead,Heteromeles arbutifolia,D,native,shrub,
24-Apr-19,Intact1,INT1,1,1,N -> S,HEAR,10,D,dead,Heteromeles arbutifolia,D,native,shrub,
24-Apr-19,Intact1,INT1,1,1,N -> S,HEAR,11,D,dead,Heteromeles arbutifolia,D,native,shrub,
24-Apr-19,Intact1,INT1,1,1,N -> S,HEAR,12,D,dead,Heteromeles arbutifolia,D,native,shrub,
24-Apr-19,Intact1,INT1,1,1,N -> S,HEAR,13,D,dead,Heteromeles arbutifolia,D,native,shrub,
24-Apr-19,Intact1,INT1,1,1,N -> S,HEAR,14,D,dead,Heteromeles arbutifolia,D,native,shrub,
24-Apr-19,Intact1,INT1,1,1,N -> S,HEAR,15,D,dead,Heteromeles arbutifolia,D,native,shrub,
24-Apr-19,Intact1,INT1,1,1,N -> S,HEAR,16,D,dead,Heteromeles arbutifolia,D,native,shrub,
24-Apr-19,Intact1,INT1,1,1,N -> S,HEAR,17,D,dead,Heteromeles arbutifolia,D,native,shrub,
24-Apr-19,Intact1,INT1,1,1,N -> S,HEAR,18,D,dead,Heteromeles arbutifolia,D,native,shrub,
24-Apr-19,Intact1,INT1,1,1,N -> S,HEAR,19,D,dead,Heteromeles arbutifolia,D,native,shrub,
24-Apr-19,Intact1,INT1,1,1,N -> S,HEAR,20,D,dead,Heteromeles arbutifolia,D,native,shrub,
24-Apr-19,Intact1,INT1,1,1,N -> S,HEAR,9,y,mature,Heteromeles arbutifolia,Y,native,shrub,
24-Apr-19,Intact1,INT1,1,1,N -> S,HEAR,8,y,mature,Heteromeles arbutifolia,Y,native,shrub,
24-Apr-19,Intact1,INT1,1,1,N -> S,HEAR,7,y,mature,Heteromeles arbutifolia,Y,native,shrub,
24-Apr-19,Intact1,INT1,1,1,N -> S,HEAR,6,y,mature,Heteromeles arbutifolia,Y,native,shrub,
24-Apr-19,Intact1,INT1,1,1,N -> S,HEAR,5,y,mature,Heteromeles arbutifolia,Y,native,shrub,
24-Apr-19,Intact1,INT1,1,1,N -> S,HEAR,1,y,mature,Heteromeles arbutifolia,Y,native,shrub,
24-Apr-19,Intact1,INT1,1,1,N -> S,HEAR,2,y,mature,Heteromeles arbutifolia,Y,native,shrub,
24-Apr-19,Intact1,INT1,1,1,N -> S,HEAR,3,y,mature,Heteromeles arbutifolia,Y,native,shrub,
24-Apr-19,Intact1,INT1,1,1,N -> S,HEAR,4,y,mature,Heteromeles arbutifolia,Y,native,shrub,
24-Apr-19,Intact2,INT2,1,2,NE -> SW,HEAR,1,J,immature,Heteromeles arbutifolia,N,native,shrub,
24-Apr-19,Intact2,INT2,1,2,NE -> SW,HEAR,1,Y,mature,Heteromeles arbutifolia,Y,native,shrub,
24-Apr-19,Intact2,INT2,1,2,NE -> SW,HEAR,2,Y,mature,Heteromeles arbutifolia,Y,native,shrub,
24-Apr-19,Intact2,INT2,1,2,NE -> SW,HEAR,3,Y,mature,Heteromeles arbutifolia,Y,native,shrub,
24-Apr-19,Intact2,INT2,1,2,NE -> SW,HEAR,4,Y,mature,Heteromeles arbutifolia,Y,native,shrub,
24-Apr-19,Intact2,INT2,1,2,NE -> SW,HEAR,5,Y,mature,Heteromeles arbutifolia,Y,native,shrub,
24-Apr-19,Intact2,INT2,1,2,NE -> SW,HEAR,6,Y,mature,Heteromeles arbutifolia,Y,native,shrub,
24-Apr-19,Intact2,INT2,1,2,NE -> SW,HEAR,7,Y,mature,Heteromeles arbutifolia,Y,native,shrub,
24-Apr-19,Intact2,INT2,1,2,NE -> SW,HEAR,8,Y,mature,Heteromeles arbutifolia,Y,native,shrub,
17-Jun-19,Intact3,INT3,1,3,NE -> SW,HEAR,1,J,immature,Heteromeles arbutifolia,N,native,shrub,
17-Jun-19,Intact3,INT3,1,3,NE -> SW,HEAR,2,J,immature,Heteromeles arbutifolia,N,native,shrub,
17-Jun-19,Intact3,INT3,1,3,NE -> SW,HEAR,1,y,mature,Heteromeles arbutifolia,Y,native,shrub,
17-Jun-19,Intact3,INT3,1,3,NE -> SW,HEAR,2,y,mature,Heteromeles arbutifolia,Y,native,shrub,
17-Jun-19,Intact3,INT3,1,3,NE -> SW,HEAR,3,y,mature,Heteromeles arbutifolia,Y,native,shrub,
17-Jun-19,Intact3,INT3,1,3,NE -> SW,HEAR,4,y,mature,Heteromeles arbutifolia,Y,native,shrub,
17-Jun-19,Intact3,INT3,1,3,NE -> SW,HEAR,5,y,mature,Heteromeles arbutifolia,Y,native,shrub,
17-Jun-19,Intact3,INT3,1,3,NE -> SW,HEAR,6,y,mature,Heteromeles arbutifolia,Y,native,shrub,
16-Apr-19,DEG1,1,1,1,S -> N,HIIN,,,,Hirschfeldia incana,,non-native,forb,
16-Apr-19,DEG1,1,3,3,,HIIN,,,,Hirschfeldia incana,,non-native,forb,
16-Apr-19,DEG1,1,2,2,N -> S,HIIN,,,,Hirschfeldia incana,,,,
16-Apr-19,ENH1,1,4,1,W -> E,hiin,,,,Hirschfeldia incana,,,,
16-Apr-19,ENH1,1,6,3,W -> E,hiin,,,,Hirschfeldia incana,,,,
16-Apr-19,ENH1,1,4,1,W -> E,lupinus bicolor? Lupin,,,,Lupinus bicolor,,native,forb,have picture of L. succulentus and bicolor
16-Apr-19,DEG1,1,2,2,N -> S,lupinus skinny leaf,,,,Lupinus bicolor,,native,forb,originally ided as Lupinus bicolor; looked at photos on 8/4/2025 and we had both succulentus and bicolor
16-Apr-19,DEG1,1,1,1,S -> N,lupin,,,,Lupinus bicolor,,native,forb,"labeled in a photo taken on april 16, 2019"
16-Apr-19,DEG1,1,3,3,,lupin,,,,Lupinus spp.,,native,forb,
15-Apr-19,DEG2,2,1,1,N -> S,lupin,,,,Lupinus spp.,,native,forb,
16-Apr-19,ENH1,1,5,2,,lupin,,,,Lupinus spp.,,native,forb,
16-Apr-19,ENH1,1,6,3,W -> E,lupin,,,,Lupinus spp.,,native,forb,
16-Apr-19,DEG1,1,2,2,N -> S,lupinus bicolor,,,,Lupinus succulentus,,native,forb,originally ided as Lupinus bicolor; looked at photos on 8/4/2025 and we had both succulentus and bicolor
16-Apr-19,ENH1,1,4,1,W -> E,Lupinus succulentus? sparsiflorus?,,,,,,native,forb,Lupinus succulentus: have picture of L. succulentus and bicolor <- but the pictures are from DEG1 transect 1
16-Apr-19,ENH1,1,6,3,W -> E,dead MAFA,1,D,dead,Malacothamnus fasciculatus,D,native,shrub,
16-Apr-19,ENH1,1,6,3,W -> E,dead MAFA,1,D,dead,Malacothamnus fasciculatus,D,native,shrub,
16-Apr-19,ENH1,1,6,3,W -> E,dead MAFA,2,D,dead,Malacothamnus fasciculatus,D,native,shrub,
16-Apr-19,ENH1,1,6,3,W -> E,dead MAFA,3,D,dead,Malacothamnus fasciculatus,D,native,shrub,
16-Apr-19,ENH1,1,6,3,W -> E,dead MAFA,4,D,dead,Malacothamnus fasciculatus,D,native,shrub,
16-Apr-19,ENH1,1,6,3,W -> E,dead MAFA,1,D,dead,Malacothamnus fasciculatus,D,native,shrub,
16-Apr-19,ENH1,1,6,3,W -> E,dead MAFA,2,D,dead,Malacothamnus fasciculatus,D,native,shrub,
16-Apr-19,ENH1,1,6,3,W -> E,dead MAFA,1,D,dead,Malacothamnus fasciculatus,D,native,shrub,
16-Apr-19,ENH1,1,6,3,W -> E,dead MAFA,2,D,dead,Malacothamnus fasciculatus,D,native,shrub,
16-Apr-19,ENH1,1,6,3,W -> E,dead MAFA,3,D,dead,Malacothamnus fasciculatus,D,native,shrub,
16-Apr-19,ENH1,1,6,3,W -> E,dead MAFA,4,D,dead,Malacothamnus fasciculatus,D,native,shrub,
16-Apr-19,ENH1,1,6,3,W -> E,dead MAFA,5,D,dead,Malacothamnus fasciculatus,D,native,shrub,
16-Apr-19,ENH1,1,6,3,W -> E,dead MAFA,1,D,dead,Malacothamnus fasciculatus,D,native,shrub,
16-Apr-19,ENH1,1,6,3,W -> E,dead MAFA,2,D,dead,Malacothamnus fasciculatus,D,native,shrub,
16-Apr-19,ENH1,1,6,3,W -> E,dead MAFA,3,D,dead,Malacothamnus fasciculatus,D,native,shrub,
16-Apr-19,ENH1,1,6,3,W -> E,dead MAFA,1,D,dead,Malacothamnus fasciculatus,D,native,shrub,
16-Apr-19,ENH1,1,6,3,W -> E,dead MAFA,2,D,dead,Malacothamnus fasciculatus,D,native,shrub,
16-Apr-19,ENH1,1,6,3,W -> E,dead MAFA,3,D,dead,Malacothamnus fasciculatus,D,native,shrub,
16-Apr-19,ENH1,1,6,3,W -> E,dead MAFA,1,D,dead,Malacothamnus fasciculatus,D,native,shrub,
16-Apr-19,ENH1,1,6,3,W -> E,dead MAFA,2,D,dead,Malacothamnus fasciculatus,D,native,shrub,
16-Apr-19,ENH1,1,6,3,W -> E,dead MAFA,3,D,dead,Malacothamnus fasciculatus,D,native,shrub,
16-Apr-19,ENH1,1,6,3,W -> E,dead MAFA,1,D,dead,Malacothamnus fasciculatus,D,native,shrub,
16-Apr-19,ENH1,1,6,3,W -> E,dead MAFA,2,D,dead,Malacothamnus fasciculatus,D,native,shrub,
16-Apr-19,ENH1,1,6,3,W -> E,dead MAFA,3,D,dead,Malacothamnus fasciculatus,D,native,shrub,
16-Apr-19,ENH1,1,6,3,W -> E,dead MAFA,1,D,dead,Malacothamnus fasciculatus,D,native,shrub,
16-Apr-19,ENH1,1,6,3,W -> E,dead MAFA,2,D,dead,Malacothamnus fasciculatus,D,native,shrub,
16-Apr-19,ENH1,1,6,3,W -> E,dead MAFA,1,D,dead,Malacothamnus fasciculatus,D,native,shrub,
16-Apr-19,ENH1,1,6,3,W -> E,dead MAFA,2,D,dead,Malacothamnus fasciculatus,D,native,shrub,
16-Apr-19,ENH1,1,6,3,W -> E,dead MAFA,1,D,dead,Malacothamnus fasciculatus,D,native,shrub,
16-Apr-19,ENH1,1,6,3,W -> E,dead MAFA,2,D,dead,Malacothamnus fasciculatus,D,native,shrub,
16-Apr-19,ENH1,1,6,3,W -> E,dead MAFA,3,D,dead,Malacothamnus fasciculatus,D,native,shrub,
16-Apr-19,ENH1,1,6,3,W -> E,dead MAFA,1,D,dead,Malacothamnus fasciculatus,D,native,shrub,
16-Apr-19,ENH1,1,6,3,W -> E,dead MAFA,2,D,dead,Malacothamnus fasciculatus,D,native,shrub,
16-Apr-19,ENH1,1,6,3,W -> E,dead MAFA,3,D,dead,Malacothamnus fasciculatus,D,native,shrub,
16-Apr-19,ENH1,1,6,3,W -> E,dead MAFA,4,D,dead,Malacothamnus fasciculatus,D,native,shrub,
16-Apr-19,ENH1,1,6,3,W -> E,dead MAFA,5,D,dead,Malacothamnus fasciculatus,D,native,shrub,
16-Apr-19,ENH1,1,6,3,W -> E,dead MAFA,6,D,dead,Malacothamnus fasciculatus,D,native,shrub,
16-Apr-19,ENH1,1,6,3,W -> E,dead MAFA,7,D,dead,Malacothamnus fasciculatus,D,native,shrub,
16-Apr-19,ENH1,1,6,3,W -> E,dead MAFA,8,D,dead,Malacothamnus fasciculatus,D,native,shrub,
16-Apr-19,ENH1,1,6,3,W -> E,dead MAFA,9,D,dead,Malacothamnus fasciculatus,D,native,shrub,
16-Apr-19,ENH1,1,6,3,W -> E,dead MAFA,1,D,dead,Malacothamnus fasciculatus,D,native,shrub,
16-Apr-19,ENH1,1,6,3,W -> E,dead MAFA,2,D,dead,Malacothamnus fasciculatus,D,native,shrub,
16-Apr-19,ENH1,1,6,3,W -> E,dead MAFA,3,D,dead,Malacothamnus fasciculatus,D,native,shrub,
16-Apr-19,ENH1,1,6,3,W -> E,dead MAFA,4,D,dead,Malacothamnus fasciculatus,D,native,shrub,
16-Apr-19,ENH1,1,6,3,W -> E,dead MAFA,1,D,dead,Malacothamnus fasciculatus,D,native,shrub,
16-Apr-19,ENH1,1,6,3,W -> E,dead MAFA,2,D,dead,Malacothamnus fasciculatus,D,native,shrub,
16-Apr-19,ENH1,1,6,3,W -> E,dead MAFA,3,D,dead,Malacothamnus fasciculatus,D,native,shrub,
16-Apr-19,ENH1,1,6,3,W -> E,dead MAFA,4,D,dead,Malacothamnus fasciculatus,D,native,shrub,
16-Apr-19,ENH1,1,6,3,W -> E,dead MAFA,5,D,dead,Malacothamnus fasciculatus,D,native,shrub,
16-Apr-19,ENH1,1,6,3,W -> E,dead MAFA,6,D,dead,Malacothamnus fasciculatus,D,native,shrub,
16-Apr-19,ENH1,1,6,3,W -> E,dead MAFA,7,D,dead,Malacothamnus fasciculatus,D,native,shrub,
16-Apr-19,ENH1,1,6,3,W -> E,dead MAFA,8,D,dead,Malacothamnus fasciculatus,D,native,shrub,
16-Apr-19,ENH1,1,6,3,W -> E,dead MAFA,9,D,dead,Malacothamnus fasciculatus,D,native,shrub,
16-Apr-19,ENH1,1,6,3,W -> E,dead MAFA,10,D,dead,Malacothamnus fasciculatus,D,native,shrub,
16-Apr-19,ENH1,1,6,3,W -> E,dead MAFA,11,D,dead,Malacothamnus fasciculatus,D,native,shrub,
16-Apr-19,ENH1,1,6,3,W -> E,dead MAFA,12,D,dead,Malacothamnus fasciculatus,D,native,shrub,
16-Apr-19,ENH1,1,6,3,W -> E,dead MAFA,13,D,dead,Malacothamnus fasciculatus,D,native,shrub,
16-Apr-19,ENH1,1,6,3,W -> E,dead MAFA,14,D,dead,Malacothamnus fasciculatus,D,native,shrub,
16-Apr-19,ENH1,1,6,3,W -> E,dead MAFA,15,D,dead,Malacothamnus fasciculatus,D,native,shrub,
16-Apr-19,ENH1,1,6,3,W -> E,dead MAFA,16,D,dead,Malacothamnus fasciculatus,D,native,shrub,
16-Apr-19,ENH1,1,6,3,W -> E,dead MAFA,17,D,dead,Malacothamnus fasciculatus,D,native,shrub,
16-Apr-19,ENH1,1,6,3,W -> E,dead MAFA,18,D,dead,Malacothamnus fasciculatus,D,native,shrub,
16-Apr-19,ENH1,1,6,3,W -> E,dead MAFA,19,D,dead,Malacothamnus fasciculatus,D,native,shrub,
16-Apr-19,ENH1,1,6,3,W -> E,dead MAFA,20,D,dead,Malacothamnus fasciculatus,D,native,shrub,
16-Apr-19,ENH1,1,6,3,W -> E,dead MAFA,21,D,dead,Malacothamnus fasciculatus,D,native,shrub,
16-Apr-19,ENH1,1,6,3,W -> E,dead MAFA,22,D,dead,Malacothamnus fasciculatus,D,native,shrub,
16-Apr-19,ENH1,1,6,3,W -> E,dead MAFA,23,D,dead,Malacothamnus fasciculatus,D,native,shrub,
16-Apr-19,ENH1,1,6,3,W -> E,dead MAFA,24,D,dead,Malacothamnus fasciculatus,D,native,shrub,
16-Apr-19,ENH1,1,6,3,W -> E,dead MAFA,25,D,dead,Malacothamnus fasciculatus,D,native,shrub,
16-Apr-19,ENH1,1,6,3,W -> E,dead MAFA,26,D,dead,Malacothamnus fasciculatus,D,native,shrub,
16-Apr-19,ENH1,1,6,3,W -> E,dead MAFA,27,D,dead,Malacothamnus fasciculatus,D,native,shrub,
16-Apr-19,ENH1,1,6,3,W -> E,dead MAFA,28,D,dead,Malacothamnus fasciculatus,D,native,shrub,
16-Apr-19,ENH1,1,6,3,W -> E,dead MAFA,29,D,dead,Malacothamnus fasciculatus,D,native,shrub,
16-Apr-19,ENH1,1,6,3,W -> E,dead MAFA,30,D,dead,Malacothamnus fasciculatus,D,native,shrub,
16-Apr-19,ENH1,1,6,3,W -> E,dead MAFA,31,D,dead,Malacothamnus fasciculatus,D,native,shrub,
16-Apr-19,ENH1,1,6,3,W -> E,dead MAFA,32,D,dead,Malacothamnus fasciculatus,D,native,shrub,
16-Apr-19,ENH1,1,6,3,W -> E,dead MAFA,33,D,dead,Malacothamnus fasciculatus,D,native,shrub,
16-Apr-19,ENH1,1,6,3,W -> E,dead MAFA,34,D,dead,Malacothamnus fasciculatus,D,native,shrub,
16-Apr-19,ENH1,1,6,3,W -> E,dead MAFA,35,D,dead,Malacothamnus fasciculatus,D,native,shrub,
16-Apr-19,ENH1,1,6,3,W -> E,dead MAFA,36,D,dead,Malacothamnus fasciculatus,D,native,shrub,
16-Apr-19,ENH1,1,6,3,W -> E,dead MAFA,37,D,dead,Malacothamnus fasciculatus,D,native,shrub,
16-Apr-19,ENH1,1,6,3,W -> E,dead MAFA,38,D,dead,Malacothamnus fasciculatus,D,native,shrub,
16-Apr-19,ENH1,1,6,3,W -> E,dead MAFA,39,D,dead,Malacothamnus fasciculatus,D,native,shrub,
16-Apr-19,ENH1,1,6,3,W -> E,dead MAFA,40,D,dead,Malacothamnus fasciculatus,D,native,shrub,
16-Apr-19,ENH1,1,6,3,W -> E,dead MAFA,41,D,dead,Malacothamnus fasciculatus,D,native,shrub,
16-Apr-19,ENH1,1,6,3,W -> E,dead MAFA,42,D,dead,Malacothamnus fasciculatus,D,native,shrub,
16-Apr-19,ENH1,1,6,3,W -> E,dead MAFA,43,D,dead,Malacothamnus fasciculatus,D,native,shrub,
16-Apr-19,ENH1,1,6,3,W -> E,dead MAFA,44,D,dead,Malacothamnus fasciculatus,D,native,shrub,
16-Apr-19,ENH1,1,6,3,W -> E,dead MAFA,45,D,dead,Malacothamnus fasciculatus,D,native,shrub,
16-Apr-19,ENH1,1,6,3,W -> E,dead MAFA,46,D,dead,Malacothamnus fasciculatus,D,native,shrub,
16-Apr-19,ENH1,1,6,3,W -> E,dead MAFA,47,D,dead,Malacothamnus fasciculatus,D,native,shrub,
16-Apr-19,ENH1,1,6,3,W -> E,dead MAFA,48,D,dead,Malacothamnus fasciculatus,D,native,shrub,
16-Apr-19,ENH1,1,6,3,W -> E,dead MAFA,49,D,dead,Malacothamnus fasciculatus,D,native,shrub,
16-Apr-19,ENH1,1,6,3,W -> E,dead MAFA,50,D,dead,Malacothamnus fasciculatus,D,native,shrub,
16-Apr-19,ENH1,1,6,3,W -> E,dead MAFA,51,D,dead,Malacothamnus fasciculatus,D,native,shrub,
16-Apr-19,ENH1,1,6,3,W -> E,dead MAFA,52,D,dead,Malacothamnus fasciculatus,D,native,shrub,
16-Apr-19,ENH1,1,6,3,W -> E,dead MAFA,53,D,dead,Malacothamnus fasciculatus,D,native,shrub,
16-Apr-19,ENH1,1,6,3,W -> E,dead MAFA,54,D,dead,Malacothamnus fasciculatus,D,native,shrub,
16-Apr-19,ENH1,1,6,3,W -> E,dead MAFA,55,D,dead,Malacothamnus fasciculatus,D,native,shrub,
16-Apr-19,ENH1,1,6,3,W -> E,dead MAFA,56,D,dead,Malacothamnus fasciculatus,D,native,shrub,
16-Apr-19,ENH1,1,6,3,W -> E,dead MAFA,57,D,dead,Malacothamnus fasciculatus,D,native,shrub,
16-Apr-19,ENH1,1,6,3,W -> E,dead MAFA,58,D,dead,Malacothamnus fasciculatus,D,native,shrub,
16-Apr-19,ENH1,1,6,3,W -> E,dead MAFA,59,D,dead,Malacothamnus fasciculatus,D,native,shrub,
16-Apr-19,ENH1,1,6,3,W -> E,dead MAFA,60,D,dead,Malacothamnus fasciculatus,D,native,shrub,
16-Apr-19,ENH1,1,6,3,W -> E,dead MAFA,61,D,dead,Malacothamnus fasciculatus,D,native,shrub,
16-Apr-19,ENH1,1,6,3,W -> E,dead MAFA,62,D,dead,Malacothamnus fasciculatus,D,native,shrub,
16-Apr-19,ENH1,1,6,3,W -> E,dead MAFA,63,D,dead,Malacothamnus fasciculatus,D,native,shrub,
16-Apr-19,ENH1,1,6,3,W -> E,dead MAFA,64,D,dead,Malacothamnus fasciculatus,D,native,shrub,
16-Apr-19,ENH1,1,6,3,W -> E,dead MAFA,65,D,dead,Malacothamnus fasciculatus,D,native,shrub,
16-Apr-19,ENH1,1,6,3,W -> E,dead MAFA,66,D,dead,Malacothamnus fasciculatus,D,native,shrub,
16-Apr-19,ENH1,1,6,3,W -> E,dead MAFA,67,D,dead,Malacothamnus fasciculatus,D,native,shrub,
16-Apr-19,ENH1,1,6,3,W -> E,dead MAFA,68,D,dead,Malacothamnus fasciculatus,D,native,shrub,
16-Apr-19,ENH1,1,6,3,W -> E,dead MAFA,69,D,dead,Malacothamnus fasciculatus,D,native,shrub,
16-Apr-19,ENH1,1,6,3,W -> E,dead MAFA,70,D,dead,Malacothamnus fasciculatus,D,native,shrub,
16-Apr-19,ENH1,1,6,3,W -> E,dead MAFA,71,D,dead,Malacothamnus fasciculatus,D,native,shrub,
16-Apr-19,ENH1,1,6,3,W -> E,dead MAFA,72,D,dead,Malacothamnus fasciculatus,D,native,shrub,
16-Apr-19,ENH1,1,6,3,W -> E,dead MAFA,73,D,dead,Malacothamnus fasciculatus,D,native,shrub,
16-Apr-19,ENH1,1,6,3,W -> E,dead MAFA,74,D,dead,Malacothamnus fasciculatus,D,native,shrub,
16-Apr-19,ENH1,1,6,3,W -> E,dead MAFA,75,D,dead,Malacothamnus fasciculatus,D,native,shrub,
16-Apr-19,ENH1,1,6,3,W -> E,dead MAFA,76,D,dead,Malacothamnus fasciculatus,D,native,shrub,
16-Apr-19,ENH1,1,6,3,W -> E,dead MAFA,77,D,dead,Malacothamnus fasciculatus,D,native,shrub,
16-Apr-19,ENH1,1,6,3,W -> E,dead MAFA,78,D,dead,Malacothamnus fasciculatus,D,native,shrub,
16-Apr-19,ENH1,1,6,3,W -> E,dead MAFA,79,D,dead,Malacothamnus fasciculatus,D,native,shrub,
16-Apr-19,ENH1,1,6,3,W -> E,dead MAFA,80,D,dead,Malacothamnus fasciculatus,D,native,shrub,
16-Apr-19,ENH1,1,6,3,W -> E,dead MAFA,81,D,dead,Malacothamnus fasciculatus,D,native,shrub,
16-Apr-19,ENH1,1,6,3,W -> E,dead MAFA,82,D,dead,Malacothamnus fasciculatus,D,native,shrub,
16-Apr-19,ENH1,1,6,3,W -> E,dead MAFA,83,D,dead,Malacothamnus fasciculatus,D,native,shrub,
16-Apr-19,ENH1,1,6,3,W -> E,dead MAFA,84,D,dead,Malacothamnus fasciculatus,D,native,shrub,
16-Apr-19,ENH1,1,6,3,W -> E,dead MAFA,85,D,dead,Malacothamnus fasciculatus,D,native,shrub,
16-Apr-19,ENH1,1,6,3,W -> E,dead MAFA,86,D,dead,Malacothamnus fasciculatus,D,native,shrub,
16-Apr-19,ENH1,1,6,3,W -> E,dead MAFA,87,D,dead,Malacothamnus fasciculatus,D,native,shrub,
16-Apr-19,ENH1,1,6,3,W -> E,dead MAFA,88,D,dead,Malacothamnus fasciculatus,D,native,shrub,
16-Apr-19,ENH1,1,6,3,W -> E,dead MAFA,89,D,dead,Malacothamnus fasciculatus,D,native,shrub,
16-Apr-19,ENH1,1,6,3,W -> E,dead MAFA,90,D,dead,Malacothamnus fasciculatus,D,native,shrub,
16-Apr-19,ENH1,1,6,3,W -> E,dead MAFA,91,D,dead,Malacothamnus fasciculatus,D,native,shrub,
16-Apr-19,ENH1,1,6,3,W -> E,dead MAFA,92,D,dead,Malacothamnus fasciculatus,D,native,shrub,
16-Apr-19,ENH1,1,6,3,W -> E,dead MAFA,93,D,dead,Malacothamnus fasciculatus,D,native,shrub,
16-Apr-19,ENH1,1,6,3,W -> E,dead MAFA,94,D,dead,Malacothamnus fasciculatus,D,native,shrub,
16-Apr-19,ENH1,1,6,3,W -> E,dead MAFA,95,D,dead,Malacothamnus fasciculatus,D,native,shrub,
16-Apr-19,ENH1,1,6,3,W -> E,dead MAFA,96,D,dead,Malacothamnus fasciculatus,D,native,shrub,
16-Apr-19,ENH1,1,6,3,W -> E,dead MAFA,97,D,dead,Malacothamnus fasciculatus,D,native,shrub,
16-Apr-19,ENH1,1,6,3,W -> E,dead MAFA,98,D,dead,Malacothamnus fasciculatus,D,native,shrub,
16-Apr-19,ENH1,1,6,3,W -> E,dead MAFA,99,D,dead,Malacothamnus fasciculatus,D,native,shrub,
16-Apr-19,ENH1,1,6,3,W -> E,dead MAFA,100,D,dead,Malacothamnus fasciculatus,D,native,shrub,
16-Apr-19,ENH1,1,6,3,W -> E,dead MAFA,101,D,dead,Malacothamnus fasciculatus,D,native,shrub,
16-Apr-19,ENH1,1,6,3,W -> E,dead MAFA,102,D,dead,Malacothamnus fasciculatus,D,native,shrub,
16-Apr-19,ENH1,1,6,3,W -> E,dead MAFA,103,D,dead,Malacothamnus fasciculatus,D,native,shrub,
16-Apr-19,ENH1,1,6,3,W -> E,dead MAFA,104,D,dead,Malacothamnus fasciculatus,D,native,shrub,
16-Apr-19,ENH1,1,6,3,W -> E,dead MAFA,105,D,dead,Malacothamnus fasciculatus,D,native,shrub,
16-Apr-19,ENH1,1,6,3,W -> E,dead MAFA,106,D,dead,Malacothamnus fasciculatus,D,native,shrub,
16-Apr-19,ENH1,1,6,3,W -> E,dead MAFA,107,D,dead,Malacothamnus fasciculatus,D,native,shrub,
16-Apr-19,ENH1,1,6,3,W -> E,dead MAFA,108,D,dead,Malacothamnus fasciculatus,D,native,shrub,
16-Apr-19,ENH1,1,6,3,W -> E,dead MAFA,109,D,dead,Malacothamnus fasciculatus,D,native,shrub,
16-Apr-19,ENH1,1,6,3,W -> E,dead MAFA,110,D,dead,Malacothamnus fasciculatus,D,native,shrub,
16-Apr-19,ENH1,1,6,3,W -> E,dead MAFA,111,D,dead,Malacothamnus fasciculatus,D,native,shrub,
16-Apr-19,ENH1,1,6,3,W -> E,dead MAFA,112,D,dead,Malacothamnus fasciculatus,D,native,shrub,
16-Apr-19,ENH1,1,6,3,W -> E,dead MAFA,113,D,dead,Malacothamnus fasciculatus,D,native,shrub,
16-Apr-19,ENH1,1,6,3,W -> E,dead MAFA,114,D,dead,Malacothamnus fasciculatus,D,native,shrub,
16-Apr-19,ENH1,1,6,3,W -> E,dead MAFA,115,D,dead,Malacothamnus fasciculatus,D,native,shrub,
16-Apr-19,ENH1,1,6,3,W -> E,dead MAFA,116,D,dead,Malacothamnus fasciculatus,D,native,shrub,
16-Apr-19,ENH1,1,6,3,W -> E,dead MAFA,117,D,dead,Malacothamnus fasciculatus,D,native,shrub,
16-Apr-19,ENH1,1,6,3,W -> E,dead MAFA,118,D,dead,Malacothamnus fasciculatus,D,native,shrub,
16-Apr-19,ENH1,1,6,3,W -> E,dead MAFA,119,D,dead,Malacothamnus fasciculatus,D,native,shrub,
16-Apr-19,ENH1,1,6,3,W -> E,dead MAFA,120,D,dead,Malacothamnus fasciculatus,D,native,shrub,
16-Apr-19,ENH1,1,6,3,W -> E,dead MAFA,121,D,dead,Malacothamnus fasciculatus,D,native,shrub,
16-Apr-19,ENH1,1,6,3,W -> E,dead MAFA,122,D,dead,Malacothamnus fasciculatus,D,native,shrub,
16-Apr-19,ENH1,1,6,3,W -> E,dead MAFA,123,D,dead,Malacothamnus fasciculatus,D,native,shrub,
16-Apr-19,ENH1,1,6,3,W -> E,dead MAFA,124,D,dead,Malacothamnus fasciculatus,D,native,shrub,
16-Apr-19,ENH1,1,6,3,W -> E,dead MAFA,125,D,dead,Malacothamnus fasciculatus,D,native,shrub,
16-Apr-19,ENH1,1,6,3,W -> E,dead MAFA,126,D,dead,Malacothamnus fasciculatus,D,native,shrub,
16-Apr-19,ENH1,1,6,3,W -> E,dead MAFA,127,D,dead,Malacothamnus fasciculatus,D,native,shrub,
16-Apr-19,ENH1,1,6,3,W -> E,dead MAFA,128,D,dead,Malacothamnus fasciculatus,D,native,shrub,
16-Apr-19,ENH1,1,6,3,W -> E,dead MAFA,129,D,dead,Malacothamnus fasciculatus,D,native,shrub,
16-Apr-19,ENH1,1,6,3,W -> E,dead MAFA,130,D,dead,Malacothamnus fasciculatus,D,native,shrub,
16-Apr-19,ENH1,1,6,3,W -> E,dead MAFA,131,D,dead,Malacothamnus fasciculatus,D,native,shrub,
16-Apr-19,ENH1,1,6,3,W -> E,dead MAFA,132,D,dead,Malacothamnus fasciculatus,D,native,shrub,
16-Apr-19,ENH1,1,6,3,W -> E,dead MAFA,133,D,dead,Malacothamnus fasciculatus,D,native,shrub,
16-Apr-19,ENH1,1,6,3,W -> E,dead MAFA,134,D,dead,Malacothamnus fasciculatus,D,native,shrub,
16-Apr-19,ENH1,1,6,3,W -> E,dead MAFA,135,D,dead,Malacothamnus fasciculatus,D,native,shrub,
16-Apr-19,ENH1,1,6,3,W -> E,dead MAFA,136,D,dead,Malacothamnus fasciculatus,D,native,shrub,
16-Apr-19,ENH1,1,6,3,W -> E,dead MAFA,137,D,dead,Malacothamnus fasciculatus,D,native,shrub,
16-Apr-19,ENH1,1,6,3,W -> E,dead MAFA,138,D,dead,Malacothamnus fasciculatus,D,native,shrub,
16-Apr-19,ENH1,1,6,3,W -> E,dead MAFA,139,D,dead,Malacothamnus fasciculatus,D,native,shrub,
16-Apr-19,ENH1,1,6,3,W -> E,dead MAFA,140,D,dead,Malacothamnus fasciculatus,D,native,shrub,
16-Apr-19,ENH1,1,6,3,W -> E,dead MAFA,141,D,dead,Malacothamnus fasciculatus,D,native,shrub,
16-Apr-19,ENH1,1,6,3,W -> E,dead MAFA,142,D,dead,Malacothamnus fasciculatus,D,native,shrub,
16-Apr-19,ENH1,1,6,3,W -> E,dead MAFA,143,D,dead,Malacothamnus fasciculatus,D,native,shrub,
16-Apr-19,ENH1,1,6,3,W -> E,dead MAFA,144,D,dead,Malacothamnus fasciculatus,D,native,shrub,
16-Apr-19,ENH1,1,6,3,W -> E,dead MAFA,145,D,dead,Malacothamnus fasciculatus,D,native,shrub,
16-Apr-19,ENH1,1,6,3,W -> E,dead MAFA,146,D,dead,Malacothamnus fasciculatus,D,native,shrub,
16-Apr-19,ENH1,1,6,3,W -> E,dead MAFA,147,D,dead,Malacothamnus fasciculatus,D,native,shrub,
16-Apr-19,ENH1,1,6,3,W -> E,dead MAFA,148,D,dead,Malacothamnus fasciculatus,D,native,shrub,
16-Apr-19,ENH1,1,6,3,W -> E,dead MAFA,149,D,dead,Malacothamnus fasciculatus,D,native,shrub,
16-Apr-19,ENH1,1,6,3,W -> E,dead MAFA,150,D,dead,Malacothamnus fasciculatus,D,native,shrub,
16-Apr-19,ENH1,1,6,3,W -> E,dead MAFA,151,D,dead,Malacothamnus fasciculatus,D,native,shrub,
16-Apr-19,ENH1,1,6,3,W -> E,dead MAFA,152,D,dead,Malacothamnus fasciculatus,D,native,shrub,
16-Apr-19,ENH1,1,6,3,W -> E,dead MAFA,153,D,dead,Malacothamnus fasciculatus,D,native,shrub,
16-Apr-19,ENH1,1,6,3,W -> E,dead MAFA,154,D,dead,Malacothamnus fasciculatus,D,native,shrub,
16-Apr-19,ENH1,1,6,3,W -> E,dead MAFA,155,D,dead,Malacothamnus fasciculatus,D,native,shrub,
16-Apr-19,ENH1,1,6,3,W -> E,dead MAFA,156,D,dead,Malacothamnus fasciculatus,D,native,shrub,
16-Apr-19,ENH1,1,6,3,W -> E,dead MAFA,157,D,dead,Malacothamnus fasciculatus,D,native,shrub,
16-Apr-19,ENH1,1,6,3,W -> E,dead MAFA,158,D,dead,Malacothamnus fasciculatus,D,native,shrub,
16-Apr-19,ENH1,1,6,3,W -> E,dead MAFA,159,D,dead,Malacothamnus fasciculatus,D,native,shrub,
16-Apr-19,ENH1,1,6,3,W -> E,dead MAFA,160,D,dead,Malacothamnus fasciculatus,D,native,shrub,
16-Apr-19,ENH1,1,6,3,W -> E,dead MAFA,161,D,dead,Malacothamnus fasciculatus,D,native,shrub,
16-Apr-19,ENH1,1,6,3,W -> E,dead MAFA,162,D,dead,Malacothamnus fasciculatus,D,native,shrub,
16-Apr-19,ENH1,1,6,3,W -> E,dead MAFA,163,D,dead,Malacothamnus fasciculatus,D,native,shrub,
16-Apr-19,ENH1,1,6,3,W -> E,dead MAFA,164,D,dead,Malacothamnus fasciculatus,D,native,shrub,
16-Apr-19,ENH1,1,6,3,W -> E,dead MAFA,165,D,dead,Malacothamnus fasciculatus,D,native,shrub,
16-Apr-19,ENH1,1,6,3,W -> E,dead MAFA,166,D,dead,Malacothamnus fasciculatus,D,native,shrub,
16-Apr-19,ENH1,1,6,3,W -> E,dead MAFA,167,D,dead,Malacothamnus fasciculatus,D,native,shrub,
16-Apr-19,ENH1,1,6,3,W -> E,dead MAFA,168,D,dead,Malacothamnus fasciculatus,D,native,shrub,
16-Apr-19,ENH1,1,6,3,W -> E,dead MAFA,169,D,dead,Malacothamnus fasciculatus,D,native,shrub,
16-Apr-19,ENH1,1,6,3,W -> E,dead MAFA,170,D,dead,Malacothamnus fasciculatus,D,native,shrub,
16-Apr-19,ENH1,1,6,3,W -> E,dead MAFA,171,D,dead,Malacothamnus fasciculatus,D,native,shrub,
16-Apr-19,ENH1,1,6,3,W -> E,dead MAFA,172,D,dead,Malacothamnus fasciculatus,D,native,shrub,
16-Apr-19,ENH1,1,6,3,W -> E,dead MAFA,173,D,dead,Malacothamnus fasciculatus,D,native,shrub,
16-Apr-19,ENH1,1,6,3,W -> E,dead MAFA,174,D,dead,Malacothamnus fasciculatus,D,native,shrub,
16-Apr-19,ENH1,1,6,3,W -> E,dead MAFA,175,D,dead,Malacothamnus fasciculatus,D,native,shrub,
16-Apr-19,ENH1,1,6,3,W -> E,dead MAFA,176,D,dead,Malacothamnus fasciculatus,D,native,shrub,
16-Apr-19,ENH1,1,6,3,W -> E,dead MAFA,177,D,dead,Malacothamnus fasciculatus,D,native,shrub,
16-Apr-19,ENH1,1,6,3,W -> E,dead MAFA,178,D,dead,Malacothamnus fasciculatus,D,native,shrub,
16-Apr-19,ENH1,1,6,3,W -> E,dead MAFA,179,D,dead,Malacothamnus fasciculatus,D,native,shrub,
16-Apr-19,ENH1,1,6,3,W -> E,dead MAFA,180,D,dead,Malacothamnus fasciculatus,D,native,shrub,
16-Apr-19,ENH1,1,6,3,W -> E,dead MAFA,181,D,dead,Malacothamnus fasciculatus,D,native,shrub,
16-Apr-19,ENH1,1,6,3,W -> E,dead MAFA,182,D,dead,Malacothamnus fasciculatus,D,native,shrub,
16-Apr-19,ENH1,1,6,3,W -> E,dead MAFA,183,D,dead,Malacothamnus fasciculatus,D,native,shrub,
16-Apr-19,ENH1,1,6,3,W -> E,dead MAFA,184,D,dead,Malacothamnus fasciculatus,D,native,shrub,
16-Apr-19,ENH1,1,6,3,W -> E,dead MAFA,185,D,dead,Malacothamnus fasciculatus,D,native,shrub,
16-Apr-19,ENH1,1,6,3,W -> E,dead MAFA,186,D,dead,Malacothamnus fasciculatus,D,native,shrub,
16-Apr-19,ENH1,1,6,3,W -> E,dead MAFA,187,D,dead,Malacothamnus fasciculatus,D,native,shrub,
16-Apr-19,ENH1,1,6,3,W -> E,dead MAFA,188,D,dead,Malacothamnus fasciculatus,D,native,shrub,
16-Apr-19,ENH1,1,6,3,W -> E,dead MAFA,189,D,dead,Malacothamnus fasciculatus,D,native,shrub,
16-Apr-19,ENH1,1,6,3,W -> E,dead MAFA,190,D,dead,Malacothamnus fasciculatus,D,native,shrub,
16-Apr-19,ENH1,1,6,3,W -> E,dead MAFA,191,D,dead,Malacothamnus fasciculatus,D,native,shrub,
15-Apr-19,DEG2,2,1,1,N -> S,MAFA,,J,immature,Malacothamnus fasciculatus,N,native,shrub,
15-Apr-19,DEG2,2,1,1,N -> S,MAFA,,Y,mature,Malacothamnus fasciculatus,Y,native,shrub,
15-Apr-19,DEG2,2,1,1,N -> S,MAFA,,Y,mature,Malacothamnus fasciculatus,Y,native,shrub,
15-Apr-19,DEG2,2,1,1,N -> S,MAFA,,J,immature,Malacothamnus fasciculatus,N,native,shrub,
15-Apr-19,DEG2,2,1,1,N -> S,MAFA,,J,immature,Malacothamnus fasciculatus,N,native,shrub,
15-Apr-19,DEG2,2,1,1,N -> S,MAFA,,Y,mature,Malacothamnus fasciculatus,Y,native,shrub,
15-Apr-19,DEG2,2,1,1,N -> S,MAFA,,J,immature,Malacothamnus fasciculatus,N,native,shrub,
15-Apr-19,DEG2,2,2,2,S -> N,MAFA,1,Y,mature,Malacothamnus fasciculatus,Y,native,shrub,
15-Apr-19,DEG2,2,2,2,S -> N,MAFA,2,Y,mature,Malacothamnus fasciculatus,Y,native,shrub,
15-Apr-19,DEG2,2,2,2,S -> N,MAFA,3,Y,mature,Malacothamnus fasciculatus,Y,native,shrub,
15-Apr-19,DEG2,2,2,2,S -> N,MAFA,4,Y,mature,Malacothamnus fasciculatus,Y,native,shrub,
15-Apr-19,DEG2,2,2,2,S -> N,MAFA,5,Y,mature,Malacothamnus fasciculatus,Y,native,shrub,
15-Apr-19,DEG2,2,2,2,S -> N,MAFA,6,Y,mature,Malacothamnus fasciculatus,Y,native,shrub,
15-Apr-19,DEG2,2,2,2,S -> N,MAFA,7,Y,mature,Malacothamnus fasciculatus,Y,native,shrub,
15-Apr-19,DEG2,2,2,2,S -> N,MAFA,8,Y,mature,Malacothamnus fasciculatus,Y,native,shrub,
15-Apr-19,DEG2,2,2,2,S -> N,MAFA,9,Y,mature,Malacothamnus fasciculatus,Y,native,shrub,
15-Apr-19,DEG2,2,2,2,S -> N,MAFA,10,Y,mature,Malacothamnus fasciculatus,Y,native,shrub,
15-Apr-19,DEG2,2,2,2,S -> N,MAFA,11,Y,mature,Malacothamnus fasciculatus,Y,native,shrub,
15-Apr-19,DEG2,2,2,2,S -> N,MAFA,12,Y,mature,Malacothamnus fasciculatus,Y,native,shrub,
15-Apr-19,DEG2,2,2,2,S -> N,MAFA,13,Y,mature,Malacothamnus fasciculatus,Y,native,shrub,
15-Apr-19,DEG2,2,2,2,S -> N,MAFA,1,J,immature,Malacothamnus fasciculatus,N,native,shrub,
15-Apr-19,DEG2,2,2,2,S -> N,MAFA,2,J,immature,Malacothamnus fasciculatus,N,native,shrub,dead stem attached to new growth
15-Apr-19,DEG2,2,2,2,S -> N,MAFA,3,J,immature,Malacothamnus fasciculatus,N,native,shrub,
15-Apr-19,DEG2,2,2,2,S -> N,MAFA,1,S,seedling,Malacothamnus fasciculatus,N,native,shrub,
15-Apr-19,DEG2,2,2,2,S -> N,MAFA,2,S,seedling,Malacothamnus fasciculatus,N,native,shrub,
15-Apr-19,DEG2,2,2,2,S -> N,MAFA,3,S,seedling,Malacothamnus fasciculatus,N,native,shrub,
15-Apr-19,DEG2,2,3,3,N -> S,MAFA,1,Y,mature,Malacothamnus fasciculatus,Y,native,shrub,belt transect ran from the top of the hill to the bottom of the hill
15-Apr-19,DEG2,2,3,3,N -> S,MAFA,2,Y,mature,Malacothamnus fasciculatus,Y,native,shrub,belt transect ran from the top of the hill to the bottom of the hill
15-Apr-19,DEG2,2,3,3,N -> S,MAFA,3,Y,mature,Malacothamnus fasciculatus,Y,native,shrub,belt transect ran from the top of the hill to the bottom of the hill
15-Apr-19,DEG2,2,3,3,N -> S,MAFA,4,Y,mature,Malacothamnus fasciculatus,Y,native,shrub,belt transect ran from the top of the hill to the bottom of the hill
15-Apr-19,DEG2,2,3,3,N -> S,MAFA,5,Y,mature,Malacothamnus fasciculatus,Y,native,shrub,No old wood though. belt transect ran from the top of the hill to the bottom of the hill
15-Apr-19,DEG2,2,3,3,N -> S,MAFA,6,Y,mature,Malacothamnus fasciculatus,Y,native,shrub,No old wood though. belt transect ran from the top of the hill to the bottom of the hill
15-Apr-19,DEG2,2,3,3,N -> S,MAFA,7,Y,mature,Malacothamnus fasciculatus,Y,native,shrub,belt transect ran from the top of the hill to the bottom of the hill
16-Apr-19,ENH1,1,4,1,W -> E,MAFA,1,Y,mature,Malacothamnus fasciculatus,Y,native,shrub,
16-Apr-19,ENH1,1,4,1,W -> E,MAFA,2,Y,mature,Malacothamnus fasciculatus,Y,native,shrub,
16-Apr-19,ENH1,1,4,1,W -> E,MAFA,3,Y,mature,Malacothamnus fasciculatus,Y,native,shrub,
16-Apr-19,ENH1,1,4,1,W -> E,MAFA,4,Y,mature,Malacothamnus fasciculatus,Y,native,shrub,
16-Apr-19,ENH1,1,4,1,W -> E,MAFA,5,Y,mature,Malacothamnus fasciculatus,Y,native,shrub,
16-Apr-19,ENH1,1,4,1,W -> E,MAFA,6,Y,mature,Malacothamnus fasciculatus,Y,native,shrub,
16-Apr-19,ENH1,1,4,1,W -> E,MAFA,7,Y,mature,Malacothamnus fasciculatus,Y,native,shrub,
16-Apr-19,ENH1,1,4,1,W -> E,MAFA,8,Y,mature,Malacothamnus fasciculatus,Y,native,shrub,
16-Apr-19,ENH1,1,4,1,W -> E,MAFA,9,Y,mature,Malacothamnus fasciculatus,Y,native,shrub,
16-Apr-19,ENH1,1,4,1,W -> E,MAFA,10,Y,mature,Malacothamnus fasciculatus,Y,native,shrub,
16-Apr-19,ENH1,1,4,1,W -> E,MAFA,1,D,dead,Malacothamnus fasciculatus,D,native,shrub,
16-Apr-19,ENH1,1,4,1,W -> E,MAFA,2,D,dead,Malacothamnus fasciculatus,D,native,shrub,
16-Apr-19,ENH1,1,4,1,W -> E,MAFA,3,D,dead,Malacothamnus fasciculatus,D,native,shrub,
16-Apr-19,ENH1,1,4,1,W -> E,MAFA,4,D,dead,Malacothamnus fasciculatus,D,native,shrub,
16-Apr-19,ENH1,1,5,2,,MAFA,1,Y,mature,Malacothamnus fasciculatus,Y,native,shrub,
16-Apr-19,ENH1,1,5,2,,MAFA,2,Y,mature,Malacothamnus fasciculatus,Y,native,shrub,
16-Apr-19,ENH1,1,5,2,,MAFA,3,Y,mature,Malacothamnus fasciculatus,Y,native,shrub,
16-Apr-19,ENH1,1,5,2,,MAFA,4,Y,mature,Malacothamnus fasciculatus,Y,native,shrub,
16-Apr-19,ENH1,1,5,2,,MAFA,5,Y,mature,Malacothamnus fasciculatus,Y,native,shrub,
16-Apr-19,ENH1,1,5,2,,MAFA,6,Y,mature,Malacothamnus fasciculatus,Y,native,shrub,
16-Apr-19,ENH1,1,5,2,,MAFA,7,Y,mature,Malacothamnus fasciculatus,Y,native,shrub,
16-Apr-19,ENH1,1,5,2,,MAFA,8,Y,mature,Malacothamnus fasciculatus,Y,native,shrub,
16-Apr-19,ENH1,1,5,2,,MAFA,9,Y,mature,Malacothamnus fasciculatus,Y,native,shrub,
16-Apr-19,ENH1,1,5,2,,MAFA,10,Y,mature,Malacothamnus fasciculatus,Y,native,shrub,
16-Apr-19,ENH1,1,5,2,,MAFA,11,Y,mature,Malacothamnus fasciculatus,Y,native,shrub,
16-Apr-19,ENH1,1,5,2,,MAFA,12,Y,mature,Malacothamnus fasciculatus,Y,native,shrub,
16-Apr-19,ENH1,1,5,2,,MAFA,13,Y,mature,Malacothamnus fasciculatus,Y,native,shrub,
16-Apr-19,ENH1,1,5,2,,MAFA,14,Y,mature,Malacothamnus fasciculatus,Y,native,shrub,
16-Apr-19,ENH1,1,5,2,,MAFA,15,Y,mature,Malacothamnus fasciculatus,Y,native,shrub,
16-Apr-19,ENH1,1,5,2,,MAFA,16,Y,mature,Malacothamnus fasciculatus,Y,native,shrub,
16-Apr-19,ENH1,1,5,2,,MAFA,17,Y,mature,Malacothamnus fasciculatus,Y,native,shrub,
16-Apr-19,ENH1,1,5,2,,MAFA,18,Y,mature,Malacothamnus fasciculatus,Y,native,shrub,
16-Apr-19,ENH1,1,5,2,,MAFA,19,Y,mature,Malacothamnus fasciculatus,Y,native,shrub,
16-Apr-19,ENH1,1,5,2,,MAFA,20,Y,mature,Malacothamnus fasciculatus,Y,native,shrub,
16-Apr-19,ENH1,1,5,2,,MAFA,21,Y,mature,Malacothamnus fasciculatus,Y,native,shrub,
16-Apr-19,ENH1,1,5,2,,MAFA,22,Y,mature,Malacothamnus fasciculatus,Y,native,shrub,
16-Apr-19,ENH1,1,5,2,,MAFA,23,Y,mature,Malacothamnus fasciculatus,Y,native,shrub,
16-Apr-19,ENH1,1,5,2,,MAFA,24,Y,mature,Malacothamnus fasciculatus,Y,native,shrub,
16-Apr-19,ENH1,1,5,2,,MAFA,25,Y,mature,Malacothamnus fasciculatus,Y,native,shrub,
16-Apr-19,ENH1,1,5,2,,MAFA,26,Y,mature,Malacothamnus fasciculatus,Y,native,shrub,
16-Apr-19,ENH1,1,5,2,,MAFA,27,Y,mature,Malacothamnus fasciculatus,Y,native,shrub,
16-Apr-19,ENH1,1,5,2,,MAFA,28,Y,mature,Malacothamnus fasciculatus,Y,native,shrub,
16-Apr-19,ENH1,1,5,2,,MAFA,29,Y,mature,Malacothamnus fasciculatus,Y,native,shrub,
16-Apr-19,ENH1,1,5,2,,MAFA,30,Y,mature,Malacothamnus fasciculatus,Y,native,shrub,
16-Apr-19,ENH1,1,5,2,,MAFA,31,Y,mature,Malacothamnus fasciculatus,Y,native,shrub,
16-Apr-19,ENH1,1,5,2,,MAFA,32,Y,mature,Malacothamnus fasciculatus,Y,native,shrub,
16-Apr-19,ENH1,1,5,2,,MAFA,33,Y,mature,Malacothamnus fasciculatus,Y,native,shrub,
16-Apr-19,ENH1,1,5,2,,MAFA,34,Y,mature,Malacothamnus fasciculatus,Y,native,shrub,
16-Apr-19,ENH1,1,5,2,,MAFA,35,Y,mature,Malacothamnus fasciculatus,Y,native,shrub,
16-Apr-19,ENH1,1,5,2,,MAFA,36,Y,mature,Malacothamnus fasciculatus,Y,native,shrub,
16-Apr-19,ENH1,1,5,2,,MAFA,37,Y,mature,Malacothamnus fasciculatus,Y,native,shrub,
16-Apr-19,ENH1,1,5,2,,MAFA,38,Y,mature,Malacothamnus fasciculatus,Y,native,shrub,
16-Apr-19,ENH1,1,5,2,,MAFA,39,Y,mature,Malacothamnus fasciculatus,Y,native,shrub,
16-Apr-19,ENH1,1,5,2,,MAFA,40,Y,mature,Malacothamnus fasciculatus,Y,native,shrub,
16-Apr-19,ENH1,1,5,2,,MAFA,41,Y,mature,Malacothamnus fasciculatus,Y,native,shrub,
16-Apr-19,ENH1,1,5,2,,MAFA,42,Y,mature,Malacothamnus fasciculatus,Y,native,shrub,
16-Apr-19,ENH1,1,5,2,,MAFA,43,Y,mature,Malacothamnus fasciculatus,Y,native,shrub,
16-Apr-19,ENH1,1,5,2,,MAFA,44,Y,mature,Malacothamnus fasciculatus,Y,native,shrub,
16-Apr-19,ENH1,1,5,2,,MAFA,45,Y,mature,Malacothamnus fasciculatus,Y,native,shrub,
16-Apr-19,ENH1,1,5,2,,MAFA,46,Y,mature,Malacothamnus fasciculatus,Y,native,shrub,
16-Apr-19,ENH1,1,5,2,,MAFA,1,S,seedling,Malacothamnus fasciculatus,N,native,shrub,
16-Apr-19,ENH1,1,5,2,,MAFA,1,D,dead,Malacothamnus fasciculatus,D,native,shrub,
16-Apr-19,ENH1,1,5,2,,MAFA,1,J,immature,Malacothamnus fasciculatus,N,native,shrub,
16-Apr-19,ENH1,1,5,2,,MAFA,2,J,immature,Malacothamnus fasciculatus,N,native,shrub,
16-Apr-19,ENH1,1,5,2,,MAFA,3,J,immature,Malacothamnus fasciculatus,N,native,shrub,
16-Apr-19,ENH1,1,5,2,,MAFA,4,J,immature,Malacothamnus fasciculatus,N,native,shrub,
16-Apr-19,ENH1,1,5,2,,MAFA,5,J,immature,Malacothamnus fasciculatus,N,native,shrub,
16-Apr-19,ENH1,1,5,2,,MAFA,6,J,immature,Malacothamnus fasciculatus,N,native,shrub,
16-Apr-19,ENH1,1,5,2,,MAFA,7,J,immature,Malacothamnus fasciculatus,N,native,shrub,
16-Apr-19,ENH1,1,5,2,,MAFA,8,J,immature,Malacothamnus fasciculatus,N,native,shrub,
16-Apr-19,ENH1,1,5,2,,MAFA,2,D,dead,Malacothamnus fasciculatus,D,native,shrub,
16-Apr-19,ENH1,1,5,2,,MAFA,9,J,immature,Malacothamnus fasciculatus,N,native,shrub,
16-Apr-19,ENH1,1,5,2,,MAFA,10,J,immature,Malacothamnus fasciculatus,N,native,shrub,
16-Apr-19,ENH1,1,5,2,,MAFA,11,J,immature,Malacothamnus fasciculatus,N,native,shrub,
16-Apr-19,ENH1,1,6,3,W -> E,MAFA,1,J,immature,Malacothamnus fasciculatus,N,native,shrub,
15-Apr-19,ENH2,2,4,1,N -> S,MAFA,1,Y,mature,Malacothamnus fasciculatus,Y,native,shrub,
15-Apr-19,ENH2,2,4,1,N -> S,MAFA,2,Y,mature,Malacothamnus fasciculatus,Y,native,shrub,
15-Apr-19,ENH2,2,4,1,N -> S,MAFA,3,Y,mature,Malacothamnus fasciculatus,Y,native,shrub,
15-Apr-19,ENH2,2,4,1,N -> S,MAFA,4,Y,mature,Malacothamnus fasciculatus,Y,native,shrub,
15-Apr-19,ENH2,2,4,1,N -> S,MAFA,5,Y,mature,Malacothamnus fasciculatus,Y,native,shrub,
15-Apr-19,ENH2,2,4,1,N -> S,MAFA,6,Y,mature,Malacothamnus fasciculatus,Y,native,shrub,
15-Apr-19,ENH2,2,4,1,N -> S,MAFA,7,Y,mature,Malacothamnus fasciculatus,Y,native,shrub,
15-Apr-19,ENH2,2,4,1,N -> S,MAFA,8,Y,mature,Malacothamnus fasciculatus,Y,native,shrub,
15-Apr-19,ENH2,2,4,1,N -> S,MAFA,9,Y,mature,Malacothamnus fasciculatus,Y,native,shrub,
15-Apr-19,ENH2,2,4,1,N -> S,MAFA,10,Y,mature,Malacothamnus fasciculatus,Y,native,shrub,
15-Apr-19,ENH2,2,4,1,N -> S,MAFA,11,Y,mature,Malacothamnus fasciculatus,Y,native,shrub,
15-Apr-19,ENH2,2,4,1,N -> S,MAFA,12,Y,mature,Malacothamnus fasciculatus,Y,native,shrub,
15-Apr-19,ENH2,2,4,1,N -> S,MAFA,13,Y,mature,Malacothamnus fasciculatus,Y,native,shrub,
15-Apr-19,ENH2,2,4,1,N -> S,MAFA,14,Y,mature,Malacothamnus fasciculatus,Y,native,shrub,
15-Apr-19,ENH2,2,4,1,N -> S,MAFA,15,Y,mature,Malacothamnus fasciculatus,Y,native,shrub,
15-Apr-19,ENH2,2,4,1,N -> S,MAFA,16,Y,mature,Malacothamnus fasciculatus,Y,native,shrub,
15-Apr-19,ENH2,2,4,1,N -> S,MAFA,17,Y,mature,Malacothamnus fasciculatus,Y,native,shrub,
15-Apr-19,ENH2,2,4,1,N -> S,MAFA,18,Y,mature,Malacothamnus fasciculatus,Y,native,shrub,
15-Apr-19,ENH2,2,4,1,N -> S,MAFA,19,Y,mature,Malacothamnus fasciculatus,Y,native,shrub,
15-Apr-19,ENH2,2,4,1,N -> S,MAFA,20,Y,mature,Malacothamnus fasciculatus,Y,native,shrub,
15-Apr-19,ENH2,2,4,1,N -> S,MAFA,21,Y,mature,Malacothamnus fasciculatus,Y,native,shrub,
15-Apr-19,ENH2,2,4,1,N -> S,MAFA,22,Y,mature,Malacothamnus fasciculatus,Y,native,shrub,
15-Apr-19,ENH2,2,4,1,N -> S,MAFA,23,Y,mature,Malacothamnus fasciculatus,Y,native,shrub,
15-Apr-19,ENH2,2,4,1,N -> S,MAFA,1,J,immature,Malacothamnus fasciculatus,N,native,shrub,
15-Apr-19,ENH2,2,4,1,N -> S,MAFA,2,J,immature,Malacothamnus fasciculatus,N,native,shrub,
15-Apr-19,ENH2,2,4,1,N -> S,MAFA,1,S,seedling,Malacothamnus fasciculatus,N,native,shrub,
15-Apr-19,ENH2,2,5,2,NW -> SE,MAFA,,Y,mature,Malacothamnus fasciculatus,Y,native,shrub,
15-Apr-19,ENH2,2,5,2,NW -> SE,MAFA,,Y,mature,Malacothamnus fasciculatus,Y,native,shrub,
15-Apr-19,ENH2,2,5,2,NW -> SE,MAFA,,Y,mature,Malacothamnus fasciculatus,Y,native,shrub,
15-Apr-19,ENH2,2,5,2,NW -> SE,MAFA,,Y,mature,Malacothamnus fasciculatus,Y,native,shrub,
15-Apr-19,ENH2,2,5,2,NW -> SE,MAFA,,Y,mature,Malacothamnus fasciculatus,Y,native,shrub,
15-Apr-19,ENH2,2,5,2,NW -> SE,MAFA,,Y,mature,Malacothamnus fasciculatus,Y,native,shrub,
15-Apr-19,ENH2,2,5,2,NW -> SE,MAFA,,Y,mature,Malacothamnus fasciculatus,Y,native,shrub,
15-Apr-19,ENH2,2,5,2,NW -> SE,MAFA,,Y,mature,Malacothamnus fasciculatus,Y,native,shrub,
15-Apr-19,ENH2,2,5,2,NW -> SE,MAFA,,Y,mature,Malacothamnus fasciculatus,Y,native,shrub,
15-Apr-19,ENH2,2,5,2,NW -> SE,MAFA,,Y,mature,Malacothamnus fasciculatus,Y,native,shrub,
15-Apr-19,ENH2,2,5,2,NW -> SE,MAFA,,Y,mature,Malacothamnus fasciculatus,Y,native,shrub,
15-Apr-19,ENH2,2,5,2,NW -> SE,MAFA,,Y,mature,Malacothamnus fasciculatus,Y,native,shrub,
15-Apr-19,ENH2,2,5,2,NW -> SE,MAFA,,Y,mature,Malacothamnus fasciculatus,Y,native,shrub,
15-Apr-19,ENH2,2,5,2,NW -> SE,MAFA,,Y,mature,Malacothamnus fasciculatus,Y,native,shrub,
15-Apr-19,ENH2,2,5,2,NW -> SE,MAFA,,Y,mature,Malacothamnus fasciculatus,Y,native,shrub,
15-Apr-19,ENH2,2,5,2,NW -> SE,MAFA,,Y,mature,Malacothamnus fasciculatus,Y,native,shrub,
15-Apr-19,ENH2,2,5,2,NW -> SE,MAFA,,Y,mature,Malacothamnus fasciculatus,Y,native,shrub,
15-Apr-19,ENH2,2,6,3,E -> W,MAFA,1,Y,mature,Malacothamnus fasciculatus,Y,native,shrub,
15-Apr-19,ENH2,2,6,3,E -> W,MAFA,2,Y,mature,Malacothamnus fasciculatus,Y,native,shrub,
15-Apr-19,ENH2,2,6,3,E -> W,MAFA,3,Y,mature,Malacothamnus fasciculatus,Y,native,shrub,
15-Apr-19,ENH2,2,6,3,E -> W,MAFA,4,Y,mature,Malacothamnus fasciculatus,Y,native,shrub,
15-Apr-19,ENH2,2,6,3,E -> W,MAFA,5,Y,mature,Malacothamnus fasciculatus,Y,native,shrub,
15-Apr-19,ENH2,2,6,3,E -> W,MAFA,6,Y,mature,Malacothamnus fasciculatus,Y,native,shrub,
15-Apr-19,ENH2,2,6,3,E -> W,MAFA,7,Y,mature,Malacothamnus fasciculatus,Y,native,shrub,
15-Apr-19,ENH2,2,6,3,E -> W,MAFA,8,Y,mature,Malacothamnus fasciculatus,Y,native,shrub,
15-Apr-19,ENH2,2,6,3,E -> W,MAFA,9,Y,mature,Malacothamnus fasciculatus,Y,native,shrub,
15-Apr-19,ENH2,2,6,3,E -> W,MAFA,10,Y,mature,Malacothamnus fasciculatus,Y,native,shrub,
15-Apr-19,ENH2,2,6,3,E -> W,MAFA,11,Y,mature,Malacothamnus fasciculatus,Y,native,shrub,
15-Apr-19,ENH2,2,6,3,E -> W,MAFA,12,Y,mature,Malacothamnus fasciculatus,Y,native,shrub,
15-Apr-19,ENH2,2,6,3,E -> W,MAFA,13,Y,mature,Malacothamnus fasciculatus,Y,native,shrub,
15-Apr-19,ENH2,2,6,3,E -> W,MAFA,14,Y,mature,Malacothamnus fasciculatus,Y,native,shrub,
15-Apr-19,ENH2,2,6,3,E -> W,MAFA,15,Y,mature,Malacothamnus fasciculatus,Y,native,shrub,
15-Apr-19,ENH2,2,6,3,E -> W,MAFA,16,Y,mature,Malacothamnus fasciculatus,Y,native,shrub,
15-Apr-19,ENH2,2,6,3,E -> W,MAFA,17,Y,mature,Malacothamnus fasciculatus,Y,native,shrub,
15-Apr-19,ENH2,2,6,3,E -> W,MAFA,18,Y,mature,Malacothamnus fasciculatus,Y,native,shrub,
15-Apr-19,ENH2,2,6,3,E -> W,MAFA,19,Y,mature,Malacothamnus fasciculatus,Y,native,shrub,
15-Apr-19,ENH2,2,6,3,E -> W,MAFA,20,Y,mature,Malacothamnus fasciculatus,Y,native,shrub,
15-Apr-19,ENH2,2,6,3,E -> W,MAFA,21,Y,mature,Malacothamnus fasciculatus,Y,native,shrub,
15-Apr-19,ENH2,2,6,3,E -> W,MAFA,22,Y,mature,Malacothamnus fasciculatus,Y,native,shrub,
15-Apr-19,ENH2,2,6,3,E -> W,MAFA,23,Y,mature,Malacothamnus fasciculatus,Y,native,shrub,
15-Apr-19,ENH2,2,6,3,E -> W,MAFA,24,Y,mature,Malacothamnus fasciculatus,Y,native,shrub,
15-Apr-19,ENH2,2,6,3,E -> W,MAFA,25,Y,mature,Malacothamnus fasciculatus,Y,native,shrub,
15-Apr-19,ENH2,2,6,3,E -> W,MAFA,1,J,immature,Malacothamnus fasciculatus,N,native,shrub,
17-Jun-19,Intact3,INT3,1,3,NE -> SW,MAFA,1,S,seedling,Malacothamnus fasciculatus,N,native,shrub,
17-Jun-19,Intact3,INT3,1,3,NE -> SW,MAFA,2,S,seedling,Malacothamnus fasciculatus,N,native,shrub,
17-Jun-19,Intact3,INT3,1,3,NE -> SW,MAFA,1,y,mature,Malacothamnus fasciculatus,Y,native,shrub,
16-Apr-19,ENH1,1,6,3,W -> E,MAFA,1,D,dead,Malacothamnus fasciculatus,D,native,shrub,
16-Apr-19,ENH1,1,6,3,W -> E,MAFA,2,D,dead,Malacothamnus fasciculatus,D,native,shrub,
16-Apr-19,ENH1,1,6,3,W -> E,MAFA,3,D,dead,Malacothamnus fasciculatus,D,native,shrub,
16-Apr-19,ENH1,1,6,3,W -> E,MAFA,1,Y,mature,Malacothamnus fasciculatus,Y,native,shrub,
16-Apr-19,ENH1,1,6,3,W -> E,MAFA,1,Y,mature,Malacothamnus fasciculatus,Y,native,shrub,
16-Apr-19,ENH1,1,6,3,W -> E,MAFA,2,Y,mature,Malacothamnus fasciculatus,Y,native,shrub,
16-Apr-19,ENH1,1,6,3,W -> E,MAFA,1,Y,mature,Malacothamnus fasciculatus,Y,native,shrub,
16-Apr-19,ENH1,1,6,3,W -> E,MAFA,2,Y,mature,Malacothamnus fasciculatus,Y,native,shrub,
16-Apr-19,ENH1,1,6,3,W -> E,MAFA,1,Y,mature,Malacothamnus fasciculatus,Y,native,shrub,
16-Apr-19,ENH1,1,6,3,W -> E,MAFA,2,Y,mature,Malacothamnus fasciculatus,Y,native,shrub,
16-Apr-19,ENH1,1,6,3,W -> E,MAFA,3,Y,mature,Malacothamnus fasciculatus,Y,native,shrub,
16-Apr-19,ENH1,1,6,3,W -> E,MAFA,4,Y,mature,Malacothamnus fasciculatus,Y,native,shrub,
16-Apr-19,ENH1,1,6,3,W -> E,MAFA,5,Y,mature,Malacothamnus fasciculatus,Y,native,shrub,
16-Apr-19,ENH1,1,6,3,W -> E,MAFA,1,Y,mature,Malacothamnus fasciculatus,Y,native,shrub,
16-Apr-19,ENH1,1,6,3,W -> E,MAFA,2,Y,mature,Malacothamnus fasciculatus,Y,native,shrub,
16-Apr-19,ENH1,1,6,3,W -> E,MAFA,3,Y,mature,Malacothamnus fasciculatus,Y,native,shrub,
16-Apr-19,ENH1,1,6,3,W -> E,MAFA,1,S,seedling,Malacothamnus fasciculatus,N,native,shrub,
16-Apr-19,ENH1,1,6,3,W -> E,MAFA,1,S,seedling,Malacothamnus fasciculatus,N,native,shrub,
16-Apr-19,ENH1,1,6,3,W -> E,MAFA,1,Y,mature,Malacothamnus fasciculatus,Y,native,shrub,
16-Apr-19,ENH1,1,6,3,W -> E,MAFA,2,Y,mature,Malacothamnus fasciculatus,Y,native,shrub,
16-Apr-19,ENH1,1,6,3,W -> E,MAFA,3,Y,mature,Malacothamnus fasciculatus,Y,native,shrub,
16-Apr-19,ENH1,1,6,3,W -> E,MAFA,4,Y,mature,Malacothamnus fasciculatus,Y,native,shrub,
16-Apr-19,ENH1,1,6,3,W -> E,MAFA,1,R,resprout,Malacothamnus fasciculatus,N,native,shrub,
16-Apr-19,ENH1,1,6,3,W -> E,MAFA,1,J,immature,Malacothamnus fasciculatus,N,native,shrub,
16-Apr-19,ENH1,1,6,3,W -> E,MAFA,2,J,immature,Malacothamnus fasciculatus,N,native,shrub,
16-Apr-19,ENH1,1,6,3,W -> E,MAFA,3,J,immature,Malacothamnus fasciculatus,N,native,shrub,
16-Apr-19,ENH1,1,6,3,W -> E,MAFA,1,Y,mature,Malacothamnus fasciculatus,Y,native,shrub,
16-Apr-19,ENH1,1,6,3,W -> E,MAFA,2,Y,mature,Malacothamnus fasciculatus,Y,native,shrub,
16-Apr-19,ENH1,1,6,3,W -> E,MAFA,1,J,immature,Malacothamnus fasciculatus,N,native,shrub,
16-Apr-19,ENH1,1,6,3,W -> E,MAFA,2,J,immature,Malacothamnus fasciculatus,N,native,shrub,
16-Apr-19,ENH1,1,6,3,W -> E,MAFA,3,J,immature,Malacothamnus fasciculatus,N,native,shrub,
16-Apr-19,ENH1,1,6,3,W -> E,MAFA,4,J,immature,Malacothamnus fasciculatus,N,native,shrub,
16-Apr-19,ENH1,1,6,3,W -> E,MAFA,5,J,immature,Malacothamnus fasciculatus,N,native,shrub,
16-Apr-19,ENH1,1,6,3,W -> E,MAFA,6,J,immature,Malacothamnus fasciculatus,N,native,shrub,
16-Apr-19,ENH1,1,6,3,W -> E,MAFA,1,Y,mature,Malacothamnus fasciculatus,Y,native,shrub,
16-Apr-19,ENH1,1,6,3,W -> E,MAFA,1,J,immature,Malacothamnus fasciculatus,N,native,shrub,
16-Apr-19,ENH1,1,6,3,W -> E,MAFA,2,J,immature,Malacothamnus fasciculatus,N,native,shrub,
16-Apr-19,ENH1,1,6,3,W -> E,MAFA,3,J,immature,Malacothamnus fasciculatus,N,native,shrub,
16-Apr-19,ENH1,1,6,3,W -> E,MAFA,4,J,immature,Malacothamnus fasciculatus,N,native,shrub,
16-Apr-19,ENH1,1,6,3,W -> E,MAFA,5,J,immature,Malacothamnus fasciculatus,N,native,shrub,
16-Apr-19,ENH1,1,6,3,W -> E,MAFA,6,J,immature,Malacothamnus fasciculatus,N,native,shrub,
16-Apr-19,ENH1,1,6,3,W -> E,MAFA,7,J,immature,Malacothamnus fasciculatus,N,native,shrub,
16-Apr-19,ENH1,1,6,3,W -> E,MAFA,8,J,immature,Malacothamnus fasciculatus,N,native,shrub,
16-Apr-19,ENH1,1,6,3,W -> E,MAFA,1,Y,mature,Malacothamnus fasciculatus,Y,native,shrub,
16-Apr-19,ENH1,1,6,3,W -> E,MAFA,2,Y,mature,Malacothamnus fasciculatus,Y,native,shrub,
16-Apr-19,ENH1,1,6,3,W -> E,MAFA,3,Y,mature,Malacothamnus fasciculatus,Y,native,shrub,
16-Apr-19,ENH1,1,6,3,W -> E,MAFA,4,Y,mature,Malacothamnus fasciculatus,Y,native,shrub,
16-Apr-19,ENH1,1,6,3,W -> E,MAFA,5,Y,mature,Malacothamnus fasciculatus,Y,native,shrub,
16-Apr-19,ENH1,1,6,3,W -> E,MAFA,6,Y,mature,Malacothamnus fasciculatus,Y,native,shrub,
16-Apr-19,ENH1,1,6,3,W -> E,MAFA,7,Y,mature,Malacothamnus fasciculatus,Y,native,shrub,
16-Apr-19,ENH1,1,6,3,W -> E,MAFA,1,Y,mature,Malacothamnus fasciculatus,Y,native,shrub,
16-Apr-19,ENH1,1,6,3,W -> E,MAFA,2,Y,mature,Malacothamnus fasciculatus,Y,native,shrub,
16-Apr-19,ENH1,1,6,3,W -> E,MAFA,3,Y,mature,Malacothamnus fasciculatus,Y,native,shrub,
16-Apr-19,ENH1,1,6,3,W -> E,MAFA,4,Y,mature,Malacothamnus fasciculatus,Y,native,shrub,
16-Apr-19,ENH1,1,6,3,W -> E,MAFA,1,J,immature,Malacothamnus fasciculatus,N,native,shrub,
16-Apr-19,ENH1,1,6,3,W -> E,MAFA,1,Y,mature,Malacothamnus fasciculatus,Y,native,shrub,
16-Apr-19,ENH1,1,6,3,W -> E,MAFA,2,Y,mature,Malacothamnus fasciculatus,Y,native,shrub,
16-Apr-19,ENH1,1,6,3,W -> E,MAFA,3,Y,mature,Malacothamnus fasciculatus,Y,native,shrub,
16-Apr-19,ENH1,1,6,3,W -> E,MAFA,1,J,immature,Malacothamnus fasciculatus,N,native,shrub,
16-Apr-19,ENH1,1,6,3,W -> E,MAFA,2,J,immature,Malacothamnus fasciculatus,N,native,shrub,
16-Apr-19,ENH1,1,6,3,W -> E,MAFA,3,J,immature,Malacothamnus fasciculatus,N,native,shrub,
16-Apr-19,ENH1,1,6,3,W -> E,MAFA,4,J,immature,Malacothamnus fasciculatus,N,native,shrub,
16-Apr-19,ENH1,1,6,3,W -> E,MAFA,1,Y,mature,Malacothamnus fasciculatus,Y,native,shrub,
16-Apr-19,ENH1,1,6,3,W -> E,MAFA,2,Y,mature,Malacothamnus fasciculatus,Y,native,shrub,
16-Apr-19,ENH1,1,6,3,W -> E,MAFA,3,Y,mature,Malacothamnus fasciculatus,Y,native,shrub,
16-Apr-19,ENH1,1,6,3,W -> E,MAFA,4,Y,mature,Malacothamnus fasciculatus,Y,native,shrub,
16-Apr-19,ENH1,1,6,3,W -> E,MAFA,1,Y,mature,Malacothamnus fasciculatus,Y,native,shrub,
16-Apr-19,ENH1,1,6,3,W -> E,MAFA,2,Y,mature,Malacothamnus fasciculatus,Y,native,shrub,
16-Apr-19,ENH1,1,6,3,W -> E,MAFA,3,Y,mature,Malacothamnus fasciculatus,Y,native,shrub,
16-Apr-19,ENH1,1,6,3,W -> E,MAFA,4,Y,mature,Malacothamnus fasciculatus,Y,native,shrub,
16-Apr-19,ENH1,1,6,3,W -> E,MAFA,5,Y,mature,Malacothamnus fasciculatus,Y,native,shrub,
16-Apr-19,ENH1,1,6,3,W -> E,MAFA,6,Y,mature,Malacothamnus fasciculatus,Y,native,shrub,
16-Apr-19,ENH1,1,6,3,W -> E,MAFA,7,Y,mature,Malacothamnus fasciculatus,Y,native,shrub,
16-Apr-19,ENH1,1,6,3,W -> E,MAFA,8,Y,mature,Malacothamnus fasciculatus,Y,native,shrub,
16-Apr-19,ENH1,1,6,3,W -> E,MAFA,9,Y,mature,Malacothamnus fasciculatus,Y,native,shrub,
16-Apr-19,ENH1,1,6,3,W -> E,MAFA,10,Y,mature,Malacothamnus fasciculatus,Y,native,shrub,
16-Apr-19,ENH1,1,6,3,W -> E,MAFA,1,Y,mature,Malacothamnus fasciculatus,Y,native,shrub,
16-Apr-19,ENH1,1,6,3,W -> E,MAFA,1,R,resprout,Malacothamnus fasciculatus,N,native,shrub,
16-Apr-19,ENH1,1,6,3,W -> E,MAFA,1,Y,mature,Malacothamnus fasciculatus,Y,native,shrub,
16-Apr-19,ENH1,1,6,3,W -> E,MAFA,2,Y,mature,Malacothamnus fasciculatus,Y,native,shrub,
16-Apr-19,ENH1,1,6,3,W -> E,MAFA,3,Y,mature,Malacothamnus fasciculatus,Y,native,shrub,
16-Apr-19,ENH1,1,6,3,W -> E,MAFA,4,Y,mature,Malacothamnus fasciculatus,Y,native,shrub,
16-Apr-19,ENH1,1,6,3,W -> E,MAFA,5,Y,mature,Malacothamnus fasciculatus,Y,native,shrub,
16-Apr-19,ENH1,1,6,3,W -> E,MAFA,6,Y,mature,Malacothamnus fasciculatus,Y,native,shrub,
16-Apr-19,ENH1,1,6,3,W -> E,MAFA,7,Y,mature,Malacothamnus fasciculatus,Y,native,shrub,
16-Apr-19,ENH1,1,6,3,W -> E,MAFA,8,Y,mature,Malacothamnus fasciculatus,Y,native,shrub,
16-Apr-19,ENH1,1,6,3,W -> E,MAFA,9,Y,mature,Malacothamnus fasciculatus,Y,native,shrub,
16-Apr-19,ENH1,1,6,3,W -> E,MAFA,10,Y,mature,Malacothamnus fasciculatus,Y,native,shrub,
16-Apr-19,ENH1,1,6,3,W -> E,MAFA,11,Y,mature,Malacothamnus fasciculatus,Y,native,shrub,
16-Apr-19,ENH1,1,6,3,W -> E,MAFA,12,Y,mature,Malacothamnus fasciculatus,Y,native,shrub,
16-Apr-19,ENH1,1,6,3,W -> E,MAFA,13,Y,mature,Malacothamnus fasciculatus,Y,native,shrub,
16-Apr-19,ENH1,1,6,3,W -> E,MAFA,14,Y,mature,Malacothamnus fasciculatus,Y,native,shrub,
16-Apr-19,ENH1,1,6,3,W -> E,MAFA,15,Y,mature,Malacothamnus fasciculatus,Y,native,shrub,
16-Apr-19,ENH1,1,6,3,W -> E,MAFA,16,Y,mature,Malacothamnus fasciculatus,Y,native,shrub,
16-Apr-19,ENH1,1,6,3,W -> E,MAFA,17,Y,mature,Malacothamnus fasciculatus,Y,native,shrub,
16-Apr-19,ENH1,1,6,3,W -> E,MAFA,18,Y,mature,Malacothamnus fasciculatus,Y,native,shrub,
16-Apr-19,ENH1,1,6,3,W -> E,MAFA,19,Y,mature,Malacothamnus fasciculatus,Y,native,shrub,
16-Apr-19,ENH1,1,6,3,W -> E,MAFA,20,Y,mature,Malacothamnus fasciculatus,Y,native,shrub,
16-Apr-19,ENH1,1,6,3,W -> E,MAFA,21,Y,mature,Malacothamnus fasciculatus,Y,native,shrub,
16-Apr-19,ENH1,1,6,3,W -> E,MAFA,22,Y,mature,Malacothamnus fasciculatus,Y,native,shrub,
16-Apr-19,ENH1,1,6,3,W -> E,MAFA,23,Y,mature,Malacothamnus fasciculatus,Y,native,shrub,
16-Apr-19,ENH1,1,6,3,W -> E,MAFA,24,Y,mature,Malacothamnus fasciculatus,Y,native,shrub,
16-Apr-19,ENH1,1,6,3,W -> E,MAFA,25,Y,mature,Malacothamnus fasciculatus,Y,native,shrub,
16-Apr-19,ENH1,1,6,3,W -> E,MAFA,26,Y,mature,Malacothamnus fasciculatus,Y,native,shrub,
16-Apr-19,ENH1,1,6,3,W -> E,MAFA,27,Y,mature,Malacothamnus fasciculatus,Y,native,shrub,
16-Apr-19,ENH1,1,6,3,W -> E,MAFA,28,Y,mature,Malacothamnus fasciculatus,Y,native,shrub,
16-Apr-19,ENH1,1,6,3,W -> E,MAFA,29,Y,mature,Malacothamnus fasciculatus,Y,native,shrub,
16-Apr-19,ENH1,1,6,3,W -> E,MAFA,30,Y,mature,Malacothamnus fasciculatus,Y,native,shrub,
16-Apr-19,ENH1,1,6,3,W -> E,MAFA,31,Y,mature,Malacothamnus fasciculatus,Y,native,shrub,
16-Apr-19,ENH1,1,6,3,W -> E,MAFA,32,Y,mature,Malacothamnus fasciculatus,Y,native,shrub,
16-Apr-19,ENH1,1,6,3,W -> E,MAFA,33,Y,mature,Malacothamnus fasciculatus,Y,native,shrub,
16-Apr-19,ENH1,1,6,3,W -> E,MAFA,34,Y,mature,Malacothamnus fasciculatus,Y,native,shrub,
16-Apr-19,ENH1,1,6,3,W -> E,MAFA,35,Y,mature,Malacothamnus fasciculatus,Y,native,shrub,
16-Apr-19,ENH1,1,6,3,W -> E,MAFA,36,Y,mature,Malacothamnus fasciculatus,Y,native,shrub,
16-Apr-19,ENH1,1,6,3,W -> E,MAFA,37,Y,mature,Malacothamnus fasciculatus,Y,native,shrub,
16-Apr-19,ENH1,1,6,3,W -> E,MAFA,38,Y,mature,Malacothamnus fasciculatus,Y,native,shrub,
16-Apr-19,ENH1,1,6,3,W -> E,MAFA,39,Y,mature,Malacothamnus fasciculatus,Y,native,shrub,
16-Apr-19,ENH1,1,6,3,W -> E,MAFA,40,Y,mature,Malacothamnus fasciculatus,Y,native,shrub,
16-Apr-19,ENH1,1,6,3,W -> E,MAFA,41,Y,mature,Malacothamnus fasciculatus,Y,native,shrub,
16-Apr-19,ENH1,1,6,3,W -> E,MAFA,42,Y,mature,Malacothamnus fasciculatus,Y,native,shrub,
16-Apr-19,ENH1,1,6,3,W -> E,MAFA,43,Y,mature,Malacothamnus fasciculatus,Y,native,shrub,
16-Apr-19,ENH1,1,6,3,W -> E,MAFA,44,Y,mature,Malacothamnus fasciculatus,Y,native,shrub,
16-Apr-19,ENH1,1,6,3,W -> E,MAFA,45,Y,mature,Malacothamnus fasciculatus,Y,native,shrub,
16-Apr-19,ENH1,1,6,3,W -> E,MAFA,46,Y,mature,Malacothamnus fasciculatus,Y,native,shrub,
16-Apr-19,ENH1,1,6,3,W -> E,MAFA,47,Y,mature,Malacothamnus fasciculatus,Y,native,shrub,
16-Apr-19,ENH1,1,6,3,W -> E,MAFA,48,Y,mature,Malacothamnus fasciculatus,Y,native,shrub,
16-Apr-19,ENH1,1,6,3,W -> E,MAFA,49,Y,mature,Malacothamnus fasciculatus,Y,native,shrub,
16-Apr-19,ENH1,1,6,3,W -> E,MAFA,50,Y,mature,Malacothamnus fasciculatus,Y,native,shrub,
16-Apr-19,ENH1,1,6,3,W -> E,MAFA,51,Y,mature,Malacothamnus fasciculatus,Y,native,shrub,
16-Apr-19,ENH1,1,6,3,W -> E,MAFA,52,Y,mature,Malacothamnus fasciculatus,Y,native,shrub,
16-Apr-19,ENH1,1,6,3,W -> E,MAFA,1,J,immature,Malacothamnus fasciculatus,N,native,shrub,
16-Apr-19,ENH1,1,6,3,W -> E,MAFA,2,J,immature,Malacothamnus fasciculatus,N,native,shrub,
16-Apr-19,ENH1,1,6,3,W -> E,MAFA,3,J,immature,Malacothamnus fasciculatus,N,native,shrub,
16-Apr-19,ENH1,1,6,3,W -> E,MAFA,4,J,immature,Malacothamnus fasciculatus,N,native,shrub,
16-Apr-19,ENH1,1,6,3,W -> E,MAFA,5,J,immature,Malacothamnus fasciculatus,N,native,shrub,
16-Apr-19,ENH1,1,6,3,W -> E,MAFA,6,J,immature,Malacothamnus fasciculatus,N,native,shrub,
16-Apr-19,ENH1,1,6,3,W -> E,MAFA,7,J,immature,Malacothamnus fasciculatus,N,native,shrub,
16-Apr-19,ENH1,1,6,3,W -> E,MAFA,8,J,immature,Malacothamnus fasciculatus,N,native,shrub,
16-Apr-19,ENH1,1,6,3,W -> E,MAFA,9,J,immature,Malacothamnus fasciculatus,N,native,shrub,
16-Apr-19,ENH1,1,6,3,W -> E,MAFA,10,J,immature,Malacothamnus fasciculatus,N,native,shrub,
16-Apr-19,ENH1,1,6,3,W -> E,MAFA,11,J,immature,Malacothamnus fasciculatus,N,native,shrub,
16-Apr-19,ENH1,1,6,3,W -> E,MAFA,12,J,immature,Malacothamnus fasciculatus,N,native,shrub,
15-Apr-19,DEG2,2,1,1,N -> S,MAMA,,,,Marah macrocarpa,,native,forb,
16-Apr-19,ENH1,1,5,2,,MAMA,,,,Marah macrocarpa,,native,forb,"June 28, 2022: Recorded as ""MAMA, N, Immature"" --> unclear if this was a typo and was suppose to be ""MAFA"" or if the ""N, immature"" was a) really for MAMA or b) accidental since it followed three immature MAFA or c) what SML is going with - it was meant for SALE which followed MAMA"
24-Apr-19,Intact1,INT1,1,1,N -> S,MAMA,,,,Marah macrocarpa,,native,forb,
24-Apr-19,Intact2,INT2,1,2,NE -> SW,MARA MACRO,,,,Marah macrocarpa,,native,forb,
17-Jun-19,Intact3,INT3,1,3,NE -> SW,MARA MACROCARPA,,,,Marah macrocarpa,,native,forb,
16-Apr-19,ENH1,1,6,3,W -> E,mama,,,,Marah macrocarpa,,,,
24-Apr-19,Intact2,INT2,1,2,NE -> SW,,,,,native plant outside of plot,,,,One ARCA seedling outside the plot
17-Jun-19,Intact3,INT3,1,3,NE -> SW,,,,,native plant outside of plot,,,,ELCO (Elymus condensatus) NEARBY
16-Apr-19,ENH1,1,4,1,W -> E,,,,,native plant outside of plot,,,,Acmispon outside the plot
16-Apr-19,ENH1,1,4,1,W -> E,,,,,native plant outside of plot,,,,"RHUS, N, juvenile, died back, resprouting, ~55 cm tall, located just outside the plot"
24-Apr-19,Intact1,INT1,1,1,N -> S,Pellaea andromedifolia,,,,Pellaea andromedifolia,,native,forb,unknown 2 - vine
24-Apr-19,Intact2,INT2,1,2,NE -> SW,UNKNOWN 2 - VINE,,,,Pellaea andromedifolia,,native,grass,
16-Apr-19,DEG1,1,1,1,S -> N,Phacelia,,,,Phacelia hubbyi,,native,forb,
16-Apr-19,DEG1,1,2,2,N -> S,phacelia,,,,Phacelia hubbyi,,native,forb,
16-Apr-19,DEG1,1,3,3,,Phacelia,,,,Phacelia hubbyi,,native,forb,
15-Apr-19,DEG2,2,1,1,N -> S,phacelia,,,,Phacelia hubbyi,,native,forb,
15-Apr-19,DEG2,2,3,3,N -> S,Phacelia,,,,Phacelia hubbyi,,native,forb,belt transect ran from the top of the hill to the bottom of the hill
16-Apr-19,ENH1,1,4,1,W -> E,phacelia,,,,Phacelia hubbyi,,native,forb,Belt transect data recorded from the top of the hill to the bottom of the hill
24-Apr-19,Intact2,INT2,1,2,NE -> SW,UNKNOWN 5 - BLUE AND WHITE FLOWERS,,,,Phacelia viscida,,native,forb,"Stephanie's best guess on July 2022 based on what we've previously seen at our sites - Look in ""2017 Plant Photo Dump"" folder"
17-Jun-19,Intact3,INT3,1,3,NE -> SW,UNKNOWN CHICKORY #2,,,,Rafinesquia californica,,,forb,Stephaniomeria? previously IDed as STVI. Then re-IDed to Malacothrix saxitilus. And then IDed (by iNaturalist) as Rafinesquia californica.
24-Apr-19,Intact1,INT1,1,1,N -> S,RHIL,1,J,immature,Rhamnus ilicifolia,N,native,shrub,
24-Apr-19,Intact1,INT1,1,1,N -> S,RHIL,1,y,mature,Rhamnus ilicifolia,Y,native,shrub,
24-Apr-19,Intact2,INT2,1,2,NE -> SW,RHIL,1,y,mature,Rhamnus ilicifolia,Y,native,shrub,
17-Jun-19,Intact3,INT3,1,3,NE -> SW,RHIL,1,R,resprout,Rhamnus ilicifolia,N,native,shrub,
17-Jun-19,Intact3,INT3,1,3,NE -> SW,RHIL,1,y,mature,Rhamnus ilicifolia,Y,native,shrub,
16-Apr-19,ENH1,1,5,2,,RHOV,2,J,immature,Rhus ovata,N,native,shrub,
16-Apr-19,ENH1,1,5,2,,RHOV,1,J,immature,Rhus ovata,N,native,shrub,
24-Apr-19,Intact1,INT1,1,1,N -> S,RHOV,1,J,immature,Rhus ovata,N,native,shrub,
24-Apr-19,Intact2,INT2,1,2,NE -> SW,RHOV,1,J,immature,Rhus ovata,N,native,shrub,
24-Apr-19,Intact2,INT2,1,2,NE -> SW,RHOV,1,y,mature,Rhus ovata,Y,native,shrub,
17-Jun-19,Intact3,INT3,1,3,NE -> SW,RHOV,1,S,seedling,Rhus ovata,N,native,shrub,
17-Jun-19,Intact3,INT3,1,3,NE -> SW,RHOV,1,y,mature,Rhus ovata,Y,native,shrub,
17-Jun-19,Intact3,INT3,1,3,NE -> SW,RHOV,2,y,mature,Rhus ovata,Y,native,shrub,
17-Jun-19,Intact3,INT3,1,3,NE -> SW,RHOV,3,y,mature,Rhus ovata,Y,native,shrub,
17-Jun-19,Intact3,INT3,1,3,NE -> SW,RHOV,4,y,mature,Rhus ovata,Y,native,shrub,
17-Jun-19,Intact3,INT3,1,3,NE -> SW,RHOV,5,y,mature,Rhus ovata,Y,native,shrub,
17-Jun-19,Intact3,INT3,1,3,NE -> SW,RHOV,6,y,mature,Rhus ovata,Y,native,shrub,
17-Jun-19,Intact3,INT3,1,3,NE -> SW,RHOV,7,y,mature,Rhus ovata,Y,native,shrub,
17-Jun-19,Intact3,INT3,1,3,NE -> SW,RHOV,8,y,mature,Rhus ovata,Y,native,shrub,
17-Jun-19,Intact3,INT3,1,3,NE -> SW,RHOV,9,y,mature,Rhus ovata,Y,native,shrub,
17-Jun-19,Intact3,INT3,1,3,NE -> SW,RHOV,1,D,dead,Rhus ovata,D,native,shrub,
16-Apr-19,ENH1,1,6,3,W -> E,RHOV,1,J,immature,Rhus ovata,N,native,shrub,
16-Apr-19,ENH1,1,6,3,W -> E,RHOV,1,J,immature,Rhus ovata,N,native,shrub,
16-Apr-19,ENH1,1,6,3,W -> E,RHOV,2,J,immature,Rhus ovata,N,native,shrub,
16-Apr-19,ENH1,1,4,1,W -> E,RHUS,1,Y,mature,Rhus ovata,Y,native,shrub,
16-Apr-19,DEG1,1,3,3,,SAAP,1,Y,mature,Salvia apiana,Y,native,shrub,
15-Apr-19,ENH2,2,4,1,N -> S,SAAP,1,Y,mature,Salvia apiana,Y,native,shrub,
16-Apr-19,DEG1,1,1,1,S -> N,SALE,1,Y,mature,Salvia leucophylla,Y,native,shrub,
16-Apr-19,DEG1,1,1,1,S -> N,SALE,2,Y,mature,Salvia leucophylla,Y,native,shrub,
16-Apr-19,DEG1,1,1,1,S -> N,SALE,3,Y,mature,Salvia leucophylla,Y,native,shrub,
16-Apr-19,DEG1,1,1,1,S -> N,SALE,4,Y,mature,Salvia leucophylla,Y,native,shrub,
16-Apr-19,DEG1,1,1,1,S -> N,SALE,5,Y,mature,Salvia leucophylla,Y,native,shrub,
16-Apr-19,DEG1,1,1,1,S -> N,SALE,6,Y,mature,Salvia leucophylla,Y,native,shrub,
16-Apr-19,DEG1,1,1,1,S -> N,SALE,7,Y,mature,Salvia leucophylla,Y,native,shrub,
16-Apr-19,DEG1,1,1,1,S -> N,SALE,8,Y,mature,Salvia leucophylla,Y,native,shrub,
16-Apr-19,DEG1,1,1,1,S -> N,SALE,9,Y,mature,Salvia leucophylla,Y,native,shrub,
16-Apr-19,DEG1,1,1,1,S -> N,SALE,10,Y,mature,Salvia leucophylla,Y,native,shrub,
16-Apr-19,DEG1,1,1,1,S -> N,SALE,11,Y,mature,Salvia leucophylla,Y,native,shrub,
16-Apr-19,DEG1,1,1,1,S -> N,SALE,1,J,immature,Salvia leucophylla,N,native,shrub,
16-Apr-19,DEG1,1,1,1,S -> N,SALE,2,J,immature,Salvia leucophylla,N,native,shrub,
16-Apr-19,DEG1,1,1,1,S -> N,SALE,12,Y,mature,Salvia leucophylla,Y,native,shrub,
16-Apr-19,DEG1,1,1,1,S -> N,SALE,13,Y,mature,Salvia leucophylla,Y,native,shrub,
16-Apr-19,DEG1,1,1,1,S -> N,SALE,14,Y,mature,Salvia leucophylla,Y,native,shrub,
16-Apr-19,DEG1,1,1,1,S -> N,SALE,3,J,immature,Salvia leucophylla,N,native,shrub,
16-Apr-19,DEG1,1,1,1,S -> N,SALE,15,Y,mature,Salvia leucophylla,Y,native,shrub,
16-Apr-19,DEG1,1,1,1,S -> N,SALE,16,Y,mature,Salvia leucophylla,Y,native,shrub,
16-Apr-19,DEG1,1,2,2,N -> S,SALE,1,Y,mature,Salvia leucophylla,Y,native,shrub,
16-Apr-19,DEG1,1,2,2,N -> S,SALE,2,Y,mature,Salvia leucophylla,Y,native,shrub,
16-Apr-19,DEG1,1,2,2,N -> S,SALE,3,Y,mature,Salvia leucophylla,Y,native,shrub,
16-Apr-19,DEG1,1,2,2,N -> S,SALE,4,Y,mature,Salvia leucophylla,Y,native,shrub,
16-Apr-19,DEG1,1,2,2,N -> S,SALE,5,Y,mature,Salvia leucophylla,Y,native,shrub,
16-Apr-19,DEG1,1,2,2,N -> S,SALE,6,Y,mature,Salvia leucophylla,Y,native,shrub,
16-Apr-19,DEG1,1,2,2,N -> S,SALE,7,Y,mature,Salvia leucophylla,Y,native,shrub,
16-Apr-19,DEG1,1,2,2,N -> S,SALE,8,Y,mature,Salvia leucophylla,Y,native,shrub,
16-Apr-19,DEG1,1,2,2,N -> S,SALE,9,Y,mature,Salvia leucophylla,Y,native,shrub,
16-Apr-19,DEG1,1,2,2,N -> S,SALE,10,Y,mature,Salvia leucophylla,Y,native,shrub,
16-Apr-19,DEG1,1,2,2,N -> S,SALE,11,Y,mature,Salvia leucophylla,Y,native,shrub,
16-Apr-19,DEG1,1,2,2,N -> S,SALE,12,Y,mature,Salvia leucophylla,Y,native,shrub,
16-Apr-19,DEG1,1,2,2,N -> S,SALE,13,Y,mature,Salvia leucophylla,Y,native,shrub,
16-Apr-19,DEG1,1,2,2,N -> S,SALE,1,J,immature,Salvia leucophylla,N,native,shrub,
16-Apr-19,DEG1,1,3,3,,SALE,1,R,resprout,Salvia leucophylla,N,native,shrub,resprout?
16-Apr-19,DEG1,1,3,3,,SALE,1,Y,mature,Salvia leucophylla,Y,native,shrub,
16-Apr-19,DEG1,1,3,3,,SALE,2,Y,mature,Salvia leucophylla,Y,native,shrub,
16-Apr-19,DEG1,1,3,3,,SALE,3,Y,mature,Salvia leucophylla,Y,native,shrub,
16-Apr-19,DEG1,1,3,3,,SALE,1,J,immature,Salvia leucophylla,N,native,shrub,
16-Apr-19,DEG1,1,3,3,,SALE,4,Y,mature,Salvia leucophylla,Y,native,shrub,
15-Apr-19,DEG2,2,1,1,N -> S,SALE,,Y,mature,Salvia leucophylla,Y,native,shrub,
15-Apr-19,DEG2,2,1,1,N -> S,SALE,,Y,mature,Salvia leucophylla,Y,native,shrub,
15-Apr-19,DEG2,2,1,1,N -> S,SALE,,Y,mature,Salvia leucophylla,Y,native,shrub,
15-Apr-19,DEG2,2,1,1,N -> S,SALE,,Y,mature,Salvia leucophylla,Y,native,shrub,
15-Apr-19,DEG2,2,2,2,S -> N,SALE,1,Y,mature,Salvia leucophylla,Y,native,shrub,
15-Apr-19,DEG2,2,2,2,S -> N,SALE,2,Y,mature,Salvia leucophylla,Y,native,shrub,
15-Apr-19,DEG2,2,2,2,S -> N,SALE,1,J,immature,Salvia leucophylla,N,native,shrub,
16-Apr-19,ENH1,1,4,1,W -> E,SALE,1,Y,mature,Salvia leucophylla,Y,native,shrub,
16-Apr-19,ENH1,1,4,1,W -> E,SALE,2,Y,mature,Salvia leucophylla,Y,native,shrub,
16-Apr-19,ENH1,1,4,1,W -> E,SALE,3,Y,mature,Salvia leucophylla,Y,native,shrub,
16-Apr-19,ENH1,1,4,1,W -> E,SALE,4,Y,mature,Salvia leucophylla,Y,native,shrub,
16-Apr-19,ENH1,1,4,1,W -> E,SALE,5,Y,mature,Salvia leucophylla,Y,native,shrub,
16-Apr-19,ENH1,1,4,1,W -> E,SALE,6,Y,mature,Salvia leucophylla,Y,native,shrub,
16-Apr-19,ENH1,1,4,1,W -> E,SALE,7,Y,mature,Salvia leucophylla,Y,native,shrub,
16-Apr-19,ENH1,1,4,1,W -> E,SALE,8,Y,mature,Salvia leucophylla,Y,native,shrub,
16-Apr-19,ENH1,1,4,1,W -> E,SALE,9,Y,mature,Salvia leucophylla,Y,native,shrub,
16-Apr-19,ENH1,1,5,2,,SALE,1,J,immature,Salvia leucophylla,N,native,shrub,
16-Apr-19,ENH1,1,5,2,,SALE,2,J,immature,Salvia leucophylla,N,native,shrub,
16-Apr-19,ENH1,1,5,2,,SALE,3,J,immature,Salvia leucophylla,N,native,shrub,
16-Apr-19,ENH1,1,5,2,,SALE,9,Y,mature,Salvia leucophylla,Y,native,shrub,
16-Apr-19,ENH1,1,5,2,,SALE,10,Y,mature,Salvia leucophylla,Y,native,shrub,
16-Apr-19,ENH1,1,5,2,,SALE,11,Y,mature,Salvia leucophylla,Y,native,shrub,
16-Apr-19,ENH1,1,5,2,,SALE,12,Y,mature,Salvia leucophylla,Y,native,shrub,
16-Apr-19,ENH1,1,5,2,,SALE,1,Y,mature,Salvia leucophylla,Y,native,shrub,
16-Apr-19,ENH1,1,5,2,,SALE,2,Y,mature,Salvia leucophylla,Y,native,shrub,
16-Apr-19,ENH1,1,5,2,,SALE,3,Y,mature,Salvia leucophylla,Y,native,shrub,
16-Apr-19,ENH1,1,5,2,,SALE,4,Y,mature,Salvia leucophylla,Y,native,shrub,
16-Apr-19,ENH1,1,5,2,,SALE,5,Y,mature,Salvia leucophylla,Y,native,shrub,
16-Apr-19,ENH1,1,5,2,,SALE,6,Y,mature,Salvia leucophylla,Y,native,shrub,
16-Apr-19,ENH1,1,5,2,,SALE,7,Y,mature,Salvia leucophylla,Y,native,shrub,
16-Apr-19,ENH1,1,5,2,,SALE,8,Y,mature,Salvia leucophylla,Y,native,shrub,
16-Apr-19,ENH1,1,5,2,,SALE,13,Y,mature,Salvia leucophylla,Y,native,shrub,
16-Apr-19,ENH1,1,5,2,,SALE,14,Y,mature,Salvia leucophylla,Y,native,shrub,
16-Apr-19,ENH1,1,5,2,,SALE,15,Y,mature,Salvia leucophylla,Y,native,shrub,
16-Apr-19,ENH1,1,5,2,,SALE,16,Y,mature,Salvia leucophylla,Y,native,shrub,
16-Apr-19,ENH1,1,5,2,,SALE,17,Y,mature,Salvia leucophylla,Y,native,shrub,
16-Apr-19,ENH1,1,5,2,,SALE,18,Y,mature,Salvia leucophylla,Y,native,shrub,
16-Apr-19,ENH1,1,6,3,W -> E,SALE,,Y,mature,Salvia leucophylla,Y,native,shrub,
15-Apr-19,ENH2,2,5,2,NW -> SE,SALE,,Y,mature,Salvia leucophylla,Y,native,shrub,
15-Apr-19,ENH2,2,6,3,E -> W,SALE,1,Y,mature,Salvia leucophylla,Y,native,shrub,
15-Apr-19,ENH2,2,6,3,E -> W,SALE,2,Y,mature,Salvia leucophylla,Y,native,shrub,
15-Apr-19,ENH2,2,6,3,E -> W,SALE,3,Y,mature,Salvia leucophylla,Y,native,shrub,
15-Apr-19,ENH2,2,6,3,E -> W,SALE,4,Y,mature,Salvia leucophylla,Y,native,shrub,
15-Apr-19,ENH2,2,6,3,E -> W,SALE,5,Y,mature,Salvia leucophylla,Y,native,shrub,
15-Apr-19,ENH2,2,6,3,E -> W,SALE,6,Y,mature,Salvia leucophylla,Y,native,shrub,
15-Apr-19,ENH2,2,6,3,E -> W,SALE,7,Y,mature,Salvia leucophylla,Y,native,shrub,
15-Apr-19,ENH2,2,6,3,E -> W,SALE,1,J,immature,Salvia leucophylla,N,native,shrub,
24-Apr-19,Intact1,INT1,1,1,N -> S,SALE,1,J,immature,Salvia leucophylla,N,native,shrub,
24-Apr-19,Intact1,INT1,1,1,N -> S,SALE,2,J,immature,Salvia leucophylla,N,native,shrub,
24-Apr-19,Intact1,INT1,1,1,N -> S,SALE,3,J,immature,Salvia leucophylla,N,native,shrub,
24-Apr-19,Intact1,INT1,1,1,N -> S,SALE,4,J,immature,Salvia leucophylla,N,native,shrub,
24-Apr-19,Intact1,INT1,1,1,N -> S,SALE,5,J,immature,Salvia leucophylla,N,native,shrub,
24-Apr-19,Intact1,INT1,1,1,N -> S,SALE,6,J,immature,Salvia leucophylla,N,native,shrub,
24-Apr-19,Intact1,INT1,1,1,N -> S,SALE,1,y,mature,Salvia leucophylla,Y,native,shrub,
24-Apr-19,Intact1,INT1,1,1,N -> S,SALE,2,y,mature,Salvia leucophylla,Y,native,shrub,
24-Apr-19,Intact2,INT2,1,2,NE -> SW,SALE,1,J,immature,Salvia leucophylla,N,native,shrub,
24-Apr-19,Intact2,INT2,1,2,NE -> SW,SALE,2,J,immature,Salvia leucophylla,N,native,shrub,
24-Apr-19,Intact2,INT2,1,2,NE -> SW,SALE,3,J,immature,Salvia leucophylla,N,native,shrub,
24-Apr-19,Intact2,INT2,1,2,NE -> SW,SALE,1,Y,mature,Salvia leucophylla,Y,native,shrub,
24-Apr-19,Intact2,INT2,1,2,NE -> SW,SALE,2,Y,mature,Salvia leucophylla,Y,native,shrub,
24-Apr-19,Intact2,INT2,1,2,NE -> SW,SALE,3,Y,mature,Salvia leucophylla,Y,native,shrub,
24-Apr-19,Intact2,INT2,1,2,NE -> SW,SALE,4,Y,mature,Salvia leucophylla,Y,native,shrub,
24-Apr-19,Intact2,INT2,1,2,NE -> SW,SALE,5,Y,mature,Salvia leucophylla,Y,native,shrub,
24-Apr-19,Intact2,INT2,1,2,NE -> SW,SALE,6,Y,mature,Salvia leucophylla,Y,native,shrub,
24-Apr-19,Intact2,INT2,1,2,NE -> SW,SALE,7,Y,mature,Salvia leucophylla,Y,native,shrub,
24-Apr-19,Intact2,INT2,1,2,NE -> SW,SALE,8,Y,mature,Salvia leucophylla,Y,native,shrub,
24-Apr-19,Intact2,INT2,1,2,NE -> SW,SALE,9,Y,mature,Salvia leucophylla,Y,native,shrub,
24-Apr-19,Intact2,INT2,1,2,NE -> SW,SALE,10,Y,mature,Salvia leucophylla,Y,native,shrub,
24-Apr-19,Intact2,INT2,1,2,NE -> SW,SALE,11,Y,mature,Salvia leucophylla,Y,native,shrub,
24-Apr-19,Intact2,INT2,1,2,NE -> SW,SALE,12,Y,mature,Salvia leucophylla,Y,native,shrub,
24-Apr-19,Intact2,INT2,1,2,NE -> SW,SALE,13,Y,mature,Salvia leucophylla,Y,native,shrub,
24-Apr-19,Intact2,INT2,1,2,NE -> SW,SALE,14,Y,mature,Salvia leucophylla,Y,native,shrub,
24-Apr-19,Intact2,INT2,1,2,NE -> SW,SALE,15,Y,mature,Salvia leucophylla,Y,native,shrub,
24-Apr-19,Intact2,INT2,1,2,NE -> SW,SALE,16,Y,mature,Salvia leucophylla,Y,native,shrub,
17-Jun-19,Intact3,INT3,1,3,NE -> SW,SALE,1,J,immature,Salvia leucophylla,N,native,shrub,
17-Jun-19,Intact3,INT3,1,3,NE -> SW,SALE,2,J,immature,Salvia leucophylla,N,native,shrub,
17-Jun-19,Intact3,INT3,1,3,NE -> SW,SALE,3,J,immature,Salvia leucophylla,N,native,shrub,
17-Jun-19,Intact3,INT3,1,3,NE -> SW,SALE,4,J,immature,Salvia leucophylla,N,native,shrub,
17-Jun-19,Intact3,INT3,1,3,NE -> SW,SALE,5,J,immature,Salvia leucophylla,N,native,shrub,
17-Jun-19,Intact3,INT3,1,3,NE -> SW,SALE,6,J,immature,Salvia leucophylla,N,native,shrub,
17-Jun-19,Intact3,INT3,1,3,NE -> SW,SALE,7,J,immature,Salvia leucophylla,N,native,shrub,
17-Jun-19,Intact3,INT3,1,3,NE -> SW,SALE,8,J,immature,Salvia leucophylla,N,native,shrub,
17-Jun-19,Intact3,INT3,1,3,NE -> SW,SALE,9,J,immature,Salvia leucophylla,N,native,shrub,
17-Jun-19,Intact3,INT3,1,3,NE -> SW,SALE,10,J,immature,Salvia leucophylla,N,native,shrub,
17-Jun-19,Intact3,INT3,1,3,NE -> SW,SALE,11,J,immature,Salvia leucophylla,N,native,shrub,
17-Jun-19,Intact3,INT3,1,3,NE -> SW,SALE,1,S,seedling,Salvia leucophylla,N,native,shrub,
17-Jun-19,Intact3,INT3,1,3,NE -> SW,SALE,2,S,seedling,Salvia leucophylla,N,native,shrub,
17-Jun-19,Intact3,INT3,1,3,NE -> SW,SALE,1,y,mature,Salvia leucophylla,Y,native,shrub,
17-Jun-19,Intact3,INT3,1,3,NE -> SW,SALE,2,y,mature,Salvia leucophylla,Y,native,shrub,
17-Jun-19,Intact3,INT3,1,3,NE -> SW,SALE,3,y,mature,Salvia leucophylla,Y,native,shrub,
17-Jun-19,Intact3,INT3,1,3,NE -> SW,SALE,4,y,mature,Salvia leucophylla,Y,native,shrub,
17-Jun-19,Intact3,INT3,1,3,NE -> SW,SALE,5,y,mature,Salvia leucophylla,Y,native,shrub,
17-Jun-19,Intact3,INT3,1,3,NE -> SW,SALE,6,y,mature,Salvia leucophylla,Y,native,shrub,
17-Jun-19,Intact3,INT3,1,3,NE -> SW,SALE,7,y,mature,Salvia leucophylla,Y,native,shrub,
17-Jun-19,Intact3,INT3,1,3,NE -> SW,SALE,8,y,mature,Salvia leucophylla,Y,native,shrub,
17-Jun-19,Intact3,INT3,1,3,NE -> SW,SALE,9,y,mature,Salvia leucophylla,Y,native,shrub,
16-Apr-19,ENH1,1,6,3,W -> E,SALE,1,Y,mature,Salvia leucophylla,Y,native,shrub,
16-Apr-19,ENH1,1,6,3,W -> E,SALE,2,Y,mature,Salvia leucophylla,Y,native,shrub,
16-Apr-19,ENH1,1,6,3,W -> E,SALE,1,Y,mature,Salvia leucophylla,Y,native,shrub,
16-Apr-19,ENH1,1,6,3,W -> E,SALE,1,Y,mature,Salvia leucophylla,Y,native,shrub,
16-Apr-19,ENH1,1,6,3,W -> E,SALE,2,Y,mature,Salvia leucophylla,Y,native,shrub,
16-Apr-19,ENH1,1,6,3,W -> E,SALE,3,Y,mature,Salvia leucophylla,Y,native,shrub,
16-Apr-19,ENH1,1,6,3,W -> E,SALE,1,J,immature,Salvia leucophylla,N,native,shrub,
16-Apr-19,ENH1,1,6,3,W -> E,SALE,2,J,immature,Salvia leucophylla,N,native,shrub,
16-Apr-19,ENH1,1,6,3,W -> E,SALE,1,y,mature,Salvia leucophylla,Y,native,shrub,
16-Apr-19,ENH1,1,6,3,W -> E,SALE,1,Y,mature,Salvia leucophylla,Y,native,shrub,
16-Apr-19,ENH1,1,6,3,W -> E,SALE,2,Y,mature,Salvia leucophylla,Y,native,shrub,
16-Apr-19,ENH1,1,6,3,W -> E,SALE,3,Y,mature,Salvia leucophylla,Y,native,shrub,
16-Apr-19,ENH1,1,6,3,W -> E,SALE,1,Y,mature,Salvia leucophylla,Y,native,shrub,
16-Apr-19,ENH1,1,6,3,W -> E,SALE,1,Y,mature,Salvia leucophylla,Y,native,shrub,
16-Apr-19,ENH1,1,6,3,W -> E,SALE,2,Y,mature,Salvia leucophylla,Y,native,shrub,
16-Apr-19,ENH1,1,6,3,W -> E,SALE,1,Y,mature,Salvia leucophylla,Y,native,shrub,
16-Apr-19,ENH1,1,6,3,W -> E,SALE,2,Y,mature,Salvia leucophylla,Y,native,shrub,
16-Apr-19,ENH1,1,4,1,W -> E,Sambucs nigra,1,N,immature,Sambucs nigra,N,native,shrub,"died back, new growth, no flowers yet, Elderberry"
16-Apr-19,ENH1,1,5,2,,SOXA,,,,Solanum xanti,,native,forb,
17-Jun-19,Intact3,INT3,1,3,NE -> SW,SOXA,,,,Solanum xanti,,native,forb,
16-Apr-19,ENH1,1,6,3,W -> E,soxa,,,,Solanum xanti,,,,
16-Apr-19,ENH1,1,5,2,,Grindelia (?) / Stephanomeria,,,,Stephanomeria virgata,,native,forb,"June 28, 2022 - Sunny said ""Not sure if we had gindelia out at Piru"""
15-Apr-19,DEG2,2,1,1,N -> S,Stephanomeria,,,,Stephanomeria virgata,,native,forb,
16-Apr-19,ENH1,1,4,1,W -> E,Stephanomeria,,,,Stephanomeria virgata,,native,forb,
24-Apr-19,Intact1,INT1,1,1,N -> S,stephanomeria,,,,Stephanomeria virgata,,native,forb,
24-Apr-19,Intact2,INT2,1,2,NE -> SW,STEPHANOMERIA,,,,Stephanomeria virgata,,native,forb,
15-Apr-19,DEG2,2,2,2,S -> N,Unknown 3,,,,Unknown 3 Grindelia?,,native,forb,"Grindelia (?). June 28,2022: could it be Stephanomeria?"
16-Apr-19,ENH1,1,5,2,,STLE,,,,Stipa lepida,,native,grass,
24-Apr-19,Intact1,INT1,1,1,N -> S,STLE,,,,Stipa lepida,,native,grass,
24-Apr-19,Intact2,INT2,1,2,NE -> SW,STLE,,,,Stipa lepida,,native,grass,
17-Jun-19,Intact3,INT3,1,3,NE -> SW,STLE,,,,Stipa lepida,,native,grass,
16-Apr-19,ENH1,1,4,1,W -> E,stle,,,,Stipa lepida,,,,
16-Apr-19,ENH1,1,6,3,W -> E,stle,,,,Stipa lepida,,,,
24-Apr-19,Intact2,INT2,1,2,NE -> SW,LACE POD MUSTARD,,,,Thysanocarpus curvipes,,native,forb,
15-Apr-19,DEG2,2,3,3,N -> S,Thysanocarpus,,,,Thysanocarpus curvipes,,native,forb,belt transect ran from the top of the hill to the bottom of the hill
15-Apr-19,DEG2,2,2,2,S -> N,Thysanocarpus ,,,,Thysanocarpus curvipes,,native,forb,lace pod mustard
16-Apr-19,ENH1,1,5,2,,Thysanocarpus ,,,,Thysanocarpus curvipes,,native,forb,
16-Apr-19,DEG1,1,2,2,N -> S,trifolium,,,,Trifolium gracilentum,,native,forb,"3-leaved white-green leaves, also in Nate Mooi's seed bank study"
16-Apr-19,DEG1,1,1,1,S -> N,Trifolium (?),,,,Trifolium gracilentum,,native,forb,Could also be Trifolium willdenovii. Trifolium gracilentum was found in the seedbank at Plot6 0-4 cm (char)
15-Apr-19,DEG2,2,2,2,S -> N,Trifolium (?),,,,Trifolium gracilentum,,native,forb,
16-Apr-19,ENH1,1,5,2,,Trifolium unknown,,,,Trifolium gracilentum,,native,forb,
15-Apr-19,DEG2,2,1,1,N -> S,unknown trifolium,,,,Trifolium gracilentum,,,,popped up in greenhouse seed bank
15-Apr-19,ENH2,2,6,3,E -> W,Unknown shrub 1,1,Y,mature,unknown shrub,Y,,,looks like ARCA/chamise
24-Apr-19,Intact2,INT2,1,2,NE -> SW,SILVER PUFFS,,,,Uropappus lindleyi,,native,forb,
16-Apr-19,ENH1,1,5,2,,unknown Aster,,, ,Uropappus lindleyi,,,,unknown forb (Aster Family)
16-Apr-19,ENH1,1,6,3,W -> E,unknown Aster - nonnative,,,,Uropappus lindleyi,,native,forb,unknown forb (Aster Family)
16-Apr-19,ENH1,1,4,1,W -> E,unknown non-aster with yellow flowers,,,,Uropappus lindleyi,,,,took a picture and a sample
16-Apr-19,ENH1,1,4,1,W -> E,unknown non-aster with yellow flowers,,,,Uropappus lindleyi,,,,took a picture and a sample
30-Nov-17,Intact4,INT4,1,,,HEAR,,,,Heteromeles arbutifolia,,,,
30-Nov-17,Intact4,INT4,1,,,unknown pretty seed (U.P.S.),,,,Unknown pretty seed,,,,
30-Nov-17,Intact4,INT4,1,,,MAMA,,,,Marah macrocarpa,,,,
30-Nov-17,Intact4,INT4,1,,,CEOL,,,,Ceanothus oliganthus,,,,
30-Nov-17,Intact4,INT4,1,,,BRDI,,,,Bromus diandrus,,,,
30-Nov-17,Intact4,INT4,1,,,BRMA,,,,Bromus madritensis,,,,BRMA is now called BRRU
30-Nov-17,Intact4,INT4,1,,,CEME,,,,Centaria melitensis,,,,
15-Apr-19,DEG2,2,1,1,N -> S,AVBA,,,,Avena Barbara,,,,
15-Apr-19,DEG2,2,1,1,N -> S,BRDI,,,,Bromus diandrus,,,,
15-Apr-19,DEG2,2,1,1,N -> S,BRRU,,,,Bromus rubens,,,,
15-Apr-19,DEG2,2,1,1,N -> S,ERCI,,,,Erodium cicutarium,,,,
15-Apr-19,DEG2,2,1,1,N -> S,HIIN,,,,Hirschfeldia incanna,,,,
15-Apr-19,DEG2,2,2,2,S -> N,Stephanomeria (close by the point intercept transect line),,,,Stephanomeria virgata,,,,
15-Apr-19,DEG2,2,2,2,S -> N,ACMA,,,,Acmispon maritimus,,,,
15-Apr-19,DEG2,2,2,2,S -> N,AVBA,,,,Avena barbata,,,,
15-Apr-19,DEG2,2,2,2,S -> N,BRRU,,,,Bromus rubens,,,,
15-Apr-19,DEG2,2,2,2,S -> N,ERCI,,,,Erodium cicutarium,,,,
15-Apr-19,DEG2,2,2,2,S -> N,HIIN,,,,Hirschfeldia incanna,,,,
15-Apr-19,DEG2,2,2,2,S -> N,lupin,,,,Lupinus spp. ,,,,
15-Apr-19,DEG2,2,2,2,S -> N,unknown forb 2,,,,Pterostegia drymarioides,,,,
15-Apr-19,DEG2,2,3,3,N -> S,avba,,,,Avena barbata,,,,
15-Apr-19,DEG2,2,3,3,N -> S,brru,,,,Bromus rubens,,,,
15-Apr-19,DEG2,2,3,3,N -> S,dica,,,,Dipterostemon capitatus,,,,
15-Apr-19,DEG2,2,3,3,N -> S,elco,,,,Elymus condensatus,,,,
15-Apr-19,DEG2,2,3,3,N -> S,erci,,,,Eriodictyon crassifolium,,,,
15-Apr-19,DEG2,2,3,3,N -> S,hiin,,,,Hirschfeldia incana,,,,
15-Apr-19,DEG2,2,3,3,N -> S,lupin spp.,,,,Lupinus spp. ,,,,
15-Apr-19,ENH2,2,4,1,N -> S,BRDI,,,,Bromus diandrus,,,,
15-Apr-19,ENH2,2,4,1,N -> S,BRHO,,,,Bromus hordeaceus,,,,
15-Apr-19,ENH2,2,4,1,N -> S,SOXA,,,,Solanum xanti,,,,
15-Apr-19,ENH2,2,4,1,N -> S,AVBA,,,,Avena barbata,,,,
15-Apr-19,ENH2,2,4,1,N -> S,BRMA = BRRU,,,,Bromus rubens,,,,
15-Apr-19,ENH2,2,4,1,N -> S,ACGL,,,,Acmispon glaber,,,,
15-Apr-19,ENH2,2,4,1,N -> S,unknown forb 1 (CEME),,,,Centaria melitensis,,,,
15-Apr-19,ENH2,2,4,1,N -> S,ERCI,,,,Eriodium cicutarium,,,,
15-Apr-19,ENH2,2,4,1,N -> S,lupin,,,,Lupinus spp. ,,,,
15-Apr-19,ENH2,2,4,1,N -> S,"Metacago polymorpha (burr clover) - identifiable in the photo of unknown forb 1 , taken on april 15, 2019",,,,Medicago polymorpha,,,,
15-Apr-19,ENH2,2,5,2,NW -> SE,acgl,,,,Acmispon glaber,,,,
15-Apr-19,ENH2,2,5,2,NW -> SE,avba,,,,Avena barbata,,,,
15-Apr-19,ENH2,2,5,2,NW -> SE,brho,,,,Bromus hordeaceus,,,,
15-Apr-19,ENH2,2,5,2,NW -> SE,brru,,,,Bromus rubens,,,,
15-Apr-19,ENH2,2,5,2,NW -> SE,ceme,,,,Centaria melitensis,,,,
15-Apr-19,ENH2,2,5,2,NW -> SE,hiin,,,,Hirschfeldia incanna,,,,
15-Apr-19,ENH2,2,5,2,NW -> SE,unknown forb 2 = ptedrymarioides,,,,Pterostegia drymarioides,,,,
15-Apr-19,ENH2,2,6,3,E -> W,ceme,,,,Centaria melitensis,,,,
15-Apr-19,ENH2,2,6,3,E -> W,brho,,,,Bromus hordeaceus,,,,
15-Apr-19,ENH2,2,6,3,E -> W,avba,,,,Avena barbata,,,,
15-Apr-19,ENH2,2,6,3,E -> W,brdi,,,,Bromus diandrus,,,,
15-Apr-19,ENH2,2,6,3,E -> W,brma = brru,,,,Bromus rubens,,,,